title,body,date,url,subreddit,body_cleaned
"great security from insulet here, the omnipod dash pdm can run doom! (and also full android)(old.reddit.com)","this is possible because the absolute geniuses (/s) over at insulet decided to add no partition verification, so with nothing but a microusb cable and a copy of mtkclient, you can just flash whatever the hell you want on the pdm.apparently the omnipod 5 app wont work if you unlock your phone's bootloader, ironic that insulet seems to care there but theres absolutely no form of bootloader locking on the dash pdmive modified insulet's stock software (which is android based) to get android stuff mostly working, and that preserves pod functionality, however with a spare pdm i had, i wanted to see if i could get a full custom rom on it, by modifying a device tree i found on github designed for a bootleg iphone xs max, and within a few hours i had lineageos booting on itit's android 7.1.2, and i probably wont be able to get anything newer due to insulet's refusal to share kernel source (which is illegal btw! it violates the GPL)i would share a link to the xda thread here, but im not sure if that goes against this subreddit's advertising rules, and plus i dont want someone to install this on their main pdm (you should not do that!! it is extremely dangerous!), plus the main reason i'm creating this thread is to spread awareness that the dash pdm is not safe (again, all you need is a microusb cable, and a laptop with mtkclient, and you can flash literally whatever you want on it!! that is EXTREMELY dangerous and im not sure how it got past health canada's regulations and the equivalents for other countries)moral of the story, insulet sucks",2026-06-09,https://old.reddit.com/r/diabetes/comments/1u1k75v/great_security_from_insulet_here_the_omnipod_dash/,diabetes,"this is possible because the absolute geniuses s over at insulet decided to add no partition verification, so with nothing but a microusb cable and a copy of mtkclient, you can just flash whatever the hell you want on the pdm.apparently the omnipod 5 app wont work if you unlock your phone's bootloader, ironic that insulet seems to care there but theres absolutely no form of bootloader locking on the dash pdmive modified insulet's stock software which is android based to get android stuff mostly working, and that preserves pod functionality, however with a spare pdm i had, i wanted to see if i could get a full custom rom on it, by modifying a device tree i found on github designed for a bootleg iphone xs max, and within a few hours i had lineageos booting on itit's android 7.1.2, and i probably wont be able to get anything newer due to insulet's refusal to share kernel source which is illegal btw! it violates the GPL i would share a link to the xda thread here, but im not sure if that goes against this subreddit's advertising rules, and plus i dont want someone to install this on their main pdm you should not do that!! it is extremely dangerous! , plus the main reason i'm creating this thread is to spread awareness that the dash pdm is not safe again, all you need is a microusb cable, and a laptop with mtkclient, and you can flash literally whatever you want on it!! that is EXTREMELY dangerous and im not sure how it got past health canada's regulations and the equivalents for other countries moral of the story, insulet sucks"
Can someone help me understand my lab results?(i.redd.it),"Hi everyone!I'm a 26-year-old woman who's completely new to all of this.About two months ago, I had some routine blood work done (not the lab results shown in the image). My fasting glucose came back at 113 mg/dL and my HbA1c was 11.6%, which seemed extremely high. The day before that blood test, I donated blood, and since my CBC was also abnormal afterward, I assumed the HbA1c result might have been affected by that.Yesterday, two months later, I decided to get another set of labs done to clear up my doubts. Unfortunately, the results weren't any more reassuring (the image attached is from the new lab work). My fasting glucose was 120 mg/dL and my HbA1c came back at 10.7%, after a 12-hour fast.I work as an administrative assistant in a hospital, so these tests weren't ordered by a doctor. I decided to get them done on my own. I do have my first appointment with an endocrinologist scheduled in a few weeks, but I won't lie: I'm feeling pretty scared and anxious right now.I'm posting here hoping that maybe this community can help me understand what's going on a little better.Can a relatively moderate fasting glucose level be associated with such a high HbA1c?Based on these results alone, would it be reasonable to assume that I have diabetes?And if it is diabetes, is it possible to improve or reverse these numbers and live a normal life, potentially without medication?I'm completely ignorant when it comes to this topic, so I apologize if any of my questions sound silly or offensive.Thank you very much if you took the time to read all of this.",2026-06-09,https://old.reddit.com/r/diabetes/comments/1u1jof5/can_someone_help_me_understand_my_lab_results/,diabetes,"Hi everyone!I'm a 26-year-old woman who's completely new to all of this.About two months ago, I had some routine blood work done not the lab results shown in the image . My fasting glucose came back at 113 mg dL and my HbA1c was 11.6 , which seemed extremely high. The day before that blood test, I donated blood, and since my CBC was also abnormal afterward, I assumed the HbA1c result might have been affected by that.Yesterday, two months later, I decided to get another set of labs done to clear up my doubts. Unfortunately, the results weren't any more reassuring the image attached is from the new lab work . My fasting glucose was 120 mg dL and my HbA1c came back at 10.7 , after a 12-hour fast.I work as an administrative assistant in a hospital, so these tests weren't ordered by a doctor. I decided to get them done on my own. I do have my first appointment with an endocrinologist scheduled in a few weeks, but I won't lie I'm feeling pretty scared and anxious right now.I'm posting here hoping that maybe this community can help me understand what's going on a little better.Can a relatively moderate fasting glucose level be associated with such a high HbA1c?Based on these results alone, would it be reasonable to assume that I have diabetes?And if it is diabetes, is it possible to improve or reverse these numbers and live a normal life, potentially without medication?I'm completely ignorant when it comes to this topic, so I apologize if any of my questions sound silly or offensive.Thank you very much if you took the time to read all of this."
"7.1 to 5.7 a1c (CGM), 240 to 232 lbs, and 150 to 90 fasting glucose in 4 weeks, no glucose meds","male white 43, 5’ 10. prediabetic for a year, diagnosed at 7.1 a1c a month a ago.took me quite a while to find a diet that worked for me, with the key being that there was no way I could eat less (i’m a stress eater) so I’d have to find a way to get full faster. but here it is:1-2 chicken breasts and 6-10 hard boiled eggs whites (more eggs if less chicken) OR 2 tins of fish and hard boiled eggs. 2-3 egg yolks per week (I’m a cholesterol hyperabsorber) or sashimi2 cups nonfat Greek yogurt mixed with about 2 total pints of blackberries and/or raspberries1-2 cups 1% cottage cheese2-3 T sunflower and/or pumpkin seeds5-10 almondsfew pickle spears1 avocadoa salad or some kind of sautéed greenslotta water / seltzer1-2 cups coffee1 “cheat” per week - a slice of pizza, some ice cream, steak instead of chicken, etc, but only after I’m loaded with protein to keep down the spike and I take a 15 min walk after. Might go up to 150-160 at most. and I don’t do a whole cheat day just because it makes the carb cravings come back and it’s easy to then lose a week’s worth of calorie deficit in just a few hours!this comes out to 1800-2300 calories per day.main downside of the diet is the salt is on the high side, but my BP meds are keeping me ok and losing the weight and getting sugar under control ASAP was more important. also it’s pretty expensive (b/c of quantity of meat and berries) but i am fortunately able to swing it (though not by much!)",2026-06-09,https://old.reddit.com/r/diabetes/comments/1u1j741/71_to_57_a1c_cgm_240_to_232_lbs_and_150_to_90/,diabetes,"male white 43, 5 10. prediabetic for a year, diagnosed at 7.1 a1c a month a ago.took me quite a while to find a diet that worked for me, with the key being that there was no way I could eat less i m a stress eater so I d have to find a way to get full faster. but here it is 1-2 chicken breasts and 6-10 hard boiled eggs whites more eggs if less chicken OR 2 tins of fish and hard boiled eggs. 2-3 egg yolks per week I m a cholesterol hyperabsorber or sashimi2 cups nonfat Greek yogurt mixed with about 2 total pints of blackberries and or raspberries1-2 cups 1 cottage cheese2-3 T sunflower and or pumpkin seeds5-10 almondsfew pickle spears1 avocadoa salad or some kind of sautéed greenslotta water seltzer1-2 cups coffee1 cheat per week - a slice of pizza, some ice cream, steak instead of chicken, etc, but only after I m loaded with protein to keep down the spike and I take a 15 min walk after. Might go up to 150-160 at most. and I don t do a whole cheat day just because it makes the carb cravings come back and it s easy to then lose a week s worth of calorie deficit in just a few hours!this comes out to 1800-2300 calories per day.main downside of the diet is the salt is on the high side, but my BP meds are keeping me ok and losing the weight and getting sugar under control ASAP was more important. also it s pretty expensive b c of quantity of meat and berries but i am fortunately able to swing it though not by much!"
Leaders resign from ADA after being thrown out by cops for distributing an editorial,"Leaders Resign From ADA After Experts Booted From Meeting — Resignations included the organization's president-elect and scientific sessions chair[edit: looks like I can't edit the post title, but the leaders who resigned aren't the same ones who were booted from the meeting--thanks to a redditor for pointing this out]The resignations come amid a flood of support for the five experts -- referred to as the ""New Orleans five"" -- who were kicked out of the meeting for sharing printed copies of aneditorialin the ADA's flagship journalDiabetes Care.Dozens of attendees walked out of the presidential plenary on Sunday morning, during which ADA Chief Scientific and Medical Officer Rita Kalyani, MD, and ADA President of Medicine & Science Enrique Caballero, MD, were set to speak. They held a sign that read, ""We stand with science.""Buse said Kahn and the other four experts were quietly and respectfully handing out copies of the papers. ""There were no protests, no speeches, no placards, no bullhorns,"" Buse said, ""but within minutes they were escorted out of the building and banned from returning.""He called on ADA to apologize to the researchers, and for attendees to applaud Kahn's ""standing up for science,"" which prompted a standing ovation from the crowd, as shown in a video provided toMedPage Today.David Nathan, MD, of Massachusetts General Hospital and Harvard Medical School in Boston . . .  told a podcaster who shared the comments withMedPage Todaythat in his 50 years as a member of ADA, the decision to eject Kahn and four others from the meeting was ""the single most destructive thing"" that has happened in that time.An earlier article reported that one expert was shoved by an officer, while a plainclothes security agent ripped the editorials from another scientist's hands. A non-violent conduct violation by respected, established scientists should incur something like a verbal warning, not a rough removal by police.Scientific research into diabetes is absolutely crucial. Those of us facing the frustrations of this difficult disease know this intimately.Here's the editorial in question. It's thoughtful, responsible, and backed up by sources. Not some fiery, partisan diatribe. Worth a read if you want to know how this adminstration's policies are affecting research and treatment efforts for diabetes.",2026-06-09,https://old.reddit.com/r/diabetes/comments/1u1bxf5/leaders_resign_from_ada_after_being_thrown_out_by/,diabetes,"Leaders Resign From ADA After Experts Booted From Meeting Resignations included the organization's president-elect and scientific sessions chair edit looks like I can't edit the post title, but the leaders who resigned aren't the same ones who were booted from the meeting--thanks to a redditor for pointing this out The resignations come amid a flood of support for the five experts -- referred to as the ""New Orleans five"" -- who were kicked out of the meeting for sharing printed copies of aneditorialin the ADA's flagship journalDiabetes Care.Dozens of attendees walked out of the presidential plenary on Sunday morning, during which ADA Chief Scientific and Medical Officer Rita Kalyani, MD, and ADA President of Medicine Science Enrique Caballero, MD, were set to speak. They held a sign that read, ""We stand with science.""Buse said Kahn and the other four experts were quietly and respectfully handing out copies of the papers. ""There were no protests, no speeches, no placards, no bullhorns,"" Buse said, ""but within minutes they were escorted out of the building and banned from returning.""He called on ADA to apologize to the researchers, and for attendees to applaud Kahn's ""standing up for science,"" which prompted a standing ovation from the crowd, as shown in a video provided toMedPage Today.David Nathan, MD, of Massachusetts General Hospital and Harvard Medical School in Boston . . . told a podcaster who shared the comments withMedPage Todaythat in his 50 years as a member of ADA, the decision to eject Kahn and four others from the meeting was ""the single most destructive thing"" that has happened in that time.An earlier article reported that one expert was shoved by an officer, while a plainclothes security agent ripped the editorials from another scientist's hands. A non-violent conduct violation by respected, established scientists should incur something like a verbal warning, not a rough removal by police.Scientific research into diabetes is absolutely crucial. Those of us facing the frustrations of this difficult disease know this intimately.Here's the editorial in question. It's thoughtful, responsible, and backed up by sources. Not some fiery, partisan diatribe. Worth a read if you want to know how this adminstration's policies are affecting research and treatment efforts for diabetes."
Can insulin needles be used for other drugs?,I am type one and not using this question to see if I can shoot up drugs 😅I was recently in another subreddit where someone was claiming they used insulin needles to shoot up. I have always been told since Insulin is put in the fatty parts of our skin it isn’t deep enough for intravenous drugs.Is this true? Does this work not only for pen needles but the needles we use for insulin pumps or vials? Are there any drugs you can “shoot up” in the tissue like that?Thanks for reading and answering my crazy question!,2026-06-09,https://old.reddit.com/r/diabetes/comments/1u19gpo/can_insulin_needles_be_used_for_other_drugs/,diabetes,I am type one and not using this question to see if I can shoot up drugs I was recently in another subreddit where someone was claiming they used insulin needles to shoot up. I have always been told since Insulin is put in the fatty parts of our skin it isn t deep enough for intravenous drugs.Is this true? Does this work not only for pen needles but the needles we use for insulin pumps or vials? Are there any drugs you can shoot up in the tissue like that?Thanks for reading and answering my crazy question!
Been working hard at this(old.reddit.com),Excellent work!,2026-06-09,https://old.reddit.com/r/diabetes/comments/1u15qnj/been_working_hard_at_this/,diabetes,Excellent work!
"Annoyed with endo, and a quick thank you to this sub","Turns out, vigorous exercise makes my kid go high DURING, then low about 6hrs later. He went to a basketball camp yesterday and OH MY GOSH the alerts we got overnight... We even did two PB&J sandwiches before bed to prep for the lows, but goodness- I was told the newborn phase was over, yet here we are; up every 1-3hrs again.Now, if he goes for a walk or short jog? Low alerts almost instantly. The insane thing is that the endo didn't tell us any of this, in fact, she told us the opposite!?!! I had to learn it here and by watching his dexcom trends. It's so crazy she didn't give us this info.Aaaanyway, I'm SO EXCITED for the diabetes camp he gets to go to this summer- thank your/diabetesfor telling me to send him!! The dietitian actually called yesterday and is the one who suggested MORE food before bed, so yay. I can't wait to get more info and for him to find some friends who deal with this crap too. Because the anxiety is real for him rn.",2026-06-09,https://old.reddit.com/r/diabetes/comments/1u14cej/annoyed_with_endo_and_a_quick_thank_you_to_this/,diabetes,"Turns out, vigorous exercise makes my kid go high DURING, then low about 6hrs later. He went to a basketball camp yesterday and OH MY GOSH the alerts we got overnight... We even did two PB J sandwiches before bed to prep for the lows, but goodness- I was told the newborn phase was over, yet here we are up every 1-3hrs again.Now, if he goes for a walk or short jog? Low alerts almost instantly. The insane thing is that the endo didn't tell us any of this, in fact, she told us the opposite!?!! I had to learn it here and by watching his dexcom trends. It's so crazy she didn't give us this info.Aaaanyway, I'm SO EXCITED for the diabetes camp he gets to go to this summer- thank your diabetesfor telling me to send him!! The dietitian actually called yesterday and is the one who suggested MORE food before bed, so yay. I can't wait to get more info and for him to find some friends who deal with this crap too. Because the anxiety is real for him rn."
"Looking for any similar experiences, Childs unknown diagnosis.","Hi, I was looking for anyone to please share their stories if there’s any similar experiences.My son is 6 and he has for a while now been under the diabetes team because his blood tests over the last couple years (taken because I felt he was quite tired/pale, possibly low in vitamins) have always had a slightly raised glucose level, his bloods testing his 3 month average as well have always been over the borderline.His glucose intolerance test and antibodies were negative but he continues to have these raised levels.They are now wanting to move onto looking at other forms of diabetes rather than type 1.Thank you if you share any as we don’t know much about other forms. Curious if anyone else’s child’s diagnosis began this way & what other types could be the conclusion as we feel everything around this at the moment is very unsure.",2026-06-09,https://old.reddit.com/r/diabetes/comments/1u13wbd/looking_for_any_similar_experiences_childs/,diabetes,"Hi, I was looking for anyone to please share their stories if there s any similar experiences.My son is 6 and he has for a while now been under the diabetes team because his blood tests over the last couple years taken because I felt he was quite tired pale, possibly low in vitamins have always had a slightly raised glucose level, his bloods testing his 3 month average as well have always been over the borderline.His glucose intolerance test and antibodies were negative but he continues to have these raised levels.They are now wanting to move onto looking at other forms of diabetes rather than type 1.Thank you if you share any as we don t know much about other forms. Curious if anyone else s child s diagnosis began this way what other types could be the conclusion as we feel everything around this at the moment is very unsure."
Basalgar + Ozempic,"Currently taking both and trying to find the best way to minimize symptoms.  At first I took them both in the evening, a few hours apart.  That was horrible for my stomach - lots of nausea and dry heaving the next day.  I've switched to Ozempic in the morning and Basalgar before bed.  That made it a lot better, but I still get nauseous.What works best for you?",2026-06-09,https://old.reddit.com/r/diabetes/comments/1u13lwm/basalgar_ozempic/,diabetes,"Currently taking both and trying to find the best way to minimize symptoms. At first I took them both in the evening, a few hours apart. That was horrible for my stomach - lots of nausea and dry heaving the next day. I've switched to Ozempic in the morning and Basalgar before bed. That made it a lot better, but I still get nauseous.What works best for you?"
Help me understand my CGM graph(i.redd.it),"So I've been type 2 for about 6 years now. For the past 5 years my A1C has hovered between 5.1 and 5.4, so very well controlled. Because of this, my doctor never suggested or prescribed me a CGM. Last month I found out my insurance covers it so I figured why not give it a try and asked to give it a go at my last check-up. I've been using it for about a week now.Which brings me to this graph, and last night. I went out with some friends and ended up eating pretty poorly, as in Detroit style deep dish pizza. When I woke up this morning to check my CGM I saw this activity apparently overnight while I slept and was a little alarmed. Googling it provided a summary of something called the ""pizza effect"" and I guess I understand i should expect some fluctuation because of that, but I also have read that glucose should more or less stabilize within 4-6 hours of a meal no matter what, which only sort of seems to be the case here. You can see it trying to do so but it's taking much longer than I expected.I suppose my two questions are:A) is this normal? I mean, even for a nondiabetic, would this kind of bouncing activity be expected? I realize most non-diabetics don't wear CGMs, so there's probably little data, but I am curious as this hasn't seemed to happen with any of my other meals.B) should I be concerned? I don't typically eat foods like this but I do indulge on occasion, and i never gave it any thought because my A1C never gave any indication that something was off. Should I try to exclude these things entirely? Anyone else seen something similar?",2026-06-09,https://old.reddit.com/r/diabetes/comments/1u13jm2/help_me_understand_my_cgm_graph/,diabetes,"So I've been type 2 for about 6 years now. For the past 5 years my A1C has hovered between 5.1 and 5.4, so very well controlled. Because of this, my doctor never suggested or prescribed me a CGM. Last month I found out my insurance covers it so I figured why not give it a try and asked to give it a go at my last check-up. I've been using it for about a week now.Which brings me to this graph, and last night. I went out with some friends and ended up eating pretty poorly, as in Detroit style deep dish pizza. When I woke up this morning to check my CGM I saw this activity apparently overnight while I slept and was a little alarmed. Googling it provided a summary of something called the ""pizza effect"" and I guess I understand i should expect some fluctuation because of that, but I also have read that glucose should more or less stabilize within 4-6 hours of a meal no matter what, which only sort of seems to be the case here. You can see it trying to do so but it's taking much longer than I expected.I suppose my two questions are A is this normal? I mean, even for a nondiabetic, would this kind of bouncing activity be expected? I realize most non-diabetics don't wear CGMs, so there's probably little data, but I am curious as this hasn't seemed to happen with any of my other meals.B should I be concerned? I don't typically eat foods like this but I do indulge on occasion, and i never gave it any thought because my A1C never gave any indication that something was off. Should I try to exclude these things entirely? Anyone else seen something similar?"
Pill fob recommendations,Is anyone using a keychain fob for metformin? What did you get?,2026-06-09,https://old.reddit.com/r/diabetes/comments/1u12mi7/pill_fob_recommendations/,diabetes,Is anyone using a keychain fob for metformin? What did you get?
Omnipod 6 mention and trial results(drugdeliverybusiness.com),"Saw this article and it piques my curiosity. Who knows exactly when this will be released, but it seems to piggyback on the new Omnipod 5 update for 100 mg/dl setting.Cost is my main concern.",2026-06-09,https://old.reddit.com/r/diabetes/comments/1u11zlf/omnipod_6_mention_and_trial_results/,diabetes,"Saw this article and it piques my curiosity. Who knows exactly when this will be released, but it seems to piggyback on the new Omnipod 5 update for 100 mg dl setting.Cost is my main concern."
Delete active insulin on 780g?,"Long story short, somehow overnight my infusion managed to become disconnected, woke up several times to see my blood sugar rising and the auto corrections not doing anything before I realized it was disconnected. Is there any way to delete the active insulin so the pump ""knows"" I didn't get any of the auto correct doses?",2026-06-09,https://old.reddit.com/r/diabetes/comments/1u11bzd/delete_active_insulin_on_780g/,diabetes,"Long story short, somehow overnight my infusion managed to become disconnected, woke up several times to see my blood sugar rising and the auto corrections not doing anything before I realized it was disconnected. Is there any way to delete the active insulin so the pump ""knows"" I didn't get any of the auto correct doses?"
ExpressionMed Patches,"A few years ago, I bought a few patches from ExpressionMed for help keeping my infusion sets on. I recently went back to get a few more after a couple of yanked-off sets and noticed a lot of the designs seem AI-generated. Has anyone else noticed this? Or is it just the art style.",2026-06-09,https://old.reddit.com/r/diabetes/comments/1u0zpfr/expressionmed_patches/,diabetes,"A few years ago, I bought a few patches from ExpressionMed for help keeping my infusion sets on. I recently went back to get a few more after a couple of yanked-off sets and noticed a lot of the designs seem AI-generated. Has anyone else noticed this? Or is it just the art style."
Bad dreams on Metformin?,"Does anyone else have very troubling and vivid dreams while taking Metformin?I started on Jardiance for a year, went into remission, but as of last week started Metformin. Since starting Metformin, every night I have vivid dreams of being back in school, feeling extremely anxious, missing exams, getting fired from my job, etc. They are not necessarily nightmares with monsters or killers chasing me, but dreams of being in very stressful situations at work and in school.Has anyone else experienced something similar?",2026-06-09,https://old.reddit.com/r/diabetes/comments/1u0z0lw/bad_dreams_on_metformin/,diabetes,"Does anyone else have very troubling and vivid dreams while taking Metformin?I started on Jardiance for a year, went into remission, but as of last week started Metformin. Since starting Metformin, every night I have vivid dreams of being back in school, feeling extremely anxious, missing exams, getting fired from my job, etc. They are not necessarily nightmares with monsters or killers chasing me, but dreams of being in very stressful situations at work and in school.Has anyone else experienced something similar?"
How to maintain my sugar level in the middle?(i.redd.it),"I need help maintaining my sugar level, I eat at least twice a day as I am on a pill very similar to the GLP-1. My sugar is constantly dropping to 69 & below. I tend to ignore it because as you can see it goes up again on its own but idk I'm a recently diagnosed diabetic and I have another blood text coming up this week to see where my A1C is but I just would like some tips.",2026-06-09,https://old.reddit.com/r/diabetes/comments/1u0xbnp/how_to_maintain_my_sugar_level_in_the_middle/,diabetes,"I need help maintaining my sugar level, I eat at least twice a day as I am on a pill very similar to the GLP-1. My sugar is constantly dropping to 69 below. I tend to ignore it because as you can see it goes up again on its own but idk I'm a recently diagnosed diabetic and I have another blood text coming up this week to see where my A1C is but I just would like some tips."
How do you help your parent mange it?,"Hello there, my parent got diagnosed with T2 diabetes. I'm not sure where to start to help him. I don't want to point fingers when I don't know how he feels. How do you take care of it and help your parent to? Thx!",2026-06-09,https://old.reddit.com/r/diabetes/comments/1u0x7a9/how_do_you_help_your_parent_mange_it/,diabetes,"Hello there, my parent got diagnosed with T2 diabetes. I'm not sure where to start to help him. I don't want to point fingers when I don't know how he feels. How do you take care of it and help your parent to? Thx!"
I am confused about Type 2 diabetes,"I ask that is it curable, they say you can go back to your healty lifestyle again, no that's not what im asking. Im asking that will I be the same person as before the Type 2 diabetes or will there something permanent remains? I mean, yeah if I eat crap again i will get it back, that's why many people got it in the first place. I don't mean total immunity, I mean turning everything back to normal, like it never happened.",2026-06-09,https://old.reddit.com/r/diabetes/comments/1u0wzm0/i_am_confused_about_type_2_diabetes/,diabetes,"I ask that is it curable, they say you can go back to your healty lifestyle again, no that's not what im asking. Im asking that will I be the same person as before the Type 2 diabetes or will there something permanent remains? I mean, yeah if I eat crap again i will get it back, that's why many people got it in the first place. I don't mean total immunity, I mean turning everything back to normal, like it never happened."
No medical insurance,"What’s up y’all, so for about 6 months I’ve had no medical care (I make to much apparently) My question is how do you guys get around with no health insurance ? I tried getting Cali’s medical insurance but that alone is not an option financially right now. I try to cut out breads when I can and eat keto but everything just feels so expensive and outright impossible to do. From eating right, finding time to workout and even sleep everything feels difficultto maintain or as a matter of fact but insulin’s as well. I can’t find a doctor that’s cheap enough to see me so I can get a note to buy insulin. Any advice is appreciated",2026-06-09,https://old.reddit.com/r/diabetes/comments/1u0vgx0/no_medical_insurance/,diabetes,"What s up y all, so for about 6 months I ve had no medical care I make to much apparently My question is how do you guys get around with no health insurance ? I tried getting Cali s medical insurance but that alone is not an option financially right now. I try to cut out breads when I can and eat keto but everything just feels so expensive and outright impossible to do. From eating right, finding time to workout and even sleep everything feels difficultto maintain or as a matter of fact but insulin s as well. I can t find a doctor that s cheap enough to see me so I can get a note to buy insulin. Any advice is appreciated"
How do I learn this?,"I got put on a pump and my Dr so far has been programming all of this into my pump, but I’d like to be more self-sufficient. I had a MiniMed trainer originally train me how to use it, but I was not taught any of this as she entered it herself. I’ve written him a couple of times asking and I keep getting referred to dietician so I don’t think he is understanding what I’m asking.Anyone have any good online programs they can suggest for me? It seems like when you’re diagnosed with diabetes and put on a pump they would put you in these programs, but I’m having trouble finding one on my own. I have this pump on me all day and I don’t even know how to work it on my own, except to change out the insulin and enter carbs. I know when type ones are diagnosed they are usually trained in the hospital, but I didn’t have that.Insulin-to-Carbohydrate Ratio (ICR): Learning the math to figure out how much insulin is needed to cover the food you eat.Correction Factors: Learning to calculate how many units of insulin are required to bring a high blood sugar back into target range.",2026-06-09,https://old.reddit.com/r/diabetes/comments/1u0uqac/how_do_i_learn_this/,diabetes,"I got put on a pump and my Dr so far has been programming all of this into my pump, but I d like to be more self-sufficient. I had a MiniMed trainer originally train me how to use it, but I was not taught any of this as she entered it herself. I ve written him a couple of times asking and I keep getting referred to dietician so I don t think he is understanding what I m asking.Anyone have any good online programs they can suggest for me? It seems like when you re diagnosed with diabetes and put on a pump they would put you in these programs, but I m having trouble finding one on my own. I have this pump on me all day and I don t even know how to work it on my own, except to change out the insulin and enter carbs. I know when type ones are diagnosed they are usually trained in the hospital, but I didn t have that.Insulin-to-Carbohydrate Ratio ICR Learning the math to figure out how much insulin is needed to cover the food you eat.Correction Factors Learning to calculate how many units of insulin are required to bring a high blood sugar back into target range."
"I have been taking metformin 500mg and have been so tired, sometimes won't wake up to noise","Hi, it's been a year since I got diagnosed with diabetes. I didn't take meds for a year then started to take metformin 500mg, 2 pills per day. When I start to take the medicine, I get really sleepy and will fall asleep in just minutes. I do take the meds after a small meal.I took the medicine last night and a couple nights ago, my mom had reported that she tried to wake me up because it was 3-4am and I was still on the couch and not on my bed. Since I had to go to work the next day. My mom told me that I'd not wake up to her voice when she called me. It has made me anxious and wonder if anyone else went through the same thing since I am a light sleeper. Eventually I did wake up at 4-5 am but I'm just worried because it's starting to scare my mom.",2026-06-09,https://old.reddit.com/r/diabetes/comments/1u0tr4p/i_have_been_taking_metformin_500mg_and_have_been/,diabetes,"Hi, it's been a year since I got diagnosed with diabetes. I didn't take meds for a year then started to take metformin 500mg, 2 pills per day. When I start to take the medicine, I get really sleepy and will fall asleep in just minutes. I do take the meds after a small meal.I took the medicine last night and a couple nights ago, my mom had reported that she tried to wake me up because it was 3-4am and I was still on the couch and not on my bed. Since I had to go to work the next day. My mom told me that I'd not wake up to her voice when she called me. It has made me anxious and wonder if anyone else went through the same thing since I am a light sleeper. Eventually I did wake up at 4-5 am but I'm just worried because it's starting to scare my mom."
Update on my moms dka,"Just received this text earlierGood morning Cuz I called the hospital to check on J**** this morning. She’s still on the egg machine which they say she’ll be on there probably for the next day or so her condition is stable. She’s still critical but it’s stable now the nurse said it’s not declining, which is a good thing. Her heart rate is between 90 and 100 which is a lot better than the last couple days and she did receive some blood product so her hemoglobin it did drop but it’s back up within normal range now her blood pressure is also stable. It’s still on the low end because she’s still fully sedated which the nurse stated is normal but it is it is within good range. We are going to continue to keep her in prayer that each day she gets a little better.Seems like baby steps in the right direction so far.",2026-06-09,https://old.reddit.com/r/diabetes/comments/1u0s9e2/update_on_my_moms_dka/,diabetes,"Just received this text earlierGood morning Cuz I called the hospital to check on J this morning. She s still on the egg machine which they say she ll be on there probably for the next day or so her condition is stable. She s still critical but it s stable now the nurse said it s not declining, which is a good thing. Her heart rate is between 90 and 100 which is a lot better than the last couple days and she did receive some blood product so her hemoglobin it did drop but it s back up within normal range now her blood pressure is also stable. It s still on the low end because she s still fully sedated which the nurse stated is normal but it is it is within good range. We are going to continue to keep her in prayer that each day she gets a little better.Seems like baby steps in the right direction so far."
"Recently diagnosed with diabetes, looking for advice and comfort","After roughly two months of ignoring symptoms I was recently hospitalized for diabetic ketoacidosis which was how I was officially diagnosed with diabetes. My type hasn't actually been tested yet with the excuse being that the state of my blood at the time made it hard to do said test.I've been dealing with injecting my own insulin (currently once before each meal of fast acting and a shot of long acting before bed). We haven't done much major changes to what I eat except for just keeping an eye on it with the guidelines from the doctor in mind. And of course cutting out any drinks with sugar and sugary foods.Right now I'm just feeling a lot of anxiety about the whole situation. I've lived most of my adult life as basically a scatterbrained basement dweller who struggles to do their taxes and now I have to parse through all this. I'm thankful that my family has been supportive through this.As far as I know I have all the relevant equipment. A true metric glucose monitor, test strips, finger pricker, lancets, alcohol wipes, and the insulin pens I was prescribed.I'd really appreciate any kind of advice.",2026-06-09,https://old.reddit.com/r/diabetes/comments/1u0s2q5/recently_diagnosed_with_diabetes_looking_for/,diabetes,"After roughly two months of ignoring symptoms I was recently hospitalized for diabetic ketoacidosis which was how I was officially diagnosed with diabetes. My type hasn't actually been tested yet with the excuse being that the state of my blood at the time made it hard to do said test.I've been dealing with injecting my own insulin currently once before each meal of fast acting and a shot of long acting before bed . We haven't done much major changes to what I eat except for just keeping an eye on it with the guidelines from the doctor in mind. And of course cutting out any drinks with sugar and sugary foods.Right now I'm just feeling a lot of anxiety about the whole situation. I've lived most of my adult life as basically a scatterbrained basement dweller who struggles to do their taxes and now I have to parse through all this. I'm thankful that my family has been supportive through this.As far as I know I have all the relevant equipment. A true metric glucose monitor, test strips, finger pricker, lancets, alcohol wipes, and the insulin pens I was prescribed.I'd really appreciate any kind of advice."
Tresiba and insurance,Anybody using tresiba insulin and having insurance problems getting it?Aetna abruptly refused to pay for it. Now I'm on Medicare. The prescription plan insurer lied -- they initially said they covered it but then declined after I signed up.U.S. health insurance sucks.,2026-06-09,https://old.reddit.com/r/diabetes/comments/1u0rupb/tresiba_and_insurance/,diabetes,Anybody using tresiba insulin and having insurance problems getting it?Aetna abruptly refused to pay for it. Now I'm on Medicare. The prescription plan insurer lied -- they initially said they covered it but then declined after I signed up.U.S. health insurance sucks.
Glp-1 and T1D,"Any T1D on a GLP-1? If yes, what have been the side effects? I know it’s different for everyone but would love to hear real life stories of T1D.",2026-06-09,https://old.reddit.com/r/diabetes/comments/1u0qrxz/glp1_and_t1d/,diabetes,"Any T1D on a GLP-1? If yes, what have been the side effects? I know it s different for everyone but would love to hear real life stories of T1D."
Klow and high glucose?,Hey yall! Idk if there’s any other  t1D’s on the peptide train but has anyone else experienced high glucose on KLOW? I’m on triz and been having such an amazing experience my a1c is down to 5.5! Just wondering if it’s a me problem or if anyone else experienced this?,2026-06-09,https://old.reddit.com/r/diabetes/comments/1u0p8si/klow_and_high_glucose/,diabetes,Hey yall! Idk if there s any other t1D s on the peptide train but has anyone else experienced high glucose on KLOW? I m on triz and been having such an amazing experience my a1c is down to 5.5! Just wondering if it s a me problem or if anyone else experienced this?
"I’m newly diagnosed, is it ok staying this low for long periods of time?(i.redd.it)",Yes.  That is the goal,2026-06-08,https://old.reddit.com/r/diabetes/comments/1u0nvk8/im_newly_diagnosed_is_it_ok_staying_this_low_for/,diabetes,Yes. That is the goal
Diabetes things that should be more common knowledge,"Coming up to three years of being diagnosed type 1, glucose almost under control now but still running into issues where I'm Google searching to fill the gaps left by the doctors. These are three things I learnt over time which aren't in the big back of information I got when diagnosed that I think should be. Do you have any more?* Lowering your HbA1c too quickly can cause diabetic maculopathy. Found this one out the hard way* Yo-yoing between highs and lows too much can cause bleeds in the eye, not just consistently high glucose* Intense exercise can cause hyperglycemia for type 1's. Apparently the liver dumps stored sugar into the body as a response to adrenaline* I think we all know about the dawn phenomenon (glucose levels rise dramatically by themselves when you wake up) but was surprised this wasn't covered in any of the literature I was given",2026-06-08,https://old.reddit.com/r/diabetes/comments/1u0lop4/diabetes_things_that_should_be_more_common/,diabetes,"Coming up to three years of being diagnosed type 1, glucose almost under control now but still running into issues where I'm Google searching to fill the gaps left by the doctors. These are three things I learnt over time which aren't in the big back of information I got when diagnosed that I think should be. Do you have any more? Lowering your HbA1c too quickly can cause diabetic maculopathy. Found this one out the hard way Yo-yoing between highs and lows too much can cause bleeds in the eye, not just consistently high glucose Intense exercise can cause hyperglycemia for type 1's. Apparently the liver dumps stored sugar into the body as a response to adrenaline I think we all know about the dawn phenomenon glucose levels rise dramatically by themselves when you wake up but was surprised this wasn't covered in any of the literature I was given"
Petition: Amend standards for PIP to clearly include type 1 diabetics(petition.parliament.uk),"Type 1 diabetics do not usually qualify for PIP despite dealing with a dangerous condition 24 hours a day. We believe there is a general lack of understanding and education of Type 1 Diabetes which may affect PIP assessments.Managing Type 1 Diabetes is a relentless, 24-hour responsibility that requires frequent blood glucose monitoring, insulin adjustments, and careful planning around food, activity, and stress. When combined with the pressures of full-time employment, this can lead to significant physical exhaustion and mental burnout. We believe allowing more types 1 diabetics to receive PIP would provide financial support for helpful technology not provided by the NHS and support individuals to reduce working hours due to the demands of managing the condition.The causes of Type 1 Diabetes is when someones immune system attacks their own pancreas cells, meaning that insulin cannot be secreted to lower blood glucose levels. In humans, it is required for blood glucose levels to be regulated using insulin and glucagon, however T1 Diabetics do not have this ability. This can cause diabetics to feel dizzy, losing eyesight which may result in blindness, and having a decreased blood circulation, which may result in some diabetics having to amputate certain limbs.The diagnosis of T1 Diabetics are normally spotted when they are a child, meaning that the responsibility of having to inject needles more than 4 times a day is thrown upon them. It is a condition that is commonly overlooked, and they typically do not recieve PIP.No mother or anyone who has T1 Diabetes should ever have to spend their time searching the internet, wondering whether applying for PIP is even worth it, and if they will ever be considered to recieve itsign this petition to helppleaseevery vote will help",2026-06-08,https://old.reddit.com/r/diabetes/comments/1u0k4g2/petition_amend_standards_for_pip_to_clearly/,diabetes,"Type 1 diabetics do not usually qualify for PIP despite dealing with a dangerous condition 24 hours a day. We believe there is a general lack of understanding and education of Type 1 Diabetes which may affect PIP assessments.Managing Type 1 Diabetes is a relentless, 24-hour responsibility that requires frequent blood glucose monitoring, insulin adjustments, and careful planning around food, activity, and stress. When combined with the pressures of full-time employment, this can lead to significant physical exhaustion and mental burnout. We believe allowing more types 1 diabetics to receive PIP would provide financial support for helpful technology not provided by the NHS and support individuals to reduce working hours due to the demands of managing the condition.The causes of Type 1 Diabetes is when someones immune system attacks their own pancreas cells, meaning that insulin cannot be secreted to lower blood glucose levels. In humans, it is required for blood glucose levels to be regulated using insulin and glucagon, however T1 Diabetics do not have this ability. This can cause diabetics to feel dizzy, losing eyesight which may result in blindness, and having a decreased blood circulation, which may result in some diabetics having to amputate certain limbs.The diagnosis of T1 Diabetics are normally spotted when they are a child, meaning that the responsibility of having to inject needles more than 4 times a day is thrown upon them. It is a condition that is commonly overlooked, and they typically do not recieve PIP.No mother or anyone who has T1 Diabetes should ever have to spend their time searching the internet, wondering whether applying for PIP is even worth it, and if they will ever be considered to recieve itsign this petition to helppleaseevery vote will help"
I am 23 and got my blood test done,"Hey folks i am 23 year old and got my blood tests done and i have diabetes ,i have strong gene in my fam of diabetes.I havnt seen doc yet have take appoinmnt feels overwhelming i have already another chronic illness that is asthma i am already living w that stuff but why i feel so lost didnt acheive anything in life than many diseases ..i feel so low  i dont even know my type yet cant feel low in front of my mom who is also struggling inside w this news i am so done nothing is going on my way",2026-06-08,https://old.reddit.com/r/diabetes/comments/1u0j76s/i_am_23_and_got_my_blood_test_done/,diabetes,"Hey folks i am 23 year old and got my blood tests done and i have diabetes ,i have strong gene in my fam of diabetes.I havnt seen doc yet have take appoinmnt feels overwhelming i have already another chronic illness that is asthma i am already living w that stuff but why i feel so lost didnt acheive anything in life than many diseases ..i feel so low i dont even know my type yet cant feel low in front of my mom who is also struggling inside w this news i am so done nothing is going on my way"
When are people going to the ER for highs and lows?,"Seeing a post with a 400 reading and so many comments being ""go to the hospital"" has me curious on where people draw the line. I'm a type 1 and have had plenty of very high and very low readings, but have never gone to the ER. Do people go when they have a HIGH or LOW reading?I don't think I would go to the ER unless I went unconsious, or was unable to get my numbers stable for an extended period of time.",2026-06-08,https://old.reddit.com/r/diabetes/comments/1u0i2to/when_are_people_going_to_the_er_for_highs_and_lows/,diabetes,"Seeing a post with a 400 reading and so many comments being ""go to the hospital"" has me curious on where people draw the line. I'm a type 1 and have had plenty of very high and very low readings, but have never gone to the ER. Do people go when they have a HIGH or LOW reading?I don't think I would go to the ER unless I went unconsious, or was unable to get my numbers stable for an extended period of time."
Should I be worried for my retinas getting damaged due to high sugars levels,In 2 days I am going for another focal laser surgery as my retina has signs of bleeding and fortunately there is very mild edema which is not in front of my vision area. I had the same surgery last year and due to high sugars I have to undergo it again this year. I am very much worried and stressed about this and seriously working hard to keep my sugars in control. Should I be so much worried about this?,2026-06-08,https://old.reddit.com/r/diabetes/comments/1u0fhxc/should_i_be_worried_for_my_retinas_getting/,diabetes,In 2 days I am going for another focal laser surgery as my retina has signs of bleeding and fortunately there is very mild edema which is not in front of my vision area. I had the same surgery last year and due to high sugars I have to undergo it again this year. I am very much worried and stressed about this and seriously working hard to keep my sugars in control. Should I be so much worried about this?
Freestyle Libre 2,I am now on a 2nd sensor after the 1st one failed (waiting for a replacement). I have noticed that it hasn’t been saving the measurements it has taken. I applied the sensor yesterday evening it took a reading around 21:30 UK time. How do I see all the readings taken apart from in the logbook or is this a common issue?,2026-06-08,https://old.reddit.com/r/diabetes/comments/1u0eomg/freestyle_libre_2/,diabetes,I am now on a 2nd sensor after the 1st one failed waiting for a replacement . I have noticed that it hasn t been saving the measurements it has taken. I applied the sensor yesterday evening it took a reading around 21 30 UK time. How do I see all the readings taken apart from in the logbook or is this a common issue?
What help you get type 2 diebetics under control?,I was diagnosed two years ago and I’m still struggling and I’M just tired of dealing with it.Half of my family had type 1 or 2.,2026-06-08,https://old.reddit.com/r/diabetes/comments/1u0dna3/what_help_you_get_type_2_diebetics_under_control/,diabetes,I was diagnosed two years ago and I m still struggling and I M just tired of dealing with it.Half of my family had type 1 or 2.
Is the intermediate acting insulin from 30/70 not working?(i.redd.it),i have type 1 since last 18 years from sometime my hba1c was going 11 so i got a cgm and from what i am seeing since 3 days is my morning sugars are fine after i take my 30/70 with a dose of 38 units but after my lunch they go around 300 and stay same till my next evening dose at 7 pm,2026-06-08,https://old.reddit.com/r/diabetes/comments/1u0brr3/is_the_intermediate_acting_insulin_from_3070_not/,diabetes,i have type 1 since last 18 years from sometime my hba1c was going 11 so i got a cgm and from what i am seeing since 3 days is my morning sugars are fine after i take my 30 70 with a dose of 38 units but after my lunch they go around 300 and stay same till my next evening dose at 7 pm
How many of you were diagnosed with Type 1 as adults? I have a theory.,"Edit: Well damn. I’ll consider my theory quashed. Thanks folks.I was rarely sick. I can count on one hand how many times I was ever sick enough to miss school or work. My doctors said I had a really strong immune system. Later, that same immune system betrayed me.I wonder if the strength of my immune system had anything to do with me getting diabetes.So my totally informal and not-scientific thinking is that people with incredibly robust immune systems in their youth are at a higher risk for diabetes later in life.",2026-06-08,https://old.reddit.com/r/diabetes/comments/1u0avaj/how_many_of_you_were_diagnosed_with_type_1_as/,diabetes,"Edit Well damn. I ll consider my theory quashed. Thanks folks.I was rarely sick. I can count on one hand how many times I was ever sick enough to miss school or work. My doctors said I had a really strong immune system. Later, that same immune system betrayed me.I wonder if the strength of my immune system had anything to do with me getting diabetes.So my totally informal and not-scientific thinking is that people with incredibly robust immune systems in their youth are at a higher risk for diabetes later in life."
Eledon Pharm trial update for Type 1,"https://ir.eledon.com/news-releases/news-release-details/eledon-announces-updated-data-investigator-initiated-islet-0I stumbled on this update a bit ago. Seems way more promising than anything I’ve seen in the last 30 years.12 is a very small sample, but achieving 100% success in insulin independence seems huge.",2026-06-08,https://old.reddit.com/r/diabetes/comments/1u0atj6/eledon_pharm_trial_update_for_type_1/,diabetes,"stumbled on this update a bit ago. Seems way more promising than anything I ve seen in the last 30 years.12 is a very small sample, but achieving 100 success in insulin independence seems huge."
(),"I was diagnosed with type 2 in February with A1c of 13.2and on medication metformin glimperide and DapagfligozinA1c report in April shows improvement with 6.4And I am taking care of my diet and 99 percent I avoid the things I should avoid and exercising and also trying to build muscles.But some days like today I feel totally lost with thisDoes it get easier ever??I mean will there be a day when we can see a cure or a drug near to cure which can make it bit easier??? 
And also I am not straight, and unmarried 
It really worries me, I think nobody is going to be with me because of my condition",2026-06-08,https://old.reddit.com/r/diabetes/comments/1u09411/general_question/,diabetes,"I was diagnosed with type 2 in February with A1c of 13.2and on medication metformin glimperide and DapagfligozinA1c report in April shows improvement with 6.4And I am taking care of my diet and 99 percent I avoid the things I should avoid and exercising and also trying to build muscles.But some days like today I feel totally lost with thisDoes it get easier ever??I mean will there be a day when we can see a cure or a drug near to cure which can make it bit easier??? And also I am not straight, and unmarried It really worries me, I think nobody is going to be with me because of my condition"
"""An insulin shot, then right back to competing for a Grand Slam title 👏""(instagram.com)",Normalizing diabetes on a world stage and being a role  model for anyone with T1 who wants to play sports.  And kudos to the commentator for explaining.,2026-06-08,https://old.reddit.com/r/diabetes/comments/1u07u6g/an_insulin_shot_then_right_back_to_competing_for/,diabetes,Normalizing diabetes on a world stage and being a role model for anyone with T1 who wants to play sports. And kudos to the commentator for explaining.
Vitrectomy question,"Hi everyone,​I have a fairly specific question regarding my husband’s recent surgery, and I’m hoping someone here might have experience with a similar situation.​My husband underwent a vitrectomy 3 weeks ago for a funnel-shaped retinal detachment caused by proliferative diabetic retinopathy. The surgeon was able to clear the peripheral retina, but unfortunately, they decided to leave a fibrovascular membrane (a conglomerate of scar tissue) in the center of the retina, as they felt it was too risky to remove it in the public hospital setting.​Has anyone here had a fibrovascular membrane on the central retina that was successfully peeled off in a subsequent surgery? I would also love to hear about anyone’s general recovery process after a vitrectomy involving silicone oil.​Thank you so much for any insights! 🩷",2026-06-08,https://old.reddit.com/r/diabetes/comments/1u07j4w/vitrectomy_question/,diabetes,"Hi everyone, I have a fairly specific question regarding my husband s recent surgery, and I m hoping someone here might have experience with a similar situation. My husband underwent a vitrectomy 3 weeks ago for a funnel-shaped retinal detachment caused by proliferative diabetic retinopathy. The surgeon was able to clear the peripheral retina, but unfortunately, they decided to leave a fibrovascular membrane a conglomerate of scar tissue in the center of the retina, as they felt it was too risky to remove it in the public hospital setting. Has anyone here had a fibrovascular membrane on the central retina that was successfully peeled off in a subsequent surgery? I would also love to hear about anyone s general recovery process after a vitrectomy involving silicone oil. Thank you so much for any insights!"
Occlusion alarm sound,"I have a question about occlusion alarms on tslim insulin pump. How is it possible that sometimes it just vibrates, while other times it starts beeping with that annoying loud sound? Is there any difference between the occlusions, or why does it always sound different?",2026-06-08,https://old.reddit.com/r/diabetes/comments/1u04tnd/occlusion_alarm_sound/,diabetes,"I have a question about occlusion alarms on tslim insulin pump. How is it possible that sometimes it just vibrates, while other times it starts beeping with that annoying loud sound? Is there any difference between the occlusions, or why does it always sound different?"
My 6 y/o is Type 1,"Hi all!My six year old son was just diagnosed Type 1 diabetic last week and we spent the last 7 days in the hospital learning about the condition with specialists and 24 hr care.I'm convinced he will learn to live with it and we are doing everything we can to support him.I wanted to get the perspective from a) other parents that have been on this road for a while already and b) younger people - age 17-23ish about how your social life has been affected overall. Am I worrying about a non-issue?Parents: tell me your story, what was it like in the beginning and what is it like now?Young diabetics: how do you handle ""important"" social aspects like parties, alcohol and partnership? Is there anything I can do as a parent or anything you wished your parents would understand or help with?Thanks in advance.",2026-06-08,https://old.reddit.com/r/diabetes/comments/1u02eqg/my_6_yo_is_type_1/,diabetes,"Hi all!My six year old son was just diagnosed Type 1 diabetic last week and we spent the last 7 days in the hospital learning about the condition with specialists and 24 hr care.I'm convinced he will learn to live with it and we are doing everything we can to support him.I wanted to get the perspective from a other parents that have been on this road for a while already and b younger people - age 17-23ish about how your social life has been affected overall. Am I worrying about a non-issue?Parents tell me your story, what was it like in the beginning and what is it like now?Young diabetics how do you handle ""important"" social aspects like parties, alcohol and partnership? Is there anything I can do as a parent or anything you wished your parents would understand or help with?Thanks in advance."
Nausea(),Been on Metformin slow release for about five days.  Taking it in the evening with a meal but for a few hours in the morning have waves of nausea and slight dizziness.  How soon does this normally take to die down please,2026-06-08,https://old.reddit.com/r/diabetes/comments/1u023ze/nausea/,diabetes,Been on Metformin slow release for about five days. Taking it in the evening with a meal but for a few hours in the morning have waves of nausea and slight dizziness. How soon does this normally take to die down please
Need some advice.,"Hello all,I know this will be oddly formal but, I am 24 male who just got diagnosed with type 1 after going DKA while having no idea what was going on. Was admitted to ICU on tuesday night, got fully out of the hospital on saturday after learning how to use my new kit and heres where things get hard. I am a Chef professionally and absolutely love food and cooking, experimenting with recipes and such, but i have some questions cause...this is all terrifying for me. Some extra details, i am thinking of getting a pump and CGM for ease while in the kitchen for my work.Does it get easier as time goes on?Does anyone still get angry about their diagnosis?How can I tell if I have a good or bad Endocrinologist?Would doing things like making my own bread or pasta and such be more beneficial for me or no?What are some good snacks that dont mess with my blood sugar, cause im normally a grazer/snacker during the day.Final question, my schedule is usually fall asleep at about 3-4 AM and wake up around 11-noonish to then go to work at like 2 before coming home at 9-10 oclock at night and not usually fully getting a meal until then. Is that a schedule that i can even make work with the insulin shots or even the meals what do i do about that while i work in a kitchen?I know I ranted a little bit there at the end but i dont know what to do and im kinda starting to spiral with this.",2026-06-08,https://old.reddit.com/r/diabetes/comments/1tzywsg/need_some_advice/,diabetes,"Hello all,I know this will be oddly formal but, I am 24 male who just got diagnosed with type 1 after going DKA while having no idea what was going on. Was admitted to ICU on tuesday night, got fully out of the hospital on saturday after learning how to use my new kit and heres where things get hard. I am a Chef professionally and absolutely love food and cooking, experimenting with recipes and such, but i have some questions cause...this is all terrifying for me. Some extra details, i am thinking of getting a pump and CGM for ease while in the kitchen for my work.Does it get easier as time goes on?Does anyone still get angry about their diagnosis?How can I tell if I have a good or bad Endocrinologist?Would doing things like making my own bread or pasta and such be more beneficial for me or no?What are some good snacks that dont mess with my blood sugar, cause im normally a grazer snacker during the day.Final question, my schedule is usually fall asleep at about 3-4 AM and wake up around 11-noonish to then go to work at like 2 before coming home at 9-10 oclock at night and not usually fully getting a meal until then. Is that a schedule that i can even make work with the insulin shots or even the meals what do i do about that while i work in a kitchen?I know I ranted a little bit there at the end but i dont know what to do and im kinda starting to spiral with this."
"Got diagnosed at 26 with type 2, 3 weeks ago. A1C was 10.6.(i.redd.it)","Lost 20kg in 3 months (before diagnosis) now I’m sitting at 75kg.Does anyone have problems with breakfast? I basically can’t eat any carbs, even a single apple or my glucose spikes to above 10 (been trying to stay below 10).",2026-06-08,https://old.reddit.com/r/diabetes/comments/1tztggw/got_diagnosed_at_26_with_type_2_3_weeks_ago_a1c/,diabetes,"Lost 20kg in 3 months before diagnosis now I m sitting at 75kg.Does anyone have problems with breakfast? I basically can t eat any carbs, even a single apple or my glucose spikes to above 10 been trying to stay below 10 ."
Dexcom G7 Filament plastic came loose,"https://preview.redd.it/z22ijphp5y5h1.jpg?width=2268&format=pjpg&auto=webp&s=3b6d1e850beeacc766cadd7dbf81449ccaadbed6https://preview.redd.it/yx6jsohp5y5h1.jpg?width=2268&format=pjpg&auto=webp&s=8303fd69ae80dbdff7922f8bdb888ae21abcfdcdhttps://preview.redd.it/ms28yrhp5y5h1.jpg?width=2268&format=pjpg&auto=webp&s=d0ec3082653278f74c8ae288aab7e631cf81fafbI noticed the sensor wasn't very accurate past the first day. Not only that but sometimes my arm would hurt. I stuck with it to the end of the 10 days, only to pull it out and realize that the filament itself is defective. It has a protective sheath that somehow slipped off during insertion. I don't think any plastic remains inside me, but still, just wanted to raise awareness.I called and emailed dexcom customer support. Not sure what they plan to do about it.Be sure to check the tips of the filament when you pull them out! This is from a dexcom G7 I thought at a local shoppers here in Toronto.",2026-06-07,https://old.reddit.com/r/diabetes/comments/1tzrs7i/dexcom_g7_filament_plastic_came_loose/,diabetes,"noticed the sensor wasn't very accurate past the first day. Not only that but sometimes my arm would hurt. I stuck with it to the end of the 10 days, only to pull it out and realize that the filament itself is defective. It has a protective sheath that somehow slipped off during insertion. I don't think any plastic remains inside me, but still, just wanted to raise awareness.I called and emailed dexcom customer support. Not sure what they plan to do about it.Be sure to check the tips of the filament when you pull them out! This is from a dexcom G7 I thought at a local shoppers here in Toronto."
I seek advice on Omnipod / dexcom,I currently use Libra 2 sensor and Omnipod. But I’m getting off it because the device is controller is terrible and the alarms have destroyed my mental health. Truly the worst thing I’ve had to deal with with my diabetes.DOES ANYONE USE OMNIPOD WITH DEXCOM?CAN YOU USE THESE TWO WITH AN APP INSTEAD OF CONTROLLER?CAN YOU TURN THE ALARMS OFF COMPLETELY W/ OMNIPOD AND DEXCOM?I DO LIKE OMNIPOD ITS THE ALARMS I HATE.ANY ADVICE OR PERSPECTIVE WOULD BE GREATLY APPRECIATED.,2026-06-07,https://old.reddit.com/r/diabetes/comments/1tzqe2a/i_seek_advice_on_omnipod_dexcom/,diabetes,I currently use Libra 2 sensor and Omnipod. But I m getting off it because the device is controller is terrible and the alarms have destroyed my mental health. Truly the worst thing I ve had to deal with with my diabetes.DOES ANYONE USE OMNIPOD WITH DEXCOM?CAN YOU USE THESE TWO WITH AN APP INSTEAD OF CONTROLLER?CAN YOU TURN THE ALARMS OFF COMPLETELY W OMNIPOD AND DEXCOM?I DO LIKE OMNIPOD ITS THE ALARMS I HATE.ANY ADVICE OR PERSPECTIVE WOULD BE GREATLY APPRECIATED.
What can you eat on Ozempic?,"I started Ozempic about two weeks ago for my T2 diabetes (note that I am not overweight, so I'm not taking it for any type of weight control.)My dosage is .25 right now but I feel like crap all the time on itI discovered with some research that every single food I eat to manage my diabetes before Ozempic is what makes you feel sick on it. High protein, high fiber, high fat food.But the only other food options are food that are bad for my blood sugar.Every single food item I look up will make you feel sick on Ozempic, but can't find any resources that say what foods won't. They just say, low protein, low fat, and low fiber....but that's basically switching to carbs.I'm about to email my doctor about getting off of it, but since it's at least in my system for another 6 days, I'm hoping to get some advice.Currently on the worst vacation of my life because of this.",2026-06-07,https://old.reddit.com/r/diabetes/comments/1tzor75/what_can_you_eat_on_ozempic/,diabetes,"I started Ozempic about two weeks ago for my T2 diabetes note that I am not overweight, so I'm not taking it for any type of weight control. My dosage is .25 right now but I feel like crap all the time on itI discovered with some research that every single food I eat to manage my diabetes before Ozempic is what makes you feel sick on it. High protein, high fiber, high fat food.But the only other food options are food that are bad for my blood sugar.Every single food item I look up will make you feel sick on Ozempic, but can't find any resources that say what foods won't. They just say, low protein, low fat, and low fiber....but that's basically switching to carbs.I'm about to email my doctor about getting off of it, but since it's at least in my system for another 6 days, I'm hoping to get some advice.Currently on the worst vacation of my life because of this."
Oh my god(i.redd.it),Felt kinda weird and now I know why :/,2026-06-07,https://old.reddit.com/r/diabetes/comments/1tzng7o/oh_my_god/,diabetes,Felt kinda weird and now I know why
My experience at ADA(i.redd.it),"On a whim, I went to ADA to network and test out a few new devices. Here are my takeaways, but I’d love to hear from anyone else who was there!The event was generally jubilant but was underscored by the tossing out of the top ADA researchers, so it was interesting to see national drama playing out in real time. There were pockets of people whispering and gossiping everywhere, clearly talking about the event.I think the new minimed pump is ugly! It feels like an electric toothbrush and creates a really phallic shape if you put it in your pocket.There were a large number of early-detection companies exhibiting this year (T1D Scout, TrialNet, and Sanofi all had booths that offered oral-swab testing for early detection. Hopefully this means there will be competition that will make the tests more affordable.There are rumors that Medtronic is about to lose exclusivity to the 7-day extended wear infusion set, which is exciting for every other tubed pump system. I'd be thrilled to use a 7-day set with my Tandem system.I also heard that Twiist is current in talks with Dexcom, but as with anything in the med world, this will probably take while. I really loved the Twiist demo and the size of the pump is incredible (especially for 300u) but I'm currently locked in with Dexcom since I have 15-20 sensors in my backstock and don't want to be forced to switch to Libre or Eversence.I gleaned all of this from only a day and a half, but would love to hear from anyone else who attended!edit: sorry the formatting got all messed up, I was editing on mobile and it went haywire. just fixed on my laptop.",2026-06-07,https://old.reddit.com/r/diabetes/comments/1tznf9p/my_experience_at_ada/,diabetes,"On a whim, I went to ADA to network and test out a few new devices. Here are my takeaways, but I d love to hear from anyone else who was there!The event was generally jubilant but was underscored by the tossing out of the top ADA researchers, so it was interesting to see national drama playing out in real time. There were pockets of people whispering and gossiping everywhere, clearly talking about the event.I think the new minimed pump is ugly! It feels like an electric toothbrush and creates a really phallic shape if you put it in your pocket.There were a large number of early-detection companies exhibiting this year T1D Scout, TrialNet, and Sanofi all had booths that offered oral-swab testing for early detection. Hopefully this means there will be competition that will make the tests more affordable.There are rumors that Medtronic is about to lose exclusivity to the 7-day extended wear infusion set, which is exciting for every other tubed pump system. I'd be thrilled to use a 7-day set with my Tandem system.I also heard that Twiist is current in talks with Dexcom, but as with anything in the med world, this will probably take while. I really loved the Twiist demo and the size of the pump is incredible especially for 300u but I'm currently locked in with Dexcom since I have 15-20 sensors in my backstock and don't want to be forced to switch to Libre or Eversence.I gleaned all of this from only a day and a half, but would love to hear from anyone else who attended!edit sorry the formatting got all messed up, I was editing on mobile and it went haywire. just fixed on my laptop."
living with Type 2 Diabetes,I'm curious how are people deciding what to eat in that last minute decision?How do you deal with restaurants not having that best selection?Are you trying any apps? I've tried a few.,2026-06-07,https://old.reddit.com/r/diabetes/comments/1tzmh6y/living_with_type_2_diabetes/,diabetes,I'm curious how are people deciding what to eat in that last minute decision?How do you deal with restaurants not having that best selection?Are you trying any apps? I've tried a few.
Retina treatment experience(),"40yo F diagnosed age 10, A1c 7.1 on iLet. I have early-stage NVD retinopathy in both eyes and underwent panretinal photocoagulation (PRP) of my right eye one month ago. I still have some residual blurred vision on that side, which I understand is normal.I am scheduled to undergo PRP in my left eye this week, and am wondering from those who have had PRP--how long did the blurred vision last afterwards? Wondering if I need to ask about glasses for the short term. Planning to talk to surgeon about this at my appointment, but wanted to hear about everyone's experience!Thanks all!",2026-06-07,https://old.reddit.com/r/diabetes/comments/1tzjlr0/retina_treatment_experience/,diabetes,"40yo F diagnosed age 10, A1c 7.1 on iLet. I have early-stage NVD retinopathy in both eyes and underwent panretinal photocoagulation PRP of my right eye one month ago. I still have some residual blurred vision on that side, which I understand is normal.I am scheduled to undergo PRP in my left eye this week, and am wondering from those who have had PRP--how long did the blurred vision last afterwards? Wondering if I need to ask about glasses for the short term. Planning to talk to surgeon about this at my appointment, but wanted to hear about everyone's experience!Thanks all!"
I am having trouble telling from their website if the omnipod 5 intro kit is actually necessary or a person can just get the pods and use an app on their phone?,Thank you anyone who knows!,2026-06-07,https://old.reddit.com/r/diabetes/comments/1tzjk1k/i_am_having_trouble_telling_from_their_website_if/,diabetes,Thank you anyone who knows!
Urgent Notice(i.redd.it),"Anyone get this email? Be careful of there folks!Text from email:Users with sensors from affected Dexcom G7 lots (1725204004 and 1725069002) should not use those sensors and can call Dexcom Technical Support in the US at 1-844-478-1600 to request replacements.Please keep record of your affected device(s) serial numberfor traceability purposes– this is required to confirm your no cost replacement. More information on how to determine if sensors are from an affected lot and what action to take is available atwww.dexcom.com/theft-check.Please visitwww.dexcom.com/theft-checkfor additional background and instructions to fulfill the requirements associated with this action including the full version of the Urgent Medical Device Notification.Potential Harm Associated with Stolen ProductLot 1725204004:G7 sensors that are not properly sterilized have an increased risk of skin infection.Lot 1725069002:G7 sensors from a lot with an elevated internal testing failure rate have an increased risk of having no sensor readings available or experiencing sensor inaccuracy that includes the potential for missed detection of a hyperglycemic event or incorrect treatment decisions that can result in patient injury, including medical intervention to prevent permanent injury or impairment.Additionally, due to the unknown storage and handling conditions these sensors may have undergone during the distribution, these sensors may present additional risk.Status of the InvestigationDexcom traced sales of this stolen product back to Pharmsource, LLC, who is not an authorized Dexcom distributor but supplies some independent pharmacies and DME distributors in the United States. Pharmacies that purchased product from Pharmsource should take extra care to review their inventory.Dexcom's authorized distributors provide Dexcom G7 sensors to the largest pharmacy retailers and medical distributors in the United States and around the world. Pharmacy retailers and medical distributors who receive Dexcom product fromauthorized Dexcom distributorsare not impacted. Educational samples are also not impacted.Dexcom is working closely with the FDA and other authorities to ensure patient safety and to investigate this crime. As of now, this issue is mostly impacting customers in the US. We have identified limited impact outside the US (OUS) and continue to investigate. Due to this issue primarily impacting the US and required language translations and additional infrastructure necessary to support customers outside the US, communication to US customers will precede communication to OUS customers.",2026-06-07,https://old.reddit.com/r/diabetes/comments/1tzjdoo/urgent_notice/,diabetes,"Anyone get this email? Be careful of there folks!Text from email Users with sensors from affected Dexcom G7 lots 1725204004 and 1725069002 should not use those sensors and can call Dexcom Technical Support in the US at 1-844-478-1600 to request replacements.Please keep record of your affected device s serial numberfor traceability purposes this is required to confirm your no cost replacement. More information on how to determine if sensors are from an affected lot and what action to take is available at visit additional background and instructions to fulfill the requirements associated with this action including the full version of the Urgent Medical Device Notification.Potential Harm Associated with Stolen ProductLot 1725204004 G7 sensors that are not properly sterilized have an increased risk of skin infection.Lot 1725069002 G7 sensors from a lot with an elevated internal testing failure rate have an increased risk of having no sensor readings available or experiencing sensor inaccuracy that includes the potential for missed detection of a hyperglycemic event or incorrect treatment decisions that can result in patient injury, including medical intervention to prevent permanent injury or impairment.Additionally, due to the unknown storage and handling conditions these sensors may have undergone during the distribution, these sensors may present additional risk.Status of the InvestigationDexcom traced sales of this stolen product back to Pharmsource, LLC, who is not an authorized Dexcom distributor but supplies some independent pharmacies and DME distributors in the United States. Pharmacies that purchased product from Pharmsource should take extra care to review their inventory.Dexcom's authorized distributors provide Dexcom G7 sensors to the largest pharmacy retailers and medical distributors in the United States and around the world. Pharmacy retailers and medical distributors who receive Dexcom product fromauthorized Dexcom distributorsare not impacted. Educational samples are also not impacted.Dexcom is working closely with the FDA and other authorities to ensure patient safety and to investigate this crime. As of now, this issue is mostly impacting customers in the US. We have identified limited impact outside the US OUS and continue to investigate. Due to this issue primarily impacting the US and required language translations and additional infrastructure necessary to support customers outside the US, communication to US customers will precede communication to OUS customers."
Intermittent fasting,What is the info on intermittent fasting? How does it help with BG and diabetes?,2026-06-07,https://old.reddit.com/r/diabetes/comments/1tzgrvu/intermittent_fasting/,diabetes,What is the info on intermittent fasting? How does it help with BG and diabetes?
Triple-action diabetes jab shown to reduce blood sugar and body weight | Diabetes | The Guardian(theguardian.com),"I'm on Mounjaro and my A1C has gone down by 3% from 8.5 to 5.5 in a year. I've also lost 29% of my starting weight. Plus,  my stage 3 fatty liver has completely reversed to 0-1fibrosis. I've also gotten off of an antidepressant after 16 years. I'm happy with it to say the least but the new one may help even more and I hope that's the case. Amazing medicine!",2026-06-07,https://old.reddit.com/r/diabetes/comments/1tzd1y6/tripleaction_diabetes_jab_shown_to_reduce_blood/,diabetes,"I'm on Mounjaro and my A1C has gone down by 3 from 8.5 to 5.5 in a year. I've also lost 29 of my starting weight. Plus, my stage 3 fatty liver has completely reversed to 0-1fibrosis. I've also gotten off of an antidepressant after 16 years. I'm happy with it to say the least but the new one may help even more and I hope that's the case. Amazing medicine!"
Anxiety about my foot care,"I was diagnosed with Type 2 diabetes about two and a half weeks ago. Since then, I've had a nurse coming to my house once a week to teach me about diabetes and how to manage it. One of the biggest topics she's covered is foot care. I know she wasn't trying to scare me, but ever since learning about diabetic foot complications, I've developed a lot of anxiety about my feet. I understand why foot care is important, but now I find myself worrying that if I make one mistake or miss something, I'll end up losing a foot or a leg. Since my diagnosis, I've been checking my feet every day. I wash them daily, lotion them, and inspect them carefully. But despite doing what I'm supposed to do, the anxiety is still there. For example, the other day I accidentally dropped an apple on my foot. It wasn't a heavy object, but I immediately took off my shoe and sock to inspect my foot because I was worried I had injured it. Looking back, it probably wasn't a big deal, but my mind keeps jumping to worst-case scenarios. It feels like any little thing that happens to my feet could turn into something serious, and that's causing a lot of stress. For those of you who have Type 2 diabetes, especially those who have had it for years, how did you get over the fear and anxiety surrounding foot care and the possibility of complications? How do you stay vigilant without becoming overly worried about every little thing?",2026-06-07,https://old.reddit.com/r/diabetes/comments/1tzc4a9/anxiety_about_my_foot_care/,diabetes,"I was diagnosed with Type 2 diabetes about two and a half weeks ago. Since then, I've had a nurse coming to my house once a week to teach me about diabetes and how to manage it. One of the biggest topics she's covered is foot care. I know she wasn't trying to scare me, but ever since learning about diabetic foot complications, I've developed a lot of anxiety about my feet. I understand why foot care is important, but now I find myself worrying that if I make one mistake or miss something, I'll end up losing a foot or a leg. Since my diagnosis, I've been checking my feet every day. I wash them daily, lotion them, and inspect them carefully. But despite doing what I'm supposed to do, the anxiety is still there. For example, the other day I accidentally dropped an apple on my foot. It wasn't a heavy object, but I immediately took off my shoe and sock to inspect my foot because I was worried I had injured it. Looking back, it probably wasn't a big deal, but my mind keeps jumping to worst-case scenarios. It feels like any little thing that happens to my feet could turn into something serious, and that's causing a lot of stress. For those of you who have Type 2 diabetes, especially those who have had it for years, how did you get over the fear and anxiety surrounding foot care and the possibility of complications? How do you stay vigilant without becoming overly worried about every little thing?"
New Dexcom g6 transmitters with an extra character and pairing with omnipod,Got a new transmitter with ######-# and since then having no luck connecting two together. Anyone had a similar issue and found a way to solve it?,2026-06-07,https://old.reddit.com/r/diabetes/comments/1tzar16/new_dexcom_g6_transmitters_with_an_extra/,diabetes,Got a new transmitter with - and since then having no luck connecting two together. Anyone had a similar issue and found a way to solve it?
"Dexcom G7, 10 day goes crazy(i.redd.it)","my G7 at day 7, had 12 “brief sensor issues” and tech support at first basically said it was OK. after a few more, I called tech support again and they replaced it. I absolutely hate Dexcom, such crap.  I have a Tandem Mobi pump which is amazing, but it relies on a crap sensor.  why cant we get decent sensors to work with smart pumps?",2026-06-07,https://old.reddit.com/r/diabetes/comments/1tza75i/dexcom_g7_10_day_goes_crazy/,diabetes,"my G7 at day 7, had 12 brief sensor issues and tech support at first basically said it was OK. after a few more, I called tech support again and they replaced it. I absolutely hate Dexcom, such crap. I have a Tandem Mobi pump which is amazing, but it relies on a crap sensor. why cant we get decent sensors to work with smart pumps?"
Title: Fear of hypoglycemia is ruining my diabetes management. Does anyone else experience this?(),"​I have Type 1 diabetes and overall my blood sugars are not terrible, but I have a problem that is becoming harder and harder to deal with.Sometimes I can eat exactly the same meal on two different days. One day everything is fine, and the next day my blood sugar drops even though I took the same insulin dose or even less insulin.I also sometimes get unexpected lows at night.A while ago I had several episodes where my blood sugar dropped after taking my basal insulin (Tresiba). Since then I have developed a strong fear of taking my basal insulin when I am alone at home without a doctor or another person around.I know this fear probably comes from those past experiences, but every time I am about to inject my basal insulin, I start remembering those situations and imagining that it will happen again.The worst part is that my fear of hypoglycemia affects my decisions. I sometimes reduce insulin more than I should because I am afraid of going low. Then my blood sugars run high, and eventually everything gets out of control.I feel like I am stuck between being afraid of lows and afraid of highs.Has anyone else experienced something similar? How did you deal with the fear of hypoglycemia, especially after having scary low blood sugar episodes?I would really appreciate hearing from people who have gone through this.",2026-06-07,https://old.reddit.com/r/diabetes/comments/1tz9eq6/title_fear_of_hypoglycemia_is_ruining_my_diabetes/,diabetes,"I have Type 1 diabetes and overall my blood sugars are not terrible, but I have a problem that is becoming harder and harder to deal with.Sometimes I can eat exactly the same meal on two different days. One day everything is fine, and the next day my blood sugar drops even though I took the same insulin dose or even less insulin.I also sometimes get unexpected lows at night.A while ago I had several episodes where my blood sugar dropped after taking my basal insulin Tresiba . Since then I have developed a strong fear of taking my basal insulin when I am alone at home without a doctor or another person around.I know this fear probably comes from those past experiences, but every time I am about to inject my basal insulin, I start remembering those situations and imagining that it will happen again.The worst part is that my fear of hypoglycemia affects my decisions. I sometimes reduce insulin more than I should because I am afraid of going low. Then my blood sugars run high, and eventually everything gets out of control.I feel like I am stuck between being afraid of lows and afraid of highs.Has anyone else experienced something similar? How did you deal with the fear of hypoglycemia, especially after having scary low blood sugar episodes?I would really appreciate hearing from people who have gone through this."
Do skittles really work for hypos?,Same as the title,2026-06-07,https://old.reddit.com/r/diabetes/comments/1tz8jhp/do_skittles_really_work_for_hypos/,diabetes,Same as the title
Title: Fear of hypoglycemia is ruining my diabetes management. Does anyone else experience this?(),"I have Type 1 diabetes and overall my blood sugars are not terrible, but I have a problem that is becoming harder and harder to deal with.Sometimes I can eat exactly the same meal on two different days. One day everything is fine, and the next day my blood sugar drops even though I took the same insulin dose or even less insulin.I also sometimes get unexpected lows at night.A while ago I had several episodes where my blood sugar dropped after taking my basal insulin (Tresiba). Since then I have developed a strong fear of taking my basal insulin when I am alone at home without a doctor or another person around.I know this fear probably comes from those past experiences, but every time I am about to inject my basal insulin, I start remembering those situations and imagining that it will happen again.The worst part is that my fear of hypoglycemia affects my decisions. I sometimes reduce insulin more than I should because I am afraid of going low. Then my blood sugars run high, and eventually everything gets out of control.I feel like I am stuck between being afraid of lows and afraid of highs.Has anyone else experienced something similar? How did you deal with the fear of hypoglycemia, especially after having scary low blood sugar episodes?I would really appreciate hearing from people who have gone through this.",2026-06-07,https://old.reddit.com/r/diabetes/comments/1tz5krv/title_fear_of_hypoglycemia_is_ruining_my_diabetes/,diabetes,"I have Type 1 diabetes and overall my blood sugars are not terrible, but I have a problem that is becoming harder and harder to deal with.Sometimes I can eat exactly the same meal on two different days. One day everything is fine, and the next day my blood sugar drops even though I took the same insulin dose or even less insulin.I also sometimes get unexpected lows at night.A while ago I had several episodes where my blood sugar dropped after taking my basal insulin Tresiba . Since then I have developed a strong fear of taking my basal insulin when I am alone at home without a doctor or another person around.I know this fear probably comes from those past experiences, but every time I am about to inject my basal insulin, I start remembering those situations and imagining that it will happen again.The worst part is that my fear of hypoglycemia affects my decisions. I sometimes reduce insulin more than I should because I am afraid of going low. Then my blood sugars run high, and eventually everything gets out of control.I feel like I am stuck between being afraid of lows and afraid of highs.Has anyone else experienced something similar? How did you deal with the fear of hypoglycemia, especially after having scary low blood sugar episodes?I would really appreciate hearing from people who have gone through this."
My moms dka,"I’ve been shaking and terrified for the last couple of days now.My mom went into dka (type 1) because she didn’t  her insulin and her sugar was at 900.When my little sister called me and told me we needed and ambulance for my mom I heard her making sounds in the background like groans.She eneded up  going to the hospital and I didnt hear from her for over 24 hours that’s when i called the hospital and found out she was on the ventilator because she went into shock could not breathe on her own and that she also had went into cardiac arrest.I got there and they said they have her stable but she neeeded the ventilator still.I’m typing this shaking and crying at 1am desperately searching for answers I can’t lose this woman she’s all I have left.Update : 6/7 just left the hospital she was transferred to they put her on a more advanced life support that kinda did all the breathing for her that way her lungs weren’t overwhelmed. They said she was dropping rapidly when she got there and is doing much better now she’s currently on dialysis while sedated so there gonna day by day try and ease up on it to see if she can go back to breathing on her own.Update 6/8 just received this messageGood morning Cuz I called the hospital to check on J**** this morning. She’s still on the egg machine which they say she’ll be on there probably for the next day or so her condition is stable. She’s still critical but it’s stable now the nurse said it’s not declining, which is a good thing. Her heart rate is between 90 and 100 which is a lot better than the last couple days and she did receive some blood product so her hemoglobin it did drop but it’s back up within normal range now her blood pressure is also stable. It’s still on the low end because she’s still fully sedated which the nurse stated is normal but it is it is within good range. We are going to continue to keep her in prayer that each day she gets a little better.Update 6/9She’s able to open her eyes and move abit now she’s till on some machines but progress is being made",2026-06-07,https://old.reddit.com/r/diabetes/comments/1tz2zec/my_moms_dka/,diabetes,"I ve been shaking and terrified for the last couple of days now.My mom went into dka type 1 because she didn t her insulin and her sugar was at 900.When my little sister called me and told me we needed and ambulance for my mom I heard her making sounds in the background like groans.She eneded up going to the hospital and I didnt hear from her for over 24 hours that s when i called the hospital and found out she was on the ventilator because she went into shock could not breathe on her own and that she also had went into cardiac arrest.I got there and they said they have her stable but she neeeded the ventilator still.I m typing this shaking and crying at 1am desperately searching for answers I can t lose this woman she s all I have left.Update 6 7 just left the hospital she was transferred to they put her on a more advanced life support that kinda did all the breathing for her that way her lungs weren t overwhelmed. They said she was dropping rapidly when she got there and is doing much better now she s currently on dialysis while sedated so there gonna day by day try and ease up on it to see if she can go back to breathing on her own.Update 6 8 just received this messageGood morning Cuz I called the hospital to check on J this morning. She s still on the egg machine which they say she ll be on there probably for the next day or so her condition is stable. She s still critical but it s stable now the nurse said it s not declining, which is a good thing. Her heart rate is between 90 and 100 which is a lot better than the last couple days and she did receive some blood product so her hemoglobin it did drop but it s back up within normal range now her blood pressure is also stable. It s still on the low end because she s still fully sedated which the nurse stated is normal but it is it is within good range. We are going to continue to keep her in prayer that each day she gets a little better.Update 6 9She s able to open her eyes and move abit now she s till on some machines but progress is being made"
I'm confused,I was told by my endo I'm losing weight  BECAUSE of the diabetes but yet I've cut out 90% of all sugars  / carbs so seems to me THATS the reason I'm losing weight  PLUS im hearing many of the type 2 diabetes drugs cause you to lose weight BUT I'm hearing one of the type 2 diabetes symptoms is you're hungry all the time ( which im not ) so what's the deal and who's on first,2026-06-07,https://old.reddit.com/r/diabetes/comments/1tyz5cv/im_confused/,diabetes,I was told by my endo I'm losing weight BECAUSE of the diabetes but yet I've cut out 90 of all sugars carbs so seems to me THATS the reason I'm losing weight PLUS im hearing many of the type 2 diabetes drugs cause you to lose weight BUT I'm hearing one of the type 2 diabetes symptoms is you're hungry all the time which im not so what's the deal and who's on first
I think I need to buy a new fridge 😥(i.redd.it),"My icecream melts in the freezer, but my fridge freezes my insulin.",2026-06-07,https://old.reddit.com/r/diabetes/comments/1tyy82l/i_think_i_need_to_buy_a_new_fridge/,diabetes,"My icecream melts in the freezer, but my fridge freezes my insulin."
Dexcom G7 placement,"Until now, I've been living with Dexcom g7 attached to my arm.It's hard to put an over patch on my arm, and it hurtsbecause it keeps hitting the door or wall.It's easy to see in people's eyes.I'm often asked about it.I wonder if it's okay to put it on the thigh or stomach.Is there anyone who does it on the thigh or stomach?",2026-06-07,https://old.reddit.com/r/diabetes/comments/1tyxz1q/dexcom_g7_placement/,diabetes,"Until now, I've been living with Dexcom g7 attached to my arm.It's hard to put an over patch on my arm, and it hurtsbecause it keeps hitting the door or wall.It's easy to see in people's eyes.I'm often asked about it.I wonder if it's okay to put it on the thigh or stomach.Is there anyone who does it on the thigh or stomach?"
Yea I finally got the receiver(i.redd.it),"As a type 1 diabetic, I think I really need a receiver because I don't have enough storage space on my phone and I thinkI'll have to use Dexcom for the rest of my life.I think Dexcom needs a lot of storage space.I decided to pay much more money to buy a receiver than to increase the storage space every month.When the receiver's case arrives, I'll use the receiver.I'll just leave it alone until the case comes.I really don't like my stuff getting damaged.For example, scratching or breaking.",2026-06-07,https://old.reddit.com/r/diabetes/comments/1tyxn2r/yea_i_finally_got_the_receiver/,diabetes,"As a type 1 diabetic, I think I really need a receiver because I don't have enough storage space on my phone and I thinkI'll have to use Dexcom for the rest of my life.I think Dexcom needs a lot of storage space.I decided to pay much more money to buy a receiver than to increase the storage space every month.When the receiver's case arrives, I'll use the receiver.I'll just leave it alone until the case comes.I really don't like my stuff getting damaged.For example, scratching or breaking."
Phantom pains from old cgm's?,"Does anyone else get phantom pains from the previous cgm???? Once the initial ouch of a new sensor fades away I genuinely don't feel it for the rest of the 15 days, but I *do* feel exactly where the sensor before was and I get little phantom pains from where the wire had been???Does anyone else get this? I only know one other diabetic person irl and she said she doesn't get this at all 😅",2026-06-06,https://old.reddit.com/r/diabetes/comments/1tyoo0c/phantom_pains_from_old_cgms/,diabetes,"Does anyone else get phantom pains from the previous cgm???? Once the initial ouch of a new sensor fades away I genuinely don't feel it for the rest of the 15 days, but I do feel exactly where the sensor before was and I get little phantom pains from where the wire had been???Does anyone else get this? I only know one other diabetic person irl and she said she doesn't get this at all"
This amount of blood normal? First time putting on by myself(i.redd.it),"I mean, normally you want to keep the blood inside, rather than outside, but if it's not continuing to leak, that doesn't look like a concerning amount of blood loss.",2026-06-06,https://old.reddit.com/r/diabetes/comments/1tyojh4/this_amount_of_blood_normal_first_time_putting_on/,diabetes,"I mean, normally you want to keep the blood inside, rather than outside, but if it's not continuing to leak, that doesn't look like a concerning amount of blood loss."
Small vent: celebrations can be tough with diabetes,"I'm graduating next week and while I've been excited, it's been rough trying to navigate all the celebratory food that's been around! Some of my profs brought donuts and cupcakes and other goodies to celebrate that last day of class and my university is providing snacks for finals week but they're all carb/sugar heavy 😭 It's also worse because I'm super broke and struggling to afford groceries and I'm always hungry on campus so the impulse to eat something is strong.I'm envious of all those around me who can eat whatever they want without a second thought. Anyway, just a small vent 🫨",2026-06-06,https://old.reddit.com/r/diabetes/comments/1tyldts/small_vent_celebrations_can_be_tough_with_diabetes/,diabetes,"I'm graduating next week and while I've been excited, it's been rough trying to navigate all the celebratory food that's been around! Some of my profs brought donuts and cupcakes and other goodies to celebrate that last day of class and my university is providing snacks for finals week but they're all carb sugar heavy It's also worse because I'm super broke and struggling to afford groceries and I'm always hungry on campus so the impulse to eat something is strong.I'm envious of all those around me who can eat whatever they want without a second thought. Anyway, just a small vent"
Type 1 Diabetes and PCOS Advice,"hi, just lurking here on reddit and it gave me courage to ask you guys.so, i am 26F, and i've been diagnosed with T1D 4 years ago. and medically diagnosed with PCOS also on the same year, but i think i had pcos for like 9-10 years already, just not diagnosed. i had already experienced 2 DKAs and went in ER for both tho with different symptoms. i am always gaining weight even if i eat a little and i walk or hike for my exercise. i provide for myself with a little salary so it's so hard to have regular check ups with my doctor, and it is so expensive to have this kind of battle. and my doctor also told me to get a cgm to better manage and monitor my blood sugar, which i should follow but cgms are so expensive, and with all of these hormonal imbalances i am having, it is also too hard for me to be consistent in all things. especially in checking my sugar and managing my health. i am good in doing both consistently but only on my 1st-2nd year after being diagnosed. i got lazy because everything is so inconsistent, especially on the symptoms and reasons of my hypergly and hypogly. and also with my insulin injections which is supposedly a premeal injection but because of my work which sometimes requires to dine with my bosses, or other higher ranking officers in our office, i had to inject my insulin post meal in order not to interrupt anything. my insulins are also expensive because those free from gov't insulins or other cheap insulins don't work for me.anyways, is there any advice you can give to me? don't limit yourself on what i have shared only, you can share me your thoughts. just anything. thank youuu",2026-06-06,https://old.reddit.com/r/diabetes/comments/1tyl2vs/type_1_diabetes_and_pcos_advice/,diabetes,"hi, just lurking here on reddit and it gave me courage to ask you guys.so, i am 26F, and i've been diagnosed with T1D 4 years ago. and medically diagnosed with PCOS also on the same year, but i think i had pcos for like 9-10 years already, just not diagnosed. i had already experienced 2 DKAs and went in ER for both tho with different symptoms. i am always gaining weight even if i eat a little and i walk or hike for my exercise. i provide for myself with a little salary so it's so hard to have regular check ups with my doctor, and it is so expensive to have this kind of battle. and my doctor also told me to get a cgm to better manage and monitor my blood sugar, which i should follow but cgms are so expensive, and with all of these hormonal imbalances i am having, it is also too hard for me to be consistent in all things. especially in checking my sugar and managing my health. i am good in doing both consistently but only on my 1st-2nd year after being diagnosed. i got lazy because everything is so inconsistent, especially on the symptoms and reasons of my hypergly and hypogly. and also with my insulin injections which is supposedly a premeal injection but because of my work which sometimes requires to dine with my bosses, or other higher ranking officers in our office, i had to inject my insulin post meal in order not to interrupt anything. my insulins are also expensive because those free from gov't insulins or other cheap insulins don't work for me.anyways, is there any advice you can give to me? don't limit yourself on what i have shared only, you can share me your thoughts. just anything. thank youuu"
Can you use Simplera Sync with smartguard?,"I just want to make this very clear. Is it correct that you can use Simplera Sync with smartguard? And is it as good as Guardian?My boyfriend uses Guardian sensor with minimed 780g pump, with smartguard. Every once in a while, he can’t get it off himself (and he usually never asks anyone for help with anything). I’m just concerned that one day he might be alone for that situation, so I looked into Simplera sync, which seems much easier to pull off.I just wanna make sure before I suggest it, cause I don’t wanna get his hopes up.And if it does, does it work as good as the guardian 4 in terms of not having to change it more than once a week? Not that it always works perfectly regards to that, but most of the time it does. And he certainly wouldn’t accept anything that wouldn’t match what Guardian can provide.",2026-06-06,https://old.reddit.com/r/diabetes/comments/1tye605/can_you_use_simplera_sync_with_smartguard/,diabetes,"I just want to make this very clear. Is it correct that you can use Simplera Sync with smartguard? And is it as good as Guardian?My boyfriend uses Guardian sensor with minimed 780g pump, with smartguard. Every once in a while, he can t get it off himself and he usually never asks anyone for help with anything . I m just concerned that one day he might be alone for that situation, so I looked into Simplera sync, which seems much easier to pull off.I just wanna make sure before I suggest it, cause I don t wanna get his hopes up.And if it does, does it work as good as the guardian 4 in terms of not having to change it more than once a week? Not that it always works perfectly regards to that, but most of the time it does. And he certainly wouldn t accept anything that wouldn t match what Guardian can provide."
People who felt tired on metformin - when did you feel better?(),"Hi, I've been on Metformin 750 XR (extended release) for 10 days now. I feel very tired. I can still exercise, but I feel unwell. I've read that this is a common side effect and that it goes away, but when? How was it for you?",2026-06-06,https://old.reddit.com/r/diabetes/comments/1tydjz0/people_who_felt_tired_on_metformin_when_did_you/,diabetes,"Hi, I've been on Metformin 750 XR extended release for 10 days now. I feel very tired. I can still exercise, but I feel unwell. I've read that this is a common side effect and that it goes away, but when? How was it for you?"
Finally doing well.(old.reddit.com),35m diagnosed when I was 21.Been using food visor app for 2 weeks and man it's really got my rating a sugars in check. Feeling super proud and the graphs really do show. I have never felt so in control of my life. I hope it's sustainable. But enjoy the good when you can 😁.,2026-06-06,https://old.reddit.com/r/diabetes/comments/1tycri7/finally_doing_well/,diabetes,35m diagnosed when I was 21.Been using food visor app for 2 weeks and man it's really got my rating a sugars in check. Feeling super proud and the graphs really do show. I have never felt so in control of my life. I hope it's sustainable. But enjoy the good when you can .
Alcoholism and Hypoglycemia,"Hello! I am a recovering alcoholic. I quit drinking on Feb 27th of this year and have just over 3 months clean now. A large part of the reason I stopped was because it was effecting my health including my blood sugar. I am not diagnosed with diabetes and I'm not sure if what I have even begins to qualify as that. Obviously I can't ask for a diagnosis here but I was wondering if anyone had similar experiences with alcohol and could give me some idea of what to expect.About 3 years into drinking I was working on my wife's brakes at my grandparent's house when I suddenly started to shake violently. This then became accompanied by what I can only describe as the absolute worst feeling in the world coupled with a panic attack. I had to lay down and rest in my grandparent's bed for a few hours and woke up feeling relatively normal. I drank lots of water and ate some peanut butter crackers because at the time I assumed it was dehydration due to too much beer and not enough liquid. This lead to me buying pedialyte and increasing my water intake drastically.Then it came back a few days later. This time much worse. It felt like a panic attack from hell. My heart was pounding wildly and I was shaking uncontrollably. My apple watch said 160bpm. I called the ambulance and told them what was going on. They put me on fluids and monitored me. They said my sugar levels were dangerously low and had me eat some stuff. Then it happened again... and again. Each time I called the ambulance because I wasn't certain if I was dying and my heart rate was reaching it's limit for my age. Laying on your back while completely calm and spiking to 160+ bpm is a scary feeling. Standing up would make it rise even more.I explained what was going on to my grandmother and she gave me my first finger prick glucose meter (The Freestyle lite). Her insurance paid for lots of strips and lancets and such so she bought me my own device and gave me a bunch of supplies. From then on I started watching it like a hawk taking 2-3 regularly a day as well as any time I felt off. Sure enough I was consistently hitting 70 and below. The doctors in the ER said this is somewhat common in alcoholics because the liver cannot process sugars correctly.So I bought glucose tablets and apple juice for emergencies, regularly drank whole milk and changed up my diet to try and maintain better. Unfortunately it kept failing me though. In the end I would have to rely on the apple juice or tablets to get my sugar up and this only worked temporarily. I decided I had to quit drinking. So I did just that and I have stuck to it. I refuse to have a single drop because I was absolutely miserable and I NEVER want to go through that again.My sugar has become much more stable since then with the help of dieting. However... Even 3 months in if I am not careful and don't keep an eye on things, my levels will quickly drop. Can alcohol even cause diabetes? This seems like the opposite of that I thought diabetics had high sugar issues? I wonder if it will ever go away. Of course I am seeing doctors about this but they can't seem to decide whether or not it will go away and because I am not diabetic I can't use my insurance for a meter, strips, etc.. Currently I am using the Contour Next One system as well as a One Touch's Verio Reflect. One for travel/accuracy and the other because it's diet coaching and rewards and stuff help keep me consistent.Thank you very much for any information and for allowing me to enter your community. I'm not exactly sure if I belong to it or not yet, but as a guest I greatly appreciate any experience you can share. Specifically if you have been through this, if it ever went away for you, and whether or not something like this falls into diabetes territory.God bless and have a fantastic weekend!",2026-06-06,https://old.reddit.com/r/diabetes/comments/1ty6sa8/alcoholism_and_hypoglycemia/,diabetes,"Hello! I am a recovering alcoholic. I quit drinking on Feb 27th of this year and have just over 3 months clean now. A large part of the reason I stopped was because it was effecting my health including my blood sugar. I am not diagnosed with diabetes and I'm not sure if what I have even begins to qualify as that. Obviously I can't ask for a diagnosis here but I was wondering if anyone had similar experiences with alcohol and could give me some idea of what to expect.About 3 years into drinking I was working on my wife's brakes at my grandparent's house when I suddenly started to shake violently. This then became accompanied by what I can only describe as the absolute worst feeling in the world coupled with a panic attack. I had to lay down and rest in my grandparent's bed for a few hours and woke up feeling relatively normal. I drank lots of water and ate some peanut butter crackers because at the time I assumed it was dehydration due to too much beer and not enough liquid. This lead to me buying pedialyte and increasing my water intake drastically.Then it came back a few days later. This time much worse. It felt like a panic attack from hell. My heart was pounding wildly and I was shaking uncontrollably. My apple watch said 160bpm. I called the ambulance and told them what was going on. They put me on fluids and monitored me. They said my sugar levels were dangerously low and had me eat some stuff. Then it happened again... and again. Each time I called the ambulance because I wasn't certain if I was dying and my heart rate was reaching it's limit for my age. Laying on your back while completely calm and spiking to 160 bpm is a scary feeling. Standing up would make it rise even more.I explained what was going on to my grandmother and she gave me my first finger prick glucose meter The Freestyle lite . Her insurance paid for lots of strips and lancets and such so she bought me my own device and gave me a bunch of supplies. From then on I started watching it like a hawk taking 2-3 regularly a day as well as any time I felt off. Sure enough I was consistently hitting 70 and below. The doctors in the ER said this is somewhat common in alcoholics because the liver cannot process sugars correctly.So I bought glucose tablets and apple juice for emergencies, regularly drank whole milk and changed up my diet to try and maintain better. Unfortunately it kept failing me though. In the end I would have to rely on the apple juice or tablets to get my sugar up and this only worked temporarily. I decided I had to quit drinking. So I did just that and I have stuck to it. I refuse to have a single drop because I was absolutely miserable and I NEVER want to go through that again.My sugar has"
Well then…(i.redd.it),"This is the lowest I’ve been since I was diagnosed a month and half ago. Increase protein and fiber, no more sodas or energy drinks (sugar free if I need one), no more late night eating, no more snacking…Didn’t think I could do it since I’m a fatty and I love my snacks.",2026-06-06,https://old.reddit.com/r/diabetes/comments/1ty638i/well_then/,diabetes,"This is the lowest I ve been since I was diagnosed a month and half ago. Increase protein and fiber, no more sodas or energy drinks sugar free if I need one , no more late night eating, no more snacking Didn t think I could do it since I m a fatty and I love my snacks."
Is it ok to be on a low-carb diet when getting the GAD65 antibodies test done?,"Does anyone know if it’s ok to be on a low-carb diet when getting the GAD65 antibodies test done? You don’t have to be consuming a certain amount of carbs for it to be accurate, do you?I ask because I have celiac disease and when you’re getting tested with the antibodies test, you have to be consuming a certain amount of gluten or it’s not accurate.So I just wanted to double-check! And I’m guessing it doesn’t matter what time of day you get the test done?",2026-06-06,https://old.reddit.com/r/diabetes/comments/1ty3lw7/is_it_ok_to_be_on_a_lowcarb_diet_when_getting_the/,diabetes,"Does anyone know if it s ok to be on a low-carb diet when getting the GAD65 antibodies test done? You don t have to be consuming a certain amount of carbs for it to be accurate, do you?I ask because I have celiac disease and when you re getting tested with the antibodies test, you have to be consuming a certain amount of gluten or it s not accurate.So I just wanted to double-check! And I m guessing it doesn t matter what time of day you get the test done?"
Pump/CGM users who wear on the tricep: How do y'all do preacher curls and similar exercises?,"As I increase weights, the pressure on the omnipod becomes super uncomfortable and I begin to worry I'll mess up the pump/cannula. Any advice?",2026-06-06,https://old.reddit.com/r/diabetes/comments/1ty2bsf/pumpcgm_users_who_wear_on_the_tricep_how_do_yall/,diabetes,"As I increase weights, the pressure on the omnipod becomes super uncomfortable and I begin to worry I'll mess up the pump cannula. Any advice?"
T2D & DASH diet,Is the DASH diet appropriate for T2D?  It seems rather high in carbs to be a good choice?,2026-06-05,https://old.reddit.com/r/diabetes/comments/1ty09ev/t2d_dash_diet/,diabetes,Is the DASH diet appropriate for T2D? It seems rather high in carbs to be a good choice?
"I'm between PCPs because of new insurance, how can I get a prescription written without paying an arm and leg?","I am not from america, in my country you can just buy insulin over the counter. I lost my insurance, got a new one and had to get a new pcp but that appointment is not until July 10th. I just had to pay out of pocket for my insulin, is there any way I can get a prescription through my new insurance to avoid paying such a hefty bill?",2026-06-05,https://old.reddit.com/r/diabetes/comments/1txy5uj/im_between_pcps_because_of_new_insurance_how_can/,diabetes,"I am not from america, in my country you can just buy insulin over the counter. I lost my insurance, got a new one and had to get a new pcp but that appointment is not until July 10th. I just had to pay out of pocket for my insulin, is there any way I can get a prescription through my new insurance to avoid paying such a hefty bill?"
Assistive devices to encourage correct insulin administration?,"The question:Is anyone familiar with an assistive device or cue that will help someone with poor cognitive function to administer insulin by pushing the plunger button rather than twisting??--------------------------------------------------The context:I know the health professional that said this me at well, but my dad was told to ""inject slowly"" but he's become OBSESSED now with the fact that when he pushes the plunger button to inject ""it goes to quickly, I was told to do it slowly!"".This has resulted in him missing so many doses. The diabetic nurse, understandably, puts it down to adherence and accuses him of not doing it, but I know that he is but he's just doing it incorrectly meaning he's not getting the dose, but he just doesn't get it.The trouble is whenever they ""watch his technique"" they don't actually get all the way to a part where he can fully inject and they tick it off as good technique. I've seen him twisting it and we have so many arguments about it.He lives alone, I call him multiple times a day to make sure he's following protocol, but it would be great if it was just earlier for him - is there something I can attach to the pen to stop him feeling the need to twist??P. S. I do not want advice about him living alone - please don't be offended, but if you don't know the full circumstances, it's not appropriate.",2026-06-05,https://old.reddit.com/r/diabetes/comments/1txx5c5/assistive_devices_to_encourage_correct_insulin/,diabetes,"The question Is anyone familiar with an assistive device or cue that will help someone with poor cognitive function to administer insulin by pushing the plunger button rather than twisting??--------------------------------------------------The context I know the health professional that said this me at well, but my dad was told to ""inject slowly"" but he's become OBSESSED now with the fact that when he pushes the plunger button to inject ""it goes to quickly, I was told to do it slowly!"".This has resulted in him missing so many doses. The diabetic nurse, understandably, puts it down to adherence and accuses him of not doing it, but I know that he is but he's just doing it incorrectly meaning he's not getting the dose, but he just doesn't get it.The trouble is whenever they ""watch his technique"" they don't actually get all the way to a part where he can fully inject and they tick it off as good technique. I've seen him twisting it and we have so many arguments about it.He lives alone, I call him multiple times a day to make sure he's following protocol, but it would be great if it was just earlier for him - is there something I can attach to the pen to stop him feeling the need to twist??P. S. I do not want advice about him living alone - please don't be offended, but if you don't know the full circumstances, it's not appropriate."
"Carbohydrate concerto in ""D""(i.redd.it)",Well this is FUN! yawn.,2026-06-05,https://old.reddit.com/r/diabetes/comments/1txwnej/carbohydrate_concerto_in_d/,diabetes,Well this is FUN! yawn.
Police removed top diabetes researchers from the American Diabetes Association annual conference for speaking out against the Trump administrations cuts to the NIH(medpagetoday.com),"For anyone who thinks that diabetes research isn't being affected by the ongoing, systematic destruction of the NIH and US biomedical research, please watch the video attached. All these scientists did was write an editorial article condemning the actions that the NIH has been taking against the institution of biomedical research. For that, forced removal from the conference. These are some of the top diabetes researchers in the world, at one of the highest regarded conferences in the world. Scientific discourse, including disagreement, is foundational to progress, both at the scientific and societal levels. It's a constitutionally protected right. This is fascist authoritarianism. That's not hyperbole. It's not an exaggeration. This affects every single one of us.",2026-06-05,https://old.reddit.com/r/diabetes/comments/1txvthf/police_removed_top_diabetes_researchers_from_the/,diabetes,"For anyone who thinks that diabetes research isn't being affected by the ongoing, systematic destruction of the NIH and US biomedical research, please watch the video attached. All these scientists did was write an editorial article condemning the actions that the NIH has been taking against the institution of biomedical research. For that, forced removal from the conference. These are some of the top diabetes researchers in the world, at one of the highest regarded conferences in the world. Scientific discourse, including disagreement, is foundational to progress, both at the scientific and societal levels. It's a constitutionally protected right. This is fascist authoritarianism. That's not hyperbole. It's not an exaggeration. This affects every single one of us."
Anyone else with LADA experience loose stools/diarrhea right after lunch?,"Hey everyone. I have Type 1.5 diabetes (LADA) and take a pretty high dose of insulin—specifically 35 units of fast-acting right before lunch.I’ve noticed that about 80% of the time, I get loose motions/diarrhea almost immediately after eating lunch. This has been happening for a long time.Is this related to LADA or insulin doses, or am I overthinking something that's normal?Would love to hear if anyone else experiences this",2026-06-05,https://old.reddit.com/r/diabetes/comments/1txuefo/anyone_else_with_lada_experience_loose/,diabetes,"Hey everyone. I have Type 1.5 diabetes LADA and take a pretty high dose of insulin specifically 35 units of fast-acting right before lunch.I ve noticed that about 80 of the time, I get loose motions diarrhea almost immediately after eating lunch. This has been happening for a long time.Is this related to LADA or insulin doses, or am I overthinking something that's normal?Would love to hear if anyone else experiences this"
Software Suggestion,Is there any app that can let me make notes on my blood sugar (like dexcom app) but will have it sync with Tandem Pump data for boulus and carb information?,2026-06-05,https://old.reddit.com/r/diabetes/comments/1txswub/software_suggestion/,diabetes,Is there any app that can let me make notes on my blood sugar like dexcom app but will have it sync with Tandem Pump data for boulus and carb information?
Keto acidosis & alcoholism,My sister died earlier this year at the age of 43.Before she passed away she had the flu and also was suffering a bad case of thrush. When she died we wondered if the thrush went into her blood stream. After the coroner did an investigation they determined she died of diabetic keto acidosis and and a upper gastro intestinal tract hemorrhage. We do not believe she knew she was diabetic and she died in her sleep. She did have alcohol in her system.She suffered from substance abuse most of her life. Her drugs of choice was pills and alcohol and I know she tried meth. She may have been hiding other substances as well.I have been trying to figure out how she didn’t know she had diabetes. Were her symptoms just not there? She didn’t take care of her health very well and the last couple years she was frail/thin. Her skin was crepey and she looked a lot older than she was. She struggled with mental health and never treated it.I don’t know what I am asking here but i guess I am wondering if its possible she went into keto acidosis because of the alcohol and she was not in fact diabetic. Did she suffer and feel the hemorrhage? I know its probably not possible for someone to answer but I guess I just wonder if substance abuse played a role in all this.,2026-06-05,https://old.reddit.com/r/diabetes/comments/1txsmlo/keto_acidosis_alcoholism/,diabetes,My sister died earlier this year at the age of 43.Before she passed away she had the flu and also was suffering a bad case of thrush. When she died we wondered if the thrush went into her blood stream. After the coroner did an investigation they determined she died of diabetic keto acidosis and and a upper gastro intestinal tract hemorrhage. We do not believe she knew she was diabetic and she died in her sleep. She did have alcohol in her system.She suffered from substance abuse most of her life. Her drugs of choice was pills and alcohol and I know she tried meth. She may have been hiding other substances as well.I have been trying to figure out how she didn t know she had diabetes. Were her symptoms just not there? She didn t take care of her health very well and the last couple years she was frail thin. Her skin was crepey and she looked a lot older than she was. She struggled with mental health and never treated it.I don t know what I am asking here but i guess I am wondering if its possible she went into keto acidosis because of the alcohol and she was not in fact diabetic. Did she suffer and feel the hemorrhage? I know its probably not possible for someone to answer but I guess I just wonder if substance abuse played a role in all this.
Dr. Phil is a fraud,I watched Dr. Phils infomercial on glycolean.  Supposedly cured his wife of type 2 diabetes.  I was so excited so i ordered 5 bottles.  I tried it for 60 days and it absolutely did nothing!  My blood sugar didn't change at all.  Just a scam!  I tried to return it for a refund per their 60 day refund policy and they wouldn't refund my money.  Just said too bad.  SCAM!   DON'T TRUST THIS PRODUCT ENDORSED BY DR. PHIL!,2026-06-05,https://old.reddit.com/r/diabetes/comments/1txrrhd/dr_phil_is_a_fraud/,diabetes,I watched Dr. Phils infomercial on glycolean. Supposedly cured his wife of type 2 diabetes. I was so excited so i ordered 5 bottles. I tried it for 60 days and it absolutely did nothing! My blood sugar didn't change at all. Just a scam! I tried to return it for a refund per their 60 day refund policy and they wouldn't refund my money. Just said too bad. SCAM! DON'T TRUST THIS PRODUCT ENDORSED BY DR. PHIL!
how do you manage your medical records?,"Dealing with diabetes, thyroid issues, and lactose intolerance for 6 years now. Just started having chest pain too so that's fun. I've got 100+ reports piled up and zero system. Can never find anything when I actually need it.",2026-06-05,https://old.reddit.com/r/diabetes/comments/1txqwza/how_do_you_manage_your_medical_records/,diabetes,"Dealing with diabetes, thyroid issues, and lactose intolerance for 6 years now. Just started having chest pain too so that's fun. I've got 100 reports piled up and zero system. Can never find anything when I actually need it."
Weekly r/diabetes vent thread,"Tell us the crap you're dealing with this week. Did someone suggest cinnamon again? What about that relative who tried to pray the diabetes away?As always, please keep in mindour rules",2026-06-05,https://old.reddit.com/r/diabetes/comments/1txp478/weekly_rdiabetes_vent_thread/,diabetes,"Tell us the crap you're dealing with this week. Did someone suggest cinnamon again? What about that relative who tried to pray the diabetes away?As always, please keep in mindour rules"
Freestyle Libre 2 Issue,This morning I applied my first sensor. I gave it the hour needed to initialise etc. Some 6 hours later after having a number of “Glucose Readings Paused” errors I got a “Replace Sensor” error. How likely is it I will get a similar error when I replace this one. In the mean time it’s back to finger pricks,2026-06-05,https://old.reddit.com/r/diabetes/comments/1txno8u/freestyle_libre_2_issue/,diabetes,This morning I applied my first sensor. I gave it the hour needed to initialise etc. Some 6 hours later after having a number of Glucose Readings Paused errors I got a Replace Sensor error. How likely is it I will get a similar error when I replace this one. In the mean time it s back to finger pricks
Type one and Ozempic,"I was just put on ozempic as a type one.I’m 6’4” 220 lbs and really not trying to lose weight but was prescribed it due to its ability to curb snacking and helping to lower my A1C.I tend to snack when the sun goes down and it’s done its part to keep my A1C at a solid 7.I guess they put me on it so I can get my A1C into the 6 range, which is someplace that I have never been.So far I’m about 80 hours in since taking the first shot.I’m gonna have to relearn how to eat, AGAIN lol. Been feeling nauseous and bloated while barely eating anything. Forced myself to eat some strawberry’s last night.I’m worried that I will lose weight, if I can be honest, as I feel I look alright at 220 lbs. any skinnier and I start to look too thin and my head looks too big for my body. Like a 6’4” q-tip lol.I guess I’m just curious to hear of any other T1D experiences on Ozempic 🤷‍♂️",2026-06-05,https://old.reddit.com/r/diabetes/comments/1txlt0e/type_one_and_ozempic/,diabetes,"I was just put on ozempic as a type one.I m 6 4 220 lbs and really not trying to lose weight but was prescribed it due to its ability to curb snacking and helping to lower my A1C.I tend to snack when the sun goes down and it s done its part to keep my A1C at a solid 7.I guess they put me on it so I can get my A1C into the 6 range, which is someplace that I have never been.So far I m about 80 hours in since taking the first shot.I m gonna have to relearn how to eat, AGAIN lol. Been feeling nauseous and bloated while barely eating anything. Forced myself to eat some strawberry s last night.I m worried that I will lose weight, if I can be honest, as I feel I look alright at 220 lbs. any skinnier and I start to look too thin and my head looks too big for my body. Like a 6 4 q-tip lol.I guess I m just curious to hear of any other T1D experiences on Ozempic"
Great Success! College Weight at 57!(reddit.com),"The photo in orange is 2009 at 223 lbs. I dropped it 4 times to the 130 and 140 range. Was doing great In 2022-23 the an injury and 2 years of stress, back at 178.1 November 2025.Did great after my T2D related medium stroke in 2018. Down to 134  on diet, Victoza, and exercise. It crept up, down, and by 2022 was starting to skate and getting ready for ice hockey.2.5mg Mounjaro and Freestyle Libre 3 sensor-lost the weight, putting on muscle, skating and playing ice hockey (last photo 1982, topless this morning, hockey gear 2 weeks go.Thankful for a great team of doctors, nutritionists, nurses, and social workers.",2026-06-05,https://old.reddit.com/r/diabetes/comments/1txl8yv/great_success_college_weight_at_57/,diabetes,"The photo in orange is 2009 at 223 lbs. I dropped it 4 times to the 130 and 140 range. Was doing great In 2022-23 the an injury and 2 years of stress, back at 178.1 November 2025.Did great after my T2D related medium stroke in 2018. Down to 134 on diet, Victoza, and exercise. It crept up, down, and by 2022 was starting to skate and getting ready for ice hockey.2.5mg Mounjaro and Freestyle Libre 3 sensor-lost the weight, putting on muscle, skating and playing ice hockey last photo 1982, topless this morning, hockey gear 2 weeks go.Thankful for a great team of doctors, nutritionists, nurses, and social workers."
The difference between 1/2 a regular english muffin and 1/2 a whole wheat english muffin(old.reddit.com),I always have 1/2 an English muffin with peanut butter as part of my breakfast.I was unable to get the whole wheat ones and decided to get the regular ones instead of paying nearly twice the price for the brand name ones.I really didn't think it would make that much of a difference since the total carbs between the two had had difference of only 1g.I was wrong.,2026-06-05,https://old.reddit.com/r/diabetes/comments/1txhzvh/the_difference_between_12_a_regular_english/,diabetes,I always have 1 2 an English muffin with peanut butter as part of my breakfast.I was unable to get the whole wheat ones and decided to get the regular ones instead of paying nearly twice the price for the brand name ones.I really didn't think it would make that much of a difference since the total carbs between the two had had difference of only 1g.I was wrong.
Insulin & GLP-1 Storage,"Hello,I am looking for suggestions on storing insulin and GLP-1 medications. In our household we have 2 people on GLP-1s one of whom is also on long and short acting insulin pens and there just plain and simple is not room in our refrigerator to store everything.I had looked into mini fridges many many many years ago and everything I saw said not to use them because they can easily get too warm or too cold and ruin your insulin. When I did a search of the sub for mini fridges I found a post from a year or two ago, but all of the links were broken, so I thought I'd ask again.Does anyone have a mini fridge that works well for them? It does not need to be big enough to store the boxes. Currently to save space we take our pens out of the boxes and store them in soft sided lunchboxes (approved by all doctors involved).",2026-06-05,https://old.reddit.com/r/diabetes/comments/1txdboo/insulin_glp1_storage/,diabetes,"Hello,I am looking for suggestions on storing insulin and GLP-1 medications. In our household we have 2 people on GLP-1s one of whom is also on long and short acting insulin pens and there just plain and simple is not room in our refrigerator to store everything.I had looked into mini fridges many many many years ago and everything I saw said not to use them because they can easily get too warm or too cold and ruin your insulin. When I did a search of the sub for mini fridges I found a post from a year or two ago, but all of the links were broken, so I thought I'd ask again.Does anyone have a mini fridge that works well for them? It does not need to be big enough to store the boxes. Currently to save space we take our pens out of the boxes and store them in soft sided lunchboxes approved by all doctors involved ."
Doctor diagnosed me with diabetes without A1C testing,"went to the doctor yesterday because I've had a UTI going on and wanted to get properly testedthey did a blood prick test and my level was 246I had just come from a lunch of french fries, bread and sprite so I'm not sure if it was accuratethey found glucose in my urine reading 500, which is what's causing the UTIDr. diagnosed me diabetic, but I hadn't received any of the A1C testing or any other testsI'm pretty devastated. we're going to do more tests, but, it sounds like I've for sure got it right?sorry I'm just venting... this all hit so suddenly and I feel really hopeless.",2026-06-05,https://old.reddit.com/r/diabetes/comments/1txd3md/doctor_diagnosed_me_with_diabetes_without_a1c/,diabetes,"went to the doctor yesterday because I've had a UTI going on and wanted to get properly testedthey did a blood prick test and my level was 246I had just come from a lunch of french fries, bread and sprite so I'm not sure if it was accuratethey found glucose in my urine reading 500, which is what's causing the UTIDr. diagnosed me diabetic, but I hadn't received any of the A1C testing or any other testsI'm pretty devastated. we're going to do more tests, but, it sounds like I've for sure got it right?sorry I'm just venting... this all hit so suddenly and I feel really hopeless."
New to omnipod,"I’m starting omnipod in a couple of weeks, I’m starting to get nervous as I’ve seen so many mixed reviews. I’m 15 years T1D, been on MDI for the past couple months and before that I was using the Medtronic pump but have had many bad issues with it. I’m only new to CGM as well as I’ve only found one that doesn’t give my skin a reaction. I’ve seen heaps of people say the omnipod is not good for keeping in range on automode? Does anyone have any tips - are you able to take long acting insulin to counteract highs while the algorithm starts to learn patterns? I’m not insured for another pump and I prefer a tubeless option but worried about messing up my BGL.Thank you!",2026-06-05,https://old.reddit.com/r/diabetes/comments/1txc0o4/new_to_omnipod/,diabetes,"I m starting omnipod in a couple of weeks, I m starting to get nervous as I ve seen so many mixed reviews. I m 15 years T1D, been on MDI for the past couple months and before that I was using the Medtronic pump but have had many bad issues with it. I m only new to CGM as well as I ve only found one that doesn t give my skin a reaction. I ve seen heaps of people say the omnipod is not good for keeping in range on automode? Does anyone have any tips - are you able to take long acting insulin to counteract highs while the algorithm starts to learn patterns? I m not insured for another pump and I prefer a tubeless option but worried about messing up my BGL.Thank you!"
Embecta (BD) alcohol swabs discontinued!,"I went to buy more swabs and Walmart didn't show them. Googling found several sites listing them, but they were all either out of stock or said ""Discontinued"".So I contacted Embecta (which was an adventure in itself--they clearly don't test their website forms) and got a reply saying ""Yes, they are discontinued"".Brilliant--there's a product hardly anyone needs, so their shiny new diabetes-focused business unit can discontinue it! /sAnyway, FYI. I ordered some McKesson to try, since Google claims they are comparable. Will find out tomorrow!",2026-06-05,https://old.reddit.com/r/diabetes/comments/1tx8n9j/embecta_bd_alcohol_swabs_discontinued/,diabetes,"I went to buy more swabs and Walmart didn't show them. Googling found several sites listing them, but they were all either out of stock or said ""Discontinued"".So I contacted Embecta which was an adventure in itself--they clearly don't test their website forms and got a reply saying ""Yes, they are discontinued"".Brilliant--there's a product hardly anyone needs, so their shiny new diabetes-focused business unit can discontinue it! sAnyway, FYI. I ordered some McKesson to try, since Google claims they are comparable. Will find out tomorrow!"
Starting Omnipod Soon,"Do you reallyhaveto fill it with 200 units? And they only last 3 days? That just seems like such a waste, and insulin is so expensive already. :/I have my training session in person on Tuesday, so I will definitely do all that they say and bring the 200 units as requested. I just don’t feel like I’m using that much now and I don’t want to have to waste my insulin. I use Novolog kwikpens right now.Type 2, I was insulin dependent for 6 months when I was first diagnosed at 16. Managed with oral medication afterwards only for a few years with a couple months on and off Mounjaro. My A1C jumped 3 points from December to April so my endocrinologist has had me back on insulin, long and fast. It’s been going well but Ive been having morning/overnight highs despite adjusting the long acting at night.I’m dreading an Omnipod. I wasn’t even going to go through with it after seeing the price tag ($160 copay) but they went ahead and gave me a sample kit anyways so I’m going through with it. My family out of pocket will be maxed soon so I should be able to cover it for at least the rest of the year. I’m hoping I’m not even on insulin that long, but it’s hard to predict.",2026-06-05,https://old.reddit.com/r/diabetes/comments/1tx7ups/starting_omnipod_soon/,diabetes,"Do you reallyhaveto fill it with 200 units? And they only last 3 days? That just seems like such a waste, and insulin is so expensive already. I have my training session in person on Tuesday, so I will definitely do all that they say and bring the 200 units as requested. I just don t feel like I m using that much now and I don t want to have to waste my insulin. I use Novolog kwikpens right now.Type 2, I was insulin dependent for 6 months when I was first diagnosed at 16. Managed with oral medication afterwards only for a few years with a couple months on and off Mounjaro. My A1C jumped 3 points from December to April so my endocrinologist has had me back on insulin, long and fast. It s been going well but Ive been having morning overnight highs despite adjusting the long acting at night.I m dreading an Omnipod. I wasn t even going to go through with it after seeing the price tag 160 copay but they went ahead and gave me a sample kit anyways so I m going through with it. My family out of pocket will be maxed soon so I should be able to cover it for at least the rest of the year. I m hoping I m not even on insulin that long, but it s hard to predict."
I hate this :((i.redd.it),my endo told me I was manually correcting too much and to let the omnipod/dexcom figure it out instead… this is what happened,2026-06-05,https://old.reddit.com/r/diabetes/comments/1tx7k2z/i_hate_this/,diabetes,my endo told me I was manually correcting too much and to let the omnipod dexcom figure it out instead this is what happened
"Celebrating with a diabetic, what foods do I serve?","Hello, Father's day is coming up and my grandfather recently got his official diagnosis, he's a diabetic, don't know what type just that he's not allowed to have sugars and etc. Normally it's just very unhealthy food since well, it's a celebration. Cake, lechon (whole pig that is practically oven— you can search for it, it's real delicious) and just sodas, but now things are ought to change so.. What food do I serve that's like not gonna be seen as ""sad"" y'know? it's a celebration for him afterall.Advance thank you!",2026-06-05,https://old.reddit.com/r/diabetes/comments/1tx7cxr/celebrating_with_a_diabetic_what_foods_do_i_serve/,diabetes,"Hello, Father's day is coming up and my grandfather recently got his official diagnosis, he's a diabetic, don't know what type just that he's not allowed to have sugars and etc. Normally it's just very unhealthy food since well, it's a celebration. Cake, lechon whole pig that is practically oven you can search for it, it's real delicious and just sodas, but now things are ought to change so.. What food do I serve that's like not gonna be seen as ""sad"" y'know? it's a celebration for him afterall.Advance thank you!"
Night sweats,A common symptom if you have type 2 diabetes or going through your menstrual cycle?What other symptoms should I watch out for?,2026-06-05,https://old.reddit.com/r/diabetes/comments/1tx6y9q/night_sweats/,diabetes,A common symptom if you have type 2 diabetes or going through your menstrual cycle?What other symptoms should I watch out for?
Mounjaro gave me pancreatitis,"TL;DR: I'm one of those people who apparently can't take Mounjaro, because Bad Things happen when I do.  Wanted to give people some idea what to watch out for on GLP-1s.I just wanted to share my experience with this - not to scare anyone away from Mounjaro or GLP-1s in general, but just so that people are aware this can happen. My doctor had even mentioned a ""faint possibility"" in passing when she started me on it, and it's listed as a possible side effect on Lilly's site, but I didn't worry too much about it at the time.For the first 3-4 weeks, I had just a few inconsequential side effects.  Nothing major or unexpected.  Mostly a little constipation alternating with minor diarrhea.  I was losing weight at a respectable clip, although I didn't get an A1C during this time, so I don't know how it was actually affecting my sugars.   I'd get a weird ache in my side sometimes, but I just ascribed that to decades of slouching at a computer desk.  Then one morning I woke up sick as a dog.  My thermometer didn't register a fever, but I felt distinctly feverish and couldn't stop sweating even when I was cold.  I was so exhausted that just reclining on my couch watching TV took effort.   I figured I just had a virus, stayed home from work, and slept as much as I could.  It was a little better the next day, a little better after that, until by the weekend I was fine again.  Then the next week it came back.  This time I was also getting violent diarrhea whenever I ate, which sometimes lasted for hours.  Again, three days later I felt mostly fine.  And it came back AGAIN the next week.  I also started having some back spasms, which I also blamed on my poor posture and weight.I may not be the brightest bulb on the Christmas tree, but even I finally put two and two together and realized the symptoms were setting in about 24 hours after each injection.  So I messaged my doctor and she advised me to make an appt.  I saw another doc in the practice a few days later (that's what was available) and she did some bloodwork.  That was a Thursday.  Monday morning I was at work and I got a call from a nurse at the clinic who asked me if I was having any abdominal pain, along with a bunch of other concerning questions, and advised me to go to the ER.  I don't remember the numbers, but apparently my lipase on Thursday was eight times the top of the expected range, and they believed I had pancreatitis.So off I went to the ER.  They did more bloodwork and some ultrasound imaging, and determined that I didn't show any clinical signs of pancreatitis, gallstones, or the other possibilities under consideration.  My lipase was back to normal.  So, they sent me home, and I wound up having to follow up with yet another doctor at my clinic, who was mostly useless and told me the excess sweating was due to being out of shape.  Even though I walk two miles a day and NEVER sweat like that.I'm following up with my regular doc next week, but we've been communicating by MyChart and she believes that I had a ""flare"" of pancreatitis brought on by the Mounjaro.  It's now been about 3-1/2 weeks since I've had an injection and I'm about 99% back to normal.  My digestion is still pretty sensitive, and I don't have all my energy back, but I'm at least able to go to work and handle my responsibilities instead of being sprawled in a pool of my own sweat on the couch like some sort of decaying potato.  I suspect I have an underlying pancreas issue that was aggravated by the Mounjaro, or something, because I've had all of these symptoms before, just one at a time and never intensely or often enough to be worrisome.So - if you're taking a GLP-1, please pay close attention to your body and what it's telling you.  If you have abdominal pain, back pain, abnormal sweating, or excessive digestive symptoms, have a conversation with your prescriber.  This wasn't ANY fun and I don't want anyone else to have to go through it.",2026-06-05,https://old.reddit.com/r/diabetes/comments/1tx6occ/mounjaro_gave_me_pancreatitis/,diabetes,"TL DR I'm one of those people who apparently can't take Mounjaro, because Bad Things happen when I do. Wanted to give people some idea what to watch out for on GLP-1s.I just wanted to share my experience with this - not to scare anyone away from Mounjaro or GLP-1s in general, but just so that people are aware this can happen. My doctor had even mentioned a ""faint possibility"" in passing when she started me on it, and it's listed as a possible side effect on Lilly's site, but I didn't worry too much about it at the time.For the first 3-4 weeks, I had just a few inconsequential side effects. Nothing major or unexpected. Mostly a little constipation alternating with minor diarrhea. I was losing weight at a respectable clip, although I didn't get an A1C during this time, so I don't know how it was actually affecting my sugars. I'd get a weird ache in my side sometimes, but I just ascribed that to decades of slouching at a computer desk. Then one morning I woke up sick as a dog. My thermometer didn't register a fever, but I felt distinctly feverish and couldn't stop sweating even when I was cold. I was so exhausted that just reclining on my couch watching TV took effort. I figured I just had a virus, stayed home from work, and slept as much as I could. It was a little better the next day, a little better after that, until by the weekend I was fine again. Then the next week it came back. This time I was also getting violent diarrhea whenever I ate, which sometimes lasted for hours. Again, three days later I felt mostly fine. And it came back AGAIN the next week. I also started having some back spasms, which I also blamed on my poor posture and weight.I may not be the brightest bulb on the Christmas tree, but even I finally put two and two together and realized the symptoms were setting in about 24 hours after each injection. So I messaged my doctor and she advised me to make an appt. I saw another doc in the practice a few days later that's what was available and she did some bloodwork. That was a Thursday. Monday morning I was at work and I got a call from a nurse at the clinic who asked me if I was having any abdominal pain, along with a bunch of other concerning questions, and advised me to go to the ER. I don't remember the numbers, but apparently my lipase on Thursday was eight times the top of the expected range, and they believed I had pancreatitis.So off I went to the ER. They did more bloodwork and some ultrasound imaging, and determined that I didn't show any clinical signs of pancreatitis, gallstones, or the other possibilities under consideration. My lipase was back to normal. So, they sent me home, and I wound up having to follow up with yet another doctor at my clinic, who was mostly"
For the ladies,"Hello. Tmi/womanly questions. You were warned.So i was double checking ketones via the pee sticks and um ladies how do you manage that during your monthly cycle?I believe mine was not accurate whats so ever, and I am unsure what to do going forward and would appreciate tips.",2026-06-05,https://old.reddit.com/r/diabetes/comments/1tx6dp4/for_the_ladies/,diabetes,"Hello. Tmi womanly questions. You were warned.So i was double checking ketones via the pee sticks and um ladies how do you manage that during your monthly cycle?I believe mine was not accurate whats so ever, and I am unsure what to do going forward and would appreciate tips."
Substitutes for beverages,"I hate water.  Like, genuinely.....Bubbli/La Croix doesnt cut it, and I love things like cranberry juice, etc....What recommendations do you have for options other thanb those mentioned.?One more thing.  I can't do artificial sweeteners, they give me migraines.",2026-06-04,https://old.reddit.com/r/diabetes/comments/1tx4fw9/substitutes_for_beverages/,diabetes,"I hate water. Like, genuinely.....Bubbli La Croix doesnt cut it, and I love things like cranberry juice, etc....What recommendations do you have for options other thanb those mentioned.?One more thing. I can't do artificial sweeteners, they give me migraines."
Constant low blood sugar(i.redd.it),"Hi guys, could anyone help me figure out why my blood sugar is constantly going low in the afternoon? It started a few days ago and I assumed I just needed a basal adjustment because I was sick last week and had increased it. However, despite bringing it lower and lower, I have still gone low 2-8 times every day in the past three days. I have been correcting these lows with smarties and dextrose, as well as trying to have a small snack (like 1/2 banana and peanut butter) after to stabilize. It’s getting really frustrating and I can’t stomach the thought of more smarties 😭 If anyone has advice that would be much appreciated.I included a pic of my current graph if that helps anyone decipher some issue haha",2026-06-04,https://old.reddit.com/r/diabetes/comments/1tx3y8s/constant_low_blood_sugar/,diabetes,"Hi guys, could anyone help me figure out why my blood sugar is constantly going low in the afternoon? It started a few days ago and I assumed I just needed a basal adjustment because I was sick last week and had increased it. However, despite bringing it lower and lower, I have still gone low 2-8 times every day in the past three days. I have been correcting these lows with smarties and dextrose, as well as trying to have a small snack like 1 2 banana and peanut butter after to stabilize. It s getting really frustrating and I can t stomach the thought of more smarties If anyone has advice that would be much appreciated.I included a pic of my current graph if that helps anyone decipher some issue haha"
Rybelsus,"Have a few questions, any insight would be helpful.I have type 2 and have been on rybelsus for four years. Have been losing weight the entire time while on it. Went from 245 to 189. Appetite is low but overall okay. Have a doctor's appointment to discuss whether or not I have become immune to rybelsus or if I need a different medication.I'm wanting to know if anyone else has experienced this symptoms on rybelsus.Anyone experienced extreme fatigue (particularly after advancing from 3mg to 7 mg?) Can't seem to want to get off the couchNoticed balding at the front of my head (didn't think anything of it until my mother who has thick hair started taking it and has the exact little hole of hair missing in the area directly above eyebrows about the size of a plum) Anyone else experienced this?Having horrible foot pain that never seems to leave. The equivalent of walking ten miles is what I would compare it to.Erectile distinction.Feel fine but blood sugar is reading in the 300-400's constantly",2026-06-04,https://old.reddit.com/r/diabetes/comments/1tx3swv/rybelsus/,diabetes,"Have a few questions, any insight would be helpful.I have type 2 and have been on rybelsus for four years. Have been losing weight the entire time while on it. Went from 245 to 189. Appetite is low but overall okay. Have a doctor's appointment to discuss whether or not I have become immune to rybelsus or if I need a different medication.I'm wanting to know if anyone else has experienced this symptoms on rybelsus.Anyone experienced extreme fatigue particularly after advancing from 3mg to 7 mg? Can't seem to want to get off the couchNoticed balding at the front of my head didn't think anything of it until my mother who has thick hair started taking it and has the exact little hole of hair missing in the area directly above eyebrows about the size of a plum Anyone else experienced this?Having horrible foot pain that never seems to leave. The equivalent of walking ten miles is what I would compare it to.Erectile distinction.Feel fine but blood sugar is reading in the 300-400's constantly"
Finally was able to get surgery(i.redd.it),"I’ve been trying for decades to get weight loss surgery after fighting with my diabetes for so long and NOTHING working anymore, I pulled the trigger and paid for SADI-S surgery in Mexico. My surgery was May 19. I was on a pre-op diet for three weeks before and am currently on a soft solid diet until next week when I can start eating solid food and begin my “new normal” diet longterm. I’ve seen both my PCP and endocrinologist and I’m currently on zero medications for diabetes. I MAY have to restart a low dose of insulin if changing to solid foods again causes any spikes but I previously was taking three doses (30, 26, and 28 units) of humalog and a dose of Toujeo (80 units) everyday plus Mounjaro weekly along with metformin and as you can see, none of it was working particularly well. So even if do need insulin again, the reduction in medication is dramatic.  As for weight loss, I’ve lost over 70 pounds total. I had lost around 50 pre-op and another 25 post-op.",2026-06-04,https://old.reddit.com/r/diabetes/comments/1twzkm1/finally_was_able_to_get_surgery/,diabetes,"I ve been trying for decades to get weight loss surgery after fighting with my diabetes for so long and NOTHING working anymore, I pulled the trigger and paid for SADI-S surgery in Mexico. My surgery was May 19. I was on a pre-op diet for three weeks before and am currently on a soft solid diet until next week when I can start eating solid food and begin my new normal diet longterm. I ve seen both my PCP and endocrinologist and I m currently on zero medications for diabetes. I MAY have to restart a low dose of insulin if changing to solid foods again causes any spikes but I previously was taking three doses 30, 26, and 28 units of humalog and a dose of Toujeo 80 units everyday plus Mounjaro weekly along with metformin and as you can see, none of it was working particularly well. So even if do need insulin again, the reduction in medication is dramatic. As for weight loss, I ve lost over 70 pounds total. I had lost around 50 pre-op and another 25 post-op."
Type 2. Metformin,I was diagnosed just under 2 weeks ago doing blood glucose reading every 2 days numbers have been going down beautifully but today flew back up to 7.8 (140).   Only difference I went swimming  (floated) doing leg and arm exercises (double knee replacements).   Been watching what I eat made lots of changes.  Is it normal to spike?,2026-06-04,https://old.reddit.com/r/diabetes/comments/1twwwqn/type_2_metformin/,diabetes,I was diagnosed just under 2 weeks ago doing blood glucose reading every 2 days numbers have been going down beautifully but today flew back up to 7.8 140 . Only difference I went swimming floated doing leg and arm exercises double knee replacements . Been watching what I eat made lots of changes. Is it normal to spike?
Travel Chiller for Insulin Pens,"I am traveling abroad in a month and I will be in humid, hot conditions for2-3 weeks and I am not sure what my access to a fridge will be during my time there. Does anyone know of a good insulin cooler that I can use while traveling?I am using kwik pens so I don’t have to worry about my pump failing, getting too hot, or falling off but now I just need ideas on how to keep my supply cool enough. I use Frio cooling pouches right now when I go outside of the house and stuff like that but they only hold a couple at a time and I don’t think they would be great for reliable, international travel.I don't want anything super super bulky since I'm trying to pack in one large duffel bag but at the same time it literally keeps me alive so obviously I'll make room if needed lolAny and all ideas are appreciated!",2026-06-04,https://old.reddit.com/r/diabetes/comments/1twuvfc/travel_chiller_for_insulin_pens/,diabetes,"I am traveling abroad in a month and I will be in humid, hot conditions for2-3 weeks and I am not sure what my access to a fridge will be during my time there. Does anyone know of a good insulin cooler that I can use while traveling?I am using kwik pens so I don t have to worry about my pump failing, getting too hot, or falling off but now I just need ideas on how to keep my supply cool enough. I use Frio cooling pouches right now when I go outside of the house and stuff like that but they only hold a couple at a time and I don t think they would be great for reliable, international travel.I don't want anything super super bulky since I'm trying to pack in one large duffel bag but at the same time it literally keeps me alive so obviously I'll make room if needed lolAny and all ideas are appreciated!"
New Job - New Insurance?,"Hey yall - my partner is looking for a new job. We currently get our health insurance through his job and coverage has been pretty great. I am recently diagnosed so we’re still learning the ins and outs of prescriptions and fighting with insurance for coverage and the like. So in his new job hunt we’re wanting to ask about insurance coverage when the benefits talks happen. Has anyone ever done this? If so, what did you say? Are we just going to have to go into new insurance coverage blind? He’s in mid/higher level IT so he’s interviewing with large companies if that makes a difference.",2026-06-04,https://old.reddit.com/r/diabetes/comments/1twty4x/new_job_new_insurance/,diabetes,"Hey yall - my partner is looking for a new job. We currently get our health insurance through his job and coverage has been pretty great. I am recently diagnosed so we re still learning the ins and outs of prescriptions and fighting with insurance for coverage and the like. So in his new job hunt we re wanting to ask about insurance coverage when the benefits talks happen. Has anyone ever done this? If so, what did you say? Are we just going to have to go into new insurance coverage blind? He s in mid higher level IT so he s interviewing with large companies if that makes a difference."
Is Two fried eggs (olive oil being used) and two turkey burger patties (without bread) with some veggies a good lunch after a workout?,"yes, no, maybe.in terms of diabetes, probably, not much carbs in there (in the vegetables or condiments?) , test yourself in a couple of hours.You also have a good amount of proteins , so it's a good post workout lunch.",2026-06-04,https://old.reddit.com/r/diabetes/comments/1twr8jk/is_two_fried_eggs_olive_oil_being_used_and_two/,diabetes,"yes, no, maybe.in terms of diabetes, probably, not much carbs in there in the vegetables or condiments? , test yourself in a couple of hours.You also have a good amount of proteins , so it's a good post workout lunch."
Need Help Navigating the Overwhelming Feeling that Comes with Starting at the Gym(),"Apologies in advance for the long post, I will try to be as quick and to the point as I can be.Hi all, I'm just starting in the gym after being pretty stagnant since 2022. I've gained weight, I'm 32(f), type 2 diabetic (managed by diet and metformin, no insulin w/use of CGM), 304 pounds and 5'11"". I have an office job and for the first time in my career, my job is not my main form of exercise (I worked in nursing facilities for 10+ years prior as a med tech/caregiver)I am feeling overwhelmed with starting at the gym and feel like I rushed into working out and don't really know what I'm doing. I have a Planet Fitness membership and have been twice so far. I went on Amazon and splurged on a new workout bag, shoes, outfits, a lock, everything I need for the gym, so I'm fully prepared. I have been doing the treadmill to start for 30mins at a range of 2.5-2.8 speed, and every 10 mins I raise the incline 1. I do have an app called FreeTrainers that is super helpful when it comes to the weight machines and how to navigate them. I'm very interested in weight training since my old nutritionist told me it's great for insulin resistance. But I haven't done weight lifting since high school, and I think I'm pushing myself too hard too quickly.My questions:Is it normal to be so sore the day after upper arm/upper core day that it hurts to even pick up my makeup brushes and apply my makeup? I knew I was out of shape, I knew I was overweight but shit. Just taking off my shirt last night lifting my arms, made me want to cry.How do you find your comfortable rep weight? (if that's even the right term) for example, I did the bicep press machine, 3 sets of 15 at 40pounds. I don't know what's supposed to ""feel"" right. I know if I'm shaking and sweating at 1, that's probably too heavy and that wasn't happening, but my arms were BURNING at each rep.Nutrition - getting a nutritionist again isn't an option or in my budget right now, I'm mainly wondering about what I should eat post-workout and what's the best plan for recovery. My budget is super tight, as I'm sure most are, but I am trying my hardest to make food choices that are smart and not undoing the progress I make in the gym. It's hard, because I am neurodivergent and a lot of the healthy foods recommended, I cannot stand the texture (oatmeal, avocado to name a few.. I am trying to force myself into liking them)Any tips are appreciated. I love reading and watching videos, so any resources are immensely appreciated.Signed,an overwhelmed beginner who just wants to feel comfortable in their body",2026-06-04,https://old.reddit.com/r/diabetes/comments/1twr7lg/need_help_navigating_the_overwhelming_feeling/,diabetes,"Apologies in advance for the long post, I will try to be as quick and to the point as I can be.Hi all, I'm just starting in the gym after being pretty stagnant since 2022. I've gained weight, I'm 32 f , type 2 diabetic managed by diet and metformin, no insulin w use of CGM , 304 pounds and 5'11"". I have an office job and for the first time in my career, my job is not my main form of exercise I worked in nursing facilities for 10 years prior as a med tech caregiver I am feeling overwhelmed with starting at the gym and feel like I rushed into working out and don't really know what I'm doing. I have a Planet Fitness membership and have been twice so far. I went on Amazon and splurged on a new workout bag, shoes, outfits, a lock, everything I need for the gym, so I'm fully prepared. I have been doing the treadmill to start for 30mins at a range of 2.5-2.8 speed, and every 10 mins I raise the incline 1. I do have an app called FreeTrainers that is super helpful when it comes to the weight machines and how to navigate them. I'm very interested in weight training since my old nutritionist told me it's great for insulin resistance. But I haven't done weight lifting since high school, and I think I'm pushing myself too hard too quickly.My questions Is it normal to be so sore the day after upper arm upper core day that it hurts to even pick up my makeup brushes and apply my makeup? I knew I was out of shape, I knew I was overweight but shit. Just taking off my shirt last night lifting my arms, made me want to cry.How do you find your comfortable rep weight? if that's even the right term for example, I did the bicep press machine, 3 sets of 15 at 40pounds. I don't know what's supposed to ""feel"" right. I know if I'm shaking and sweating at 1, that's probably too heavy and that wasn't happening, but my arms were BURNING at each rep.Nutrition - getting a nutritionist again isn't an option or in my budget right now, I'm mainly wondering about what I should eat post-workout and what's the best plan for recovery. My budget is super tight, as I'm sure most are, but I am trying my hardest to make food choices that are smart and not undoing the progress I make in the gym. It's hard, because I am neurodivergent and a lot of the healthy foods recommended, I cannot stand the texture oatmeal, avocado to name a few.. I am trying to force myself into liking them Any tips are appreciated. I love reading and watching videos, so any resources are immensely appreciated.Signed,an overwhelmed beginner who just wants to feel comfortable in their body"
T1D on a GLP-1? Get your settings right FIRST(),"Settings dialed in before starting = small adjustments, predictable patterns, easier management.Settings off before starting = chasing numbers, unexpected drops, and not knowing why.GLP-1s slow digestion, which means insulin hits faster relative to when food actually absorbs. If your basal or ICR was already too aggressive, that lag can send you low quickly and unexpectedly.Loop systems mask this by quietly compensating. You never see the problem until something like a GLP-1 disrupts the pattern enough that the algorithm can’t keep up.This is also why manual mode can be really beneficial — being hands-on means you can actually see what’s off and fix it properly, instead of the algorithm covering it up and leaving the root issue unresolved.Before starting, verify:• Basal rates (clean fasted testing)• ISF and ICR• Extended bolus strategy — GLP slows digestion, fat slows it even moreSmall tweaks after starting are normal. Major drops are a sign your foundation needed work first. Know your numbers before you start — it could prevent a dangerous low. 💉",2026-06-04,https://old.reddit.com/r/diabetes/comments/1twqhfd/t1d_on_a_glp1_get_your_settings_right_first/,diabetes,"Settings dialed in before starting small adjustments, predictable patterns, easier management.Settings off before starting chasing numbers, unexpected drops, and not knowing why.GLP-1s slow digestion, which means insulin hits faster relative to when food actually absorbs. If your basal or ICR was already too aggressive, that lag can send you low quickly and unexpectedly.Loop systems mask this by quietly compensating. You never see the problem until something like a GLP-1 disrupts the pattern enough that the algorithm can t keep up.This is also why manual mode can be really beneficial being hands-on means you can actually see what s off and fix it properly, instead of the algorithm covering it up and leaving the root issue unresolved.Before starting, verify Basal rates clean fasted testing ISF and ICR Extended bolus strategy GLP slows digestion, fat slows it even moreSmall tweaks after starting are normal. Major drops are a sign your foundation needed work first. Know your numbers before you start it could prevent a dangerous low."
Old diabetes equipment(),"Hi everyone, a new Reddit user here!I have been T1D since 1991 and now also have two T1 children.Over the last couple of years I have been looking in antique shops, ebay and freebie pages for any antique/retired bits of equipment - old BG monitors, old pens, old pumps, prickers, books. Can anyone give me some ideas of places to try? Where have you put all your old bits? I'm UK based and the majority of stuff on ebay is from USA and the postage makes the cost exorbitant 😢I'm kicking myself for losing/getting rid of/donating my old equipment but hindsight is a wonderful thing! I run a local family support group for children with T1 and bring all the pieces to information days we have as people really enjoy looking at how things have changed.I dream of having a big display as part of a World Diabetes Month event but obviously need the equipment first!! Any places to search/follow would be gratefully received.",2026-06-04,https://old.reddit.com/r/diabetes/comments/1twppbc/old_diabetes_equipment/,diabetes,"Hi everyone, a new Reddit user here!I have been T1D since 1991 and now also have two T1 children.Over the last couple of years I have been looking in antique shops, ebay and freebie pages for any antique retired bits of equipment - old BG monitors, old pens, old pumps, prickers, books. Can anyone give me some ideas of places to try? Where have you put all your old bits? I'm UK based and the majority of stuff on ebay is from USA and the postage makes the cost exorbitant I'm kicking myself for losing getting rid of donating my old equipment but hindsight is a wonderful thing! I run a local family support group for children with T1 and bring all the pieces to information days we have as people really enjoy looking at how things have changed.I dream of having a big display as part of a World Diabetes Month event but obviously need the equipment first!! Any places to search follow would be gratefully received."
Old diabetes equipment,"Hi everyone, a new Reddit user here!I have been T1D since 1991 and now also have two T1 children.Over the last couple of years I have been looking in antique shops, ebay and freebie pages for any antique/retired bits of equipment - old BG monitors, old pens, old pumps, prickers, books. Can anyone give me some ideas of places to try? Where have you put all your old bits? I'm UK based and the majority of stuff on ebay is from USA and the postage makes the cost exorbitant 😢I'm kicking myself for losing/getting rid of/donating my old equipment but hindsight is a wonderful thing! I run a local family support group for children with T1 and bring all the pieces to information days we have as people really enjoy looking at how things have changed.I dream of having a big display as part of a World Diabetes Month event but obviously need the equipment first!! Any places to search/follow would be gratefully received.",2026-06-04,https://old.reddit.com/r/diabetes/comments/1twpozb/old_diabetes_equipment/,diabetes,"Hi everyone, a new Reddit user here!I have been T1D since 1991 and now also have two T1 children.Over the last couple of years I have been looking in antique shops, ebay and freebie pages for any antique retired bits of equipment - old BG monitors, old pens, old pumps, prickers, books. Can anyone give me some ideas of places to try? Where have you put all your old bits? I'm UK based and the majority of stuff on ebay is from USA and the postage makes the cost exorbitant I'm kicking myself for losing getting rid of donating my old equipment but hindsight is a wonderful thing! I run a local family support group for children with T1 and bring all the pieces to information days we have as people really enjoy looking at how things have changed.I dream of having a big display as part of a World Diabetes Month event but obviously need the equipment first!! Any places to search follow would be gratefully received."
Wunderheilmittel gegen Diabetes Typ 1(reddit.com),"Hallo zusammen,Hier ein bisschen Kontext: meine Tochter ist 4 Jahre alt und hat seit 3 Jahren Diabetes Typ 1.Meine verschwurbelte Tante beherbergt ab und zu irgendeinen Priester und gibt ihm manchmal auch Geld. Er segnet dafür auch ihr Haus…Sie hat diesem Priester auf jeden Fall erzählt, dass meine Tochter Diabetes Typ 1 hat. Dieser Priester sagte ihr dann, dass er für 1000€ ein Heilmittel hätte.Meine Tante hat mir dieses Zeug jetzt in die Hand gedrückt und mir die Story erzählt. Sie hat dem Priester das Geld gegeben und sagte mir, dass das Diabetes bald Geschichte wäre.Jetzt zu meiner Frage: was für ein Zeug ist das? Kennt das jemand? Kann jemand damit was anfangen? Kann mir jemand das vernünftig übersetzen oder stimmt die Google Übersetzung?Ich werde das Zeug auf jeden Fall keiner 4 jährigen verabreichen…",2026-06-04,https://old.reddit.com/r/diabetes/comments/1twnsrm/wunderheilmittel_gegen_diabetes_typ_1/,diabetes,"Hallo zusammen,Hier ein bisschen Kontext meine Tochter ist 4 Jahre alt und hat seit 3 Jahren Diabetes Typ 1.Meine verschwurbelte Tante beherbergt ab und zu irgendeinen Priester und gibt ihm manchmal auch Geld. Er segnet dafür auch ihr Haus Sie hat diesem Priester auf jeden Fall erzählt, dass meine Tochter Diabetes Typ 1 hat. Dieser Priester sagte ihr dann, dass er für 1000 ein Heilmittel hätte.Meine Tante hat mir dieses Zeug jetzt in die Hand gedrückt und mir die Story erzählt. Sie hat dem Priester das Geld gegeben und sagte mir, dass das Diabetes bald Geschichte wäre.Jetzt zu meiner Frage was für ein Zeug ist das? Kennt das jemand? Kann jemand damit was anfangen? Kann mir jemand das vernünftig übersetzen oder stimmt die Google Übersetzung?Ich werde das Zeug auf jeden Fall keiner 4 jährigen verabreichen"
Dating with T1 Diabetes,"I’ve been a type 1 diabetic for just over 10 years, I got diagnosed 5 months after my 18th birthday and I’m now 28. I’ve had two long term relationships since this has happened and they were both amazing and caring with it all.I’ve not long ago gotten out of a relationship with my ex fiancé and of course in no way ready for another relationship. I’m just more or so curious how people have went about telling someone they’re seeing about their condition and how they take it? Were the reactions always good or negative?",2026-06-04,https://old.reddit.com/r/diabetes/comments/1twkeyy/dating_with_t1_diabetes/,diabetes,"I ve been a type 1 diabetic for just over 10 years, I got diagnosed 5 months after my 18th birthday and I m now 28. I ve had two long term relationships since this has happened and they were both amazing and caring with it all.I ve not long ago gotten out of a relationship with my ex fiancé and of course in no way ready for another relationship. I m just more or so curious how people have went about telling someone they re seeing about their condition and how they take it? Were the reactions always good or negative?"
Arm tissue damage from CGM(old.reddit.com),"About 4–5 years ago, I was using the Medtronic Guardian CGM. One time, when I inserted a sensor, I experienced incredibly intense pain immediately after insertion. It hurt so much that I removed the sensor right away.Ever since then, my arm has looked like this. I’m attaching a photo of how it looks now.It actually used to be much worse. At that time I wasn’t exercising, so I had very little muscle in my arm. Since then I’ve built some muscle, and now the area looks like this, with more muscle around it, but the indentation/change is still noticeable.Has anyone experienced something similar after a CGM insertion? It really bothers me. I’d like to understand what this is and what might have caused it. I’m not sure what to do about it.",2026-06-04,https://old.reddit.com/r/diabetes/comments/1twj1f5/arm_tissue_damage_from_cgm/,diabetes,"About 4 5 years ago, I was using the Medtronic Guardian CGM. One time, when I inserted a sensor, I experienced incredibly intense pain immediately after insertion. It hurt so much that I removed the sensor right away.Ever since then, my arm has looked like this. I m attaching a photo of how it looks now.It actually used to be much worse. At that time I wasn t exercising, so I had very little muscle in my arm. Since then I ve built some muscle, and now the area looks like this, with more muscle around it, but the indentation change is still noticeable.Has anyone experienced something similar after a CGM insertion? It really bothers me. I d like to understand what this is and what might have caused it. I m not sure what to do about it."
Extreme low during interval runs — struggling to balance weight loss & lows(i.redd.it),"Not on my G7 right now so I’ve been finger sticking, and today I hit 33 mg/dL mid-workout. Blurry vision, scary symptoms — definitely not fun. I had been doing interval runs and took a break, and that’s when it hit me.The frustrating part is I’m actively trying to lose weight, but when lows force me to treat, it messes with the calorie deficit I’m working so hard to maintain. I know the “textbook” answers — don’t work out with IOB, eat fast carbs beforehand — but I’d love to hear how others actually manage this in real life, especially when you’re also trying to cut.A little about me: 4’11” F, CW 120, GW 105. I’m back on a GLP-1 because my BED has been flaring up — two weeks ago I was down to 106 lbs. Maintenance calories are already really low at my height, so a deficit gets tight fast. Hoping the GLP-1 helps quiet the food noise again while I find my footing.Has anyone found a good rhythm with exercise, lows, and weight loss without feeling like all your effort is going to waste?",2026-06-04,https://old.reddit.com/r/diabetes/comments/1twiopy/extreme_low_during_interval_runs_struggling_to/,diabetes,"Not on my G7 right now so I ve been finger sticking, and today I hit 33 mg dL mid-workout. Blurry vision, scary symptoms definitely not fun. I had been doing interval runs and took a break, and that s when it hit me.The frustrating part is I m actively trying to lose weight, but when lows force me to treat, it messes with the calorie deficit I m working so hard to maintain. I know the textbook answers don t work out with IOB, eat fast carbs beforehand but I d love to hear how others actually manage this in real life, especially when you re also trying to cut.A little about me 4 11 F, CW 120, GW 105. I m back on a GLP-1 because my BED has been flaring up two weeks ago I was down to 106 lbs. Maintenance calories are already really low at my height, so a deficit gets tight fast. Hoping the GLP-1 helps quiet the food noise again while I find my footing.Has anyone found a good rhythm with exercise, lows, and weight loss without feeling like all your effort is going to waste?"
Emergency kit being over an hour away from home.,"Hi everyone. So im going on my first big trip since getting my sensors, and ill be at least a good hour away from home. Now I dount anything will happen and ill probably have my finger poke set if something does.But just incase, should I take extra supplies? Sometimes id rather have a back up on me just incase.",2026-06-04,https://old.reddit.com/r/diabetes/comments/1twey8b/emergency_kit_being_over_an_hour_away_from_home/,diabetes,"Hi everyone. So im going on my first big trip since getting my sensors, and ill be at least a good hour away from home. Now I dount anything will happen and ill probably have my finger poke set if something does.But just incase, should I take extra supplies? Sometimes id rather have a back up on me just incase."
Price Range of Diabetes Medicine in India,"Can anyone suggest an affordable price for diabetes medication in India? Also, can you suggest an online pharmacy where i can get discounted rates. Asking for a friend.",2026-06-04,https://old.reddit.com/r/diabetes/comments/1twevoh/price_range_of_diabetes_medicine_in_india/,diabetes,"Can anyone suggest an affordable price for diabetes medication in India? Also, can you suggest an online pharmacy where i can get discounted rates. Asking for a friend."
Anyone else just...(old.reddit.com),I was bored so I just started talking things apart and putting those things back together that were done and used,2026-06-04,https://old.reddit.com/r/diabetes/comments/1twbihj/anyone_else_just/,diabetes,I was bored so I just started talking things apart and putting those things back together that were done and used
45 Year Old Diabetic for DJS(),I am a 43 year old with diabetes and hypertension.  Both of my conditions are managed.I have a class 3 underbite and having challenges biting.  chewing is manageable though.I already consulted with an orthodontist and a dental surgeon but i am still on the fence if i should do it this at this age.  I will be diing brqces for about 2 years so the double jaw surgery wil happen when I’m 45.I am concerned on the permanent complications which are exponentially higher due to my age and condition.Has anyone undergone a similar dilemma?  What helped you decide?,2026-06-04,https://old.reddit.com/r/diabetes/comments/1twavfz/45_year_old_diabetic_for_djs/,diabetes,I am a 43 year old with diabetes and hypertension. Both of my conditions are managed.I have a class 3 underbite and having challenges biting. chewing is manageable though.I already consulted with an orthodontist and a dental surgeon but i am still on the fence if i should do it this at this age. I will be diing brqces for about 2 years so the double jaw surgery wil happen when I m 45.I am concerned on the permanent complications which are exponentially higher due to my age and condition.Has anyone undergone a similar dilemma? What helped you decide?
Diabetic Representation in Paralives(i.redd.it),"I've been digging into Paralives early access, and I noticed that they included a glucometer and what looks like an insulin pump in the ""medical supplies"" object catalog section, along with many essentials for other disabilities and chronic illnesses. Hooray for representation!",2026-06-04,https://old.reddit.com/r/diabetes/comments/1twa8t6/diabetic_representation_in_paralives/,diabetes,"I've been digging into Paralives early access, and I noticed that they included a glucometer and what looks like an insulin pump in the ""medical supplies"" object catalog section, along with many essentials for other disabilities and chronic illnesses. Hooray for representation!"
Can A Site Be Permanently Damaged,I’ve been noticing that the last few times I’ve put my pod on the right side of my stomach it hasn’t been as affective. It seems like too big of an area though for it not to work,2026-06-04,https://old.reddit.com/r/diabetes/comments/1tw8peu/can_a_site_be_permanently_damaged/,diabetes,I ve been noticing that the last few times I ve put my pod on the right side of my stomach it hasn t been as affective. It seems like too big of an area though for it not to work
Walking helps lower my levels(i.redd.it),I went on a 40 min 2 mile walk after eating pizza!,2026-06-04,https://old.reddit.com/r/diabetes/comments/1tw8all/walking_helps_lower_my_levels/,diabetes,I went on a 40 min 2 mile walk after eating pizza!
Low sugars in Arizona Heat,For everybody living in Arizona and where it's really hot what's your go-to for low sugars when working outside in the sun or just low sugars in general for working,2026-06-04,https://old.reddit.com/r/diabetes/comments/1tw8278/low_sugars_in_arizona_heat/,diabetes,For everybody living in Arizona and where it's really hot what's your go-to for low sugars when working outside in the sun or just low sugars in general for working
Are there T1D Americans living in China?(),"I'm a 23-year-old American with Type 1 Diabetes considering teaching English in Shanghai next year. I currently use a Tandem Mobi, Dexcom G7, and Humalog insulin. I'd love to hear from anyone currently living in China with Type 1 diabetes, and how you get your supplies.",2026-06-03,https://old.reddit.com/r/diabetes/comments/1tw4r80/are_there_t1d_americans_living_in_china/,diabetes,"I'm a 23-year-old American with Type 1 Diabetes considering teaching English in Shanghai next year. I currently use a Tandem Mobi, Dexcom G7, and Humalog insulin. I'd love to hear from anyone currently living in China with Type 1 diabetes, and how you get your supplies."
YpsoPump and plane,"Hey everyone!Quick question, I currently have the Mylife YpsoPump with a closed loop and I use the YpsoPump Inset catheter, I am going on vacation early July, going from Paris (France) to Tbilissi (Georgia) then back, it's a rather short ~5h flight but I was wondering if you had any advice on how to travel with a pump? I have been diabetic for roughly 15 years now and it's my very first time going abroad (well, for 1 week) with a pump, I was on MDI up until then.Also does anyone know how well does the pump do? i have heard storied of the pump injecting more insulin during take off and landing because of the pressure change, does anyone have any advice regarding that?Thank you very much!",2026-06-03,https://old.reddit.com/r/diabetes/comments/1tw4g32/ypsopump_and_plane/,diabetes,"Hey everyone!Quick question, I currently have the Mylife YpsoPump with a closed loop and I use the YpsoPump Inset catheter, I am going on vacation early July, going from Paris France to Tbilissi Georgia then back, it's a rather short 5h flight but I was wondering if you had any advice on how to travel with a pump? I have been diabetic for roughly 15 years now and it's my very first time going abroad well, for 1 week with a pump, I was on MDI up until then.Also does anyone know how well does the pump do? i have heard storied of the pump injecting more insulin during take off and landing because of the pressure change, does anyone have any advice regarding that?Thank you very much!"
"Here to Bitch, I Guess. Not Sure What Else To Do.()","I'll try to be short, but I know I won't be, so thanks for taking the time. I'm a 28M who has had T1D for about 15 years. I used to work out often and eat very healthily. Still couldn't get the A1C below 6.0, but I was in great shape and eating right. Well, I stopped exercising and tried eating more like a ""normal"" person because I was tired of living like a person with T1D. I was getting burnt out. As a result, my carb ratio changed from 1:14 to 1:4. Life feels impossible now. At 1:4, there is very little room for error when eating compared to 1:14. It's like every carb counts. If I miscalculate, I go high, and it does not come down for a long time. My basal is great: My blood sugar is never better when I do nothing except lie in bed for two days straight without eating. I've tried adjusting my correction, but any increase from where I am now leads to lows, then rebound highs, after my pump suspends my insulin (I use the Tandem x2 w/Control IQ & Libre 3+). To avoid the spikes from miscalculation, I have tried meal prep, weighing everything, and taking extended boluses for higher-fat meals where delayed gastric emptying can lead to highs later on. Sometimes this all works; sometimes I spike anyway. That's infuriating some days, and leads to apathy on others. But the more frustrating thing is trying to do ""normal life stuff,"" especially at this carb ratio. It was irritating at 1:14. It's driving me to jump off a bridge at 1:4.The burden of constant management and the effects it's having on my life are not worth it. I used to make jokes about diabetes and try to make the best of situations where sugar would be unpredictable. 15 years in, things stopped being funny, and my lighthearted approach is gone. I don't make jokes anymore, but my friends and family still do because it's just what we've done for so long. Now, I hate it. I don't even care to ask them to stop because I'm too upset that I even have T1D in the first place. I just keep a straight face through it or let out a small, fake chuckle and let the moment pass.Lately, I've been trying to avoid unpredictability, but we all know that's futile in general, and especially with T1D. Honestly, I try to avoid anything that affects my sugar... which means I have been avoiding many, many,manythings. I avoid going out with friends and family because we always eat and drink; it's just what you do, as an American, at least. As I was typing this, my family invited me out for Thai food. The restaurant doesn't have nutritional info or low-carb options, so I'm staying home. If I eat out, I try to go to places that have nutrition info available, but that can still be tough with portioning, and sometimes the nutrition info is off. I don't travel for the same reason: how can I know what I'm eating and how much insulin I need? ""Guesstimation"" at 1:4 just doesn't cut it as it did at 1:14. I avoid dating for similar reasons: lots of eating and physical activity make me go low, so no eating out because of highs, and no walking dates or sex because of lows. Also, I hate diabetes management so much that imagining someone else near it feels humiliating and impossible. Having to make someone aware of all the lifestyle changes I have to live by compared to non-diabetic people, that they'll likely need to make some of them too in order to be supportive, and then have them be okay with it, doesn't seem likely, because it affects so many aspects of life: eating, activity, travel, sex, socializing, etc. Who wants to live with someone who doesn't go out for dinner, doesn't travel, and can barely go for a walk or have sex without having some kind of issue? I can't even walk for 15 minutes without plummeting at this point. Maybe I could date a diabetic woman who would understand, but I've had this for 15 years and have only met two other people with T1D. I don't want to get back into working out because I don't want to deal with lows and changing my basal, carb ratio, and correction factor based on that lifestyle change, and then dealing with doing it again when eventually my activity level changes again (either more or less of it). Even though I know working out might help my carb ratio widen and improve any insulin resistance I might have, I just don't want to deal with the management.So I barely go out, don't date, don't travel, and avoid physical activity. It's depressing and lonely, and I've never felt weaker and less like a man, but doing those things seems either impossible or not worth the effort at this point. It's also a reinforcing cycle: all that shit makes me depressed, so I feel like I should be around people because my mood is unbearable, so I don't go out, then I feel worse for not seeing my family and friends. Also, I'm starting to see complications in my eyes and kidneys after 15 years, even though my endo says my sugar is ""doing fine."" I've had three doctors (endo, PCP, and ophthalmologist) tell me I'm just unlucky because they've known patients who have been diabetic much longer than I have, with much worse control of their sugars, and have not had any complications. Lucky me, I guess.Anyway, I did meal prep for a LONG while, but I'm tired of deciding what to eat based on how it will affect my sugar and weighing everything. It can be annoying enough to make food decisions, cook, clean, and grocery shop without diabetes. Some days I just don't eat because I'm tired of the thinking and the eating. I've tried meal prep services, but they're too expensive to be sustainable. I've lost about 6 pounds recently because I'm barely eating because fuck eating... That's another thing that sucks. I actually love food and cooking, and used to even work as a cook, but diabetes has absolutely ruined those things for me. I even skipped Christmas this year because my dad's side of the family is Italian. I didn't go because I wouldn't know how to take insulin for all the pasta, bread, and desserts.I've gone to therapy for years and talk about T1D sometimes, among my other issues. People have suggested non-clinical support groups (I'm in the metro Detroit area) or diabetic-focused counseling/therapy. I haven't found something like that 1) takes my insurance or 2) doesn't make me cringe. Even if I did those things, I'm not convinced they would help, because they can't cure the disease, and that's the only thing that will work. Taking away the burden, not just reducing it, is what I need, and that is not possible. The cure is always 10 years away, so I'm not hanging on to that. Support doesn't take it away. Talking about it doesn't take it away. A better A1C through exercise and diet doesn't take it away. Walking, meditation, and therapy don't take it away. Doing shit anyway and making the best of it doesn't take it away. Ignoring it doesn't take it away. I'm so over it all that it seems like I don't even want to feel better or feel supported because that shit fades. Fuck better. Fuck support. What I want is not to have diabetes.If you've read all this, thanks. I hope you aren't angered by what I'll say next, but please don't tell me that this is a normal part of it all, or that we've all been here at some point and it will get easier/better. I know. I know we have all been here at some point. That's why I hate it. I just don't want to hear it. I don't want it to get better. It doesn't ""get better."" People just deal with it, or they don't. I'm tired of dealing with it. I want it to fuck off, but it never will, so I am all set.",2026-06-03,https://old.reddit.com/r/diabetes/comments/1tw40uf/here_to_bitch_i_guess_not_sure_what_else_to_do/,diabetes,"I'll try to be short, but I know I won't be, so thanks for taking the time. I'm a 28M who has had T1D for about 15 years. I used to work out often and eat very healthily. Still couldn't get the A1C below 6.0, but I was in great shape and eating right. Well, I stopped exercising and tried eating more like a ""normal"" person because I was tired of living like a person with T1D. I was getting burnt out. As a result, my carb ratio changed from 1 14 to 1 4. Life feels impossible now. At 1 4, there is very little room for error when eating compared to 1 14. It's like every carb counts. If I miscalculate, I go high, and it does not come down for a long time. My basal is great My blood sugar is never better when I do nothing except lie in bed for two days straight without eating. I've tried adjusting my correction, but any increase from where I am now leads to lows, then rebound highs, after my pump suspends my insulin I use the Tandem x2 w Control IQ Libre 3 . To avoid the spikes from miscalculation, I have tried meal prep, weighing everything, and taking extended boluses for higher-fat meals where delayed gastric emptying can lead to highs later on. Sometimes this all works sometimes I spike anyway. That's infuriating some days, and leads to apathy on others. But the more frustrating thing is trying to do ""normal life stuff,"" especially at this carb ratio. It was irritating at 1 14. It's driving me to jump off a bridge at 1 4.The burden of constant management and the effects it's having on my life are not worth it. I used to make jokes about diabetes and try to make the best of situations where sugar would be unpredictable. 15 years in, things stopped being funny, and my lighthearted approach is gone. I don't make jokes anymore, but my friends and family still do because it's just what we've done for so long. Now, I hate it. I don't even care to ask them to stop because I'm too upset that I even have T1D in the first place. I just keep a straight face through it or let out a small, fake chuckle and let the moment pass.Lately, I've been trying to avoid unpredictability, but we all know that's futile in general, and especially with T1D. Honestly, I try to avoid anything that affects my sugar... which means I have been avoiding many, many,manythings. I avoid going out with friends and family because we always eat and drink it's just what you do, as an American, at least. As I was typing this, my family invited me out for Thai food. The restaurant doesn't have nutritional info or low-carb options, so I'm staying home. If I eat out, I try to go to places that have nutrition info available, but that can still be tough with portioning, and sometimes the nutrition info is off. I don't"
u200 insulin?,"Male, T1 for 41 years. My Tandem X2 pump died last week (out of warranty) so I'm getting a new one soon.  It is the new iLet Bionic Pancreas.  Really looking forward to it.  The question is this:  I've always used about 100u-120u of total insulin per day, obviously depending on all the usual changing things.  The reservoir on the iLet is 180 units, so that's a problem.An option is for me to switch to u200 insulin concentration.  Has anyone ever done this?  Do you really take half the dose because it is twice the strength?  Any downsides?  Thank you all!",2026-06-03,https://old.reddit.com/r/diabetes/comments/1tw3hjn/u200_insulin/,diabetes,"Male, T1 for 41 years. My Tandem X2 pump died last week out of warranty so I'm getting a new one soon. It is the new iLet Bionic Pancreas. Really looking forward to it. The question is this I've always used about 100u-120u of total insulin per day, obviously depending on all the usual changing things. The reservoir on the iLet is 180 units, so that's a problem.An option is for me to switch to u200 insulin concentration. Has anyone ever done this? Do you really take half the dose because it is twice the strength? Any downsides? Thank you all!"
This new diabetes pill burns fat without the downsides of Ozempic(sciencedaily.com),"Yeah my grandpa had a pill like that, he would tell us to shut our yap holes and stop eating the ""tortas con todo"".
Side effects were a slap up the head...",2026-06-03,https://old.reddit.com/r/diabetes/comments/1tw31pf/this_new_diabetes_pill_burns_fat_without_the/,diabetes,"Yeah my grandpa had a pill like that, he would tell us to shut our yap holes and stop eating the ""tortas con todo"". Side effects were a slap up the head..."
Guys :),"I was officially diagnosed with type 2 a couple weeks ago with an A1C 7.7 a sugar of 175, and I managed to have a waking sugar of 103 this morning. It’s been dropping gradually throughout the two weeks because I’ve been working on my diet, and I want to ask the doctor if I could maybe take three months to see if I can keep my sugars stable on my own through maybe weight loss and exercise and a steady diet before going on anything because I’m really scared of the potential bad side effects that’s why I’ve been um holding off on taking anything. And my sugars are consistently under 130 after meals too.I’m sorry if I sound weird I’m just excited and optimistic. Not asking for advice just telling you my plan!",2026-06-03,https://old.reddit.com/r/diabetes/comments/1tw08an/guys/,diabetes,"I was officially diagnosed with type 2 a couple weeks ago with an A1C 7.7 a sugar of 175, and I managed to have a waking sugar of 103 this morning. It s been dropping gradually throughout the two weeks because I ve been working on my diet, and I want to ask the doctor if I could maybe take three months to see if I can keep my sugars stable on my own through maybe weight loss and exercise and a steady diet before going on anything because I m really scared of the potential bad side effects that s why I ve been um holding off on taking anything. And my sugars are consistently under 130 after meals too.I m sorry if I sound weird I m just excited and optimistic. Not asking for advice just telling you my plan!"
A healthy oatmeal recipe(i.redd.it),"Most will tell you that you can’t have oatmeal if you’re diabetic. Well, you shouldn’t eat packaged oatmeal, if you use steel cut oats or old-fashioned oats they’re fine. The secret is to have more “other“ ingredients than oatmeal.This recipe is a family recipe because our family is diabetic. If you’d like more protein, you can add an egg. Make sure the egg is completely beaten and temper it before you add it.Directions:cook oatmeal per package directionsTurn to simmer and add the brown sugar, stir in completely.Add raisins, stir completely.Add cream and butter and stir completelyRemove the pan from the heat and stir in flaxseed and pecans.When it’s cooled (steaming stops) add vanilla.And don’t tell me you don’t like oatmeal! My partner said the same thing until I cooked him some. Apparently his mother cooked it until it was bone dry, and hard to chew.Edited: if you don’t already eat oatmeal, don’t start. If you are an oatmeal lover right now, this will be good for you. Remember half a cup or a quarter cup only and just a splash of cream if you use cream on it.",2026-05-27,https://old.reddit.com/r/diabetes/comments/1tpbb5u/a_healthy_oatmeal_recipe/,diabetes,"Most will tell you that you can t have oatmeal if you re diabetic. Well, you shouldn t eat packaged oatmeal, if you use steel cut oats or old-fashioned oats they re fine. The secret is to have more other ingredients than oatmeal.This recipe is a family recipe because our family is diabetic. If you d like more protein, you can add an egg. Make sure the egg is completely beaten and temper it before you add it.Directions cook oatmeal per package directionsTurn to simmer and add the brown sugar, stir in completely.Add raisins, stir completely.Add cream and butter and stir completelyRemove the pan from the heat and stir in flaxseed and pecans.When it s cooled steaming stops add vanilla.And don t tell me you don t like oatmeal! My partner said the same thing until I cooked him some. Apparently his mother cooked it until it was bone dry, and hard to chew.Edited if you don t already eat oatmeal, don t start. If you are an oatmeal lover right now, this will be good for you. Remember half a cup or a quarter cup only and just a splash of cream if you use cream on it."
Did anyone else lose the motivation to go to work/school after diagnosis?,"It's only been about 2 weeks and I just want life to stop. I only want to focus on my health.  All the lab work, and appointments. It's just alot trying to learn how to live a new life.  I'm trying but mentally this is just so much.",2026-05-27,https://old.reddit.com/r/diabetes/comments/1tp9e7f/did_anyone_else_lose_the_motivation_to_go_to/,diabetes,"It's only been about 2 weeks and I just want life to stop. I only want to focus on my health. All the lab work, and appointments. It's just alot trying to learn how to live a new life. I'm trying but mentally this is just so much."
Insulin pumps - language options,I work in endocrinology in the US and am curious about the availability of insulin pumps for patients who don’t read English or Spanish.Does anyone have insight on what pumps allow the widest variety of language options?Thanks!,2026-05-27,https://old.reddit.com/r/diabetes/comments/1tp78q9/insulin_pumps_language_options/,diabetes,I work in endocrinology in the US and am curious about the availability of insulin pumps for patients who don t read English or Spanish.Does anyone have insight on what pumps allow the widest variety of language options?Thanks!
kinda overwhelmed dont know what to do,"hello, everyone was just recently diagnosed with type 1 not even a month ago. kinda feeling very very overwhelmed rn & just feel like complete shit. my legs hurt & feel so tight. i thought i had the hang of my insulin shots & yesterday i seen a little bubble appear read some threads seen it can happen but it hurts & its a lil red spot not as red as yesterday.. idk im kinda freaking out.. can anyone give advice",2026-05-27,https://old.reddit.com/r/diabetes/comments/1tp67co/kinda_overwhelmed_dont_know_what_to_do/,diabetes,"hello, everyone was just recently diagnosed with type 1 not even a month ago. kinda feeling very very overwhelmed rn just feel like complete shit. my legs hurt feel so tight. i thought i had the hang of my insulin shots yesterday i seen a little bubble appear read some threads seen it can happen but it hurts its a lil red spot not as red as yesterday.. idk im kinda freaking out.. can anyone give advice"
Constant rise in blood glucose(i.redd.it),"I'm T1D and have been diagnosed not so long ago. My glucose has been above 80% TIR for the last 3-4 days with excellent control but today it has been on constant rise since 4am, I have been staying up late due to exams so I keep track of my readings every 30mins. I slept after taking insulin and it went down, woke up and it started rising again, took dose twice, went down and came back up. I have only eaten eggs and other regular food I eat which generally never spikes mu sugar. So what happened today?",2026-05-27,https://old.reddit.com/r/diabetes/comments/1tp586s/constant_rise_in_blood_glucose/,diabetes,"I'm T1D and have been diagnosed not so long ago. My glucose has been above 80 TIR for the last 3-4 days with excellent control but today it has been on constant rise since 4am, I have been staying up late due to exams so I keep track of my readings every 30mins. I slept after taking insulin and it went down, woke up and it started rising again, took dose twice, went down and came back up. I have only eaten eggs and other regular food I eat which generally never spikes mu sugar. So what happened today?"
"Insulet initiates another Omnipod 5 recall, affects Dash, Eros too(massdevice.com)",Link to Omnipod recall website to check if your pod is affected:https://www.omnipod.com/mdc-5-26,2026-05-27,https://old.reddit.com/r/diabetes/comments/1tp3i9n/insulet_initiates_another_omnipod_5_recall/,diabetes,Link to Omnipod recall website to check if your pod is affected
Injection Rotation Diagram,"Can anyone offer a good injection rotation diagram? I've found a few online that are decent, and I go through and marker out the section I did, but wanted to see what this community had to recommend. I'm on lantus solostar 4mm needles if that matters at all.",2026-06-09,https://old.reddit.com/r/diabetes_t1/comments/1u1kfgn/injection_rotation_diagram/,diabetes_t1,"Can anyone offer a good injection rotation diagram? I've found a few online that are decent, and I go through and marker out the section I did, but wanted to see what this community had to recommend. I'm on lantus solostar 4mm needles if that matters at all."
Dexcom reliabilityDiscussion,"Hello, I just started my first 90 days of Dexcom g7 15 days. I’ve noticed they consistently will die with 4-6 days remaining and the day before they die they will give no data for 1-2 hours consecutive before giving 1-5 readings and then another 1-2 hour gap. So far I’m fairly disappointed and am missing the g6. The only way we fix this is by filing claims on all these failing sensors so that we financially incentivize Dexcom to fix their reliability issues. I’d love to hear the experiences of others on the g7, is anybody finding similar reliability issues or am I just getting unlucky?",2026-06-09,https://old.reddit.com/r/diabetes_t1/comments/1u1jbg4/dexcom_reliability/,diabetes_t1,"Hello, I just started my first 90 days of Dexcom g7 15 days. I ve noticed they consistently will die with 4-6 days remaining and the day before they die they will give no data for 1-2 hours consecutive before giving 1-5 readings and then another 1-2 hour gap. So far I m fairly disappointed and am missing the g6. The only way we fix this is by filing claims on all these failing sensors so that we financially incentivize Dexcom to fix their reliability issues. I d love to hear the experiences of others on the g7, is anybody finding similar reliability issues or am I just getting unlucky?"
Split bolus?Seeking Support/Advice(i.redd.it),"I pre bolused 2 units about 15 minutes before I ate (red arrow). I ate rice, meat and cheese fries. I’m assuming the fat from the cheese sauce caused a delayed spike? Would this be a situation where a split my bolus into two. Any help is appreciated",2026-06-09,https://old.reddit.com/r/diabetes_t1/comments/1u1j31v/split_bolus/,diabetes_t1,"I pre bolused 2 units about 15 minutes before I ate red arrow . I ate rice, meat and cheese fries. I m assuming the fat from the cheese sauce caused a delayed spike? Would this be a situation where a split my bolus into two. Any help is appreciated"
Confused,When I don't eat my sugar keep going up. But when I eat it goes down.  What im doing wrong,2026-06-09,https://old.reddit.com/r/diabetes_t1/comments/1u1iqzx/confused/,diabetes_t1,When I don't eat my sugar keep going up. But when I eat it goes down. What im doing wrong
What should I expect and ask at my endocrinologist appt?,"Hello everyone!Over the past 2 months I've been having wacky blood sugars and new trends appearing, and since my mum is t1 my doctor referred me to the endocrinologist to be safe.I've never been to an endocrinologist before and I know I should ask questions but I don't know what questions to ask, so I'm hoping some folks here might have suggestions, as well as what I should expect to happen appointment wise. (I asked my my mum but she can't really recall since it's been so long for her haha)I do know that I'm going to have an autoantibody test done, and my primary doctor has also sent me to get blood work done too. I'm also bringing to the appt a chart my mum helped me to make that tracks how many grams of carb I've had, exercise, how I'm feeling physically, blood sugar numbers, and times of things.I'm 19 and female, btw, if that impacts anything :)Merci beaucoup!! <3",2026-06-09,https://old.reddit.com/r/diabetes_t1/comments/1u1htbj/what_should_i_expect_and_ask_at_my/,diabetes_t1,"Hello everyone!Over the past 2 months I've been having wacky blood sugars and new trends appearing, and since my mum is t1 my doctor referred me to the endocrinologist to be safe.I've never been to an endocrinologist before and I know I should ask questions but I don't know what questions to ask, so I'm hoping some folks here might have suggestions, as well as what I should expect to happen appointment wise. I asked my my mum but she can't really recall since it's been so long for her haha I do know that I'm going to have an autoantibody test done, and my primary doctor has also sent me to get blood work done too. I'm also bringing to the appt a chart my mum helped me to make that tracks how many grams of carb I've had, exercise, how I'm feeling physically, blood sugar numbers, and times of things.I'm 19 and female, btw, if that impacts anything Merci beaucoup!! 3"
Oura ring helpScience & Tech,Hi all!I bought an oura ring after being influenced by the DKA post a couple months back (I think it was byu/Plus_Boysenberry5349) and I’m just wondering if anyone has any tips or tricks? I’m happy using it just as-is but if anyone has any hacks about tagging hypos or whatever that could be really useful!,2026-06-09,https://old.reddit.com/r/diabetes_t1/comments/1u1ex9z/oura_ring_help/,diabetes_t1,Hi all!I bought an oura ring after being influenced by the DKA post a couple months back I think it was byu Plus_Boysenberry5349 and I m just wondering if anyone has any tips or tricks? I m happy using it just as-is but if anyone has any hacks about tagging hypos or whatever that could be really useful!
i'm tired bossGraphs & Data(i.redd.it),"(don't worry, this is an exception)",2026-06-09,https://old.reddit.com/r/diabetes_t1/comments/1u1egcp/im_tired_boss/,diabetes_t1,"don't worry, this is an exception"
DME Supplier - Tricare East Region Insurance,"Is anyone on here using Tricare East Region for Tandem Diabetes supplies?We've been using Southeast Diabetes for years, but now, no one is answering their phones other than an AI Agent, and the shipping department isn't responding to messages.My son is getting low on supplies, so we need to find a new supplier.Thanks",2026-06-09,https://old.reddit.com/r/diabetes_t1/comments/1u1e0i1/dme_supplier_tricare_east_region_insurance/,diabetes_t1,"Is anyone on here using Tricare East Region for Tandem Diabetes supplies?We've been using Southeast Diabetes for years, but now, no one is answering their phones other than an AI Agent, and the shipping department isn't responding to messages.My son is getting low on supplies, so we need to find a new supplier.Thanks"
How to deal with long lasting insulin and time zones?,"Me and my family are traveling from the US to Asia with a newly diagnosed T1D. We are mostly certain and prepared for the risks of traveling with T1D. Though my one concern is how we are supposed to adjust to the multiple time zones we cross and how we know when to put in insulin. He doesn't use a pump and uses his long lasting at night at 10pm. The plane trip is 20+ hours broken up into 2 overlays (1 hour, 17 hour, 3 hour). Do we shift the time to match our destination time zone immediately after we arrive or instead slowly try to correct it? And what do we on the airplane itself?Sorry I'm kinda everywhere, I'm just an anxious person about T1D even though I'm not the one who has the condition. I just want to make sure he stays safe during the process since I know it can be stressful. I would seriously appreciate any stories about your guys experience and any tips or tricks. I'm glad to share to the best of my ability as well, thank you!",2026-06-09,https://old.reddit.com/r/diabetes_t1/comments/1u1dy03/how_to_deal_with_long_lasting_insulin_and_time/,diabetes_t1,"Me and my family are traveling from the US to Asia with a newly diagnosed T1D. We are mostly certain and prepared for the risks of traveling with T1D. Though my one concern is how we are supposed to adjust to the multiple time zones we cross and how we know when to put in insulin. He doesn't use a pump and uses his long lasting at night at 10pm. The plane trip is 20 hours broken up into 2 overlays 1 hour, 17 hour, 3 hour . Do we shift the time to match our destination time zone immediately after we arrive or instead slowly try to correct it? And what do we on the airplane itself?Sorry I'm kinda everywhere, I'm just an anxious person about T1D even though I'm not the one who has the condition. I just want to make sure he stays safe during the process since I know it can be stressful. I would seriously appreciate any stories about your guys experience and any tips or tricks. I'm glad to share to the best of my ability as well, thank you!"
It’s my first time flying in a flight as t1dDiscussion,"I have a question, I will be carrying my insulins in an ice bag in cabin bag, so I was wondering whether during security check they will question me, coz I will be having needles. So should I carry my prescription along with me or just a pic of it would work as well? I am travelling in India.",2026-06-09,https://old.reddit.com/r/diabetes_t1/comments/1u1c2r0/its_my_first_time_flying_in_a_flight_as_t1d/,diabetes_t1,"I have a question, I will be carrying my insulins in an ice bag in cabin bag, so I was wondering whether during security check they will question me, coz I will be having needles. So should I carry my prescription along with me or just a pic of it would work as well? I am travelling in India."
i was LO the entire nightGraphs & Data(i.redd.it),how am i still alivei woke up feeling like im about to die (and this is the 2nd time in a row im going LO at night. tho i dropped my basal by 5 units),2026-06-09,https://old.reddit.com/r/diabetes_t1/comments/1u1c0z3/i_was_lo_the_entire_night/,diabetes_t1,how am i still alivei woke up feeling like im about to die and this is the 2nd time in a row im going LO at night. tho i dropped my basal by 5 units
Basal insulin + pump,Has anyone tried using a basal insulin like Lantus while also using an insulin pump at the same time?I'd like to try using a partial dose of Lantus for basal and using Control-IQ for basal adjustments and bolusing.Are there any safety issues with this or anything to watch out for? What has been your experience if you've tried this?Any advice welcome. Thanks!Edit: Considering this because of unreliable plastic infusion sets.  Not able to get Trusteel anymore b/c of supply chain shortages.  Want uninterrupted basal delivery but love extended boluses and basal adjustments,2026-06-09,https://old.reddit.com/r/diabetes_t1/comments/1u1bs3k/basal_insulin_pump/,diabetes_t1,Has anyone tried using a basal insulin like Lantus while also using an insulin pump at the same time?I'd like to try using a partial dose of Lantus for basal and using Control-IQ for basal adjustments and bolusing.Are there any safety issues with this or anything to watch out for? What has been your experience if you've tried this?Any advice welcome. Thanks!Edit Considering this because of unreliable plastic infusion sets. Not able to get Trusteel anymore b c of supply chain shortages. Want uninterrupted basal delivery but love extended boluses and basal adjustments
Help! First time having nausea as T1D,"I took my insulin. Just took some ondansetron to see if that calms things down. Have been sipping apple sauce.I would just...not eat, but I feel like I saw a post awhile back saying that's not a good idea.What are your go-to protocols when you're sick? And is it okay to go without eating as long as my numbers are good?",2026-06-09,https://old.reddit.com/r/diabetes_t1/comments/1u1bpcv/help_first_time_having_nausea_as_t1d/,diabetes_t1,"I took my insulin. Just took some ondansetron to see if that calms things down. Have been sipping apple sauce.I would just...not eat, but I feel like I saw a post awhile back saying that's not a good idea.What are your go-to protocols when you're sick? And is it okay to go without eating as long as my numbers are good?"
Carb drinkNutrition & Diet,Hi!Im starting to drink a high protein and carb drink as a  between meals thing. I am trying to gain weight.But i am unsure of how to bolus for it since drink gets absorbed very fast.Anyone have experience with this?,2026-06-09,https://old.reddit.com/r/diabetes_t1/comments/1u1boq4/carb_drink/,diabetes_t1,Hi!Im starting to drink a high protein and carb drink as a between meals thing. I am trying to gain weight.But i am unsure of how to bolus for it since drink gets absorbed very fast.Anyone have experience with this?
Just got discharged after a T1D diagnosis — should I be carb counting instead of taking fixed doses?,"Heyy,First, I wanted to say thank you to everyone who commented, supported me, and especially those who reached out to me privately. I really appreciate all the help and kindness. I’m happy to say that I’m now out of the hospital.The doctors discharged me with the following insulin regimen:• Long-acting: 16 units in the morning and 12 units in the evening.• Rapid-acting: 10 units in the morning, 4 units at midday, and 6 units in the evening.What confuses me is that these seem like fixed doses rather than doses based on the amount of carbohydrates I’m eating.Yesterday I had two lows: one after my evening dose and another around 2 a.m. while I was sleeping. That made me wonder whether my doses are right for me and whether I should be learning carb counting instead of following fixed doses.A few questions for people with Type 1 diabetes:1.  Why would a doctor prescribe fixed insulin doses instead of teaching carb counting from the start?2.  How do you figure out your insulin-to-carb ratio?3.  Should I be counting carbs and adjusting my rapid insulin based on what I eat?4.  Do I have to stick to three meals a day, or can I have additional meals/snacks and take insulin for them?5.  If I’m at a restaurant or out getting coffee with friends, how do I handle that? For example, does a latte with no added sugar still count as carbs?6.  If there’s cake at a birthday party, how would I dose for that?7.  How do you estimate carbs when you’re eating food that doesn’t have a nutrition label?For context, this prescription was based on what I was eating and my situation while I was in the hospital, so I’m wondering whether it’s meant to be temporary until I learn more about managing Type 1 diabetes.I’d really appreciate hearing how others handled this when they were first diagnosed. Thanks again to everyone who helped me through this🩷🩷",2026-06-09,https://old.reddit.com/r/diabetes_t1/comments/1u1bkto/just_got_discharged_after_a_t1d_diagnosis_should/,diabetes_t1,"Heyy,First, I wanted to say thank you to everyone who commented, supported me, and especially those who reached out to me privately. I really appreciate all the help and kindness. I m happy to say that I m now out of the hospital.The doctors discharged me with the following insulin regimen Long-acting 16 units in the morning and 12 units in the evening. Rapid-acting 10 units in the morning, 4 units at midday, and 6 units in the evening.What confuses me is that these seem like fixed doses rather than doses based on the amount of carbohydrates I m eating.Yesterday I had two lows one after my evening dose and another around 2 a.m. while I was sleeping. That made me wonder whether my doses are right for me and whether I should be learning carb counting instead of following fixed doses.A few questions for people with Type 1 diabetes 1. Why would a doctor prescribe fixed insulin doses instead of teaching carb counting from the start?2. How do you figure out your insulin-to-carb ratio?3. Should I be counting carbs and adjusting my rapid insulin based on what I eat?4. Do I have to stick to three meals a day, or can I have additional meals snacks and take insulin for them?5. If I m at a restaurant or out getting coffee with friends, how do I handle that? For example, does a latte with no added sugar still count as carbs?6. If there s cake at a birthday party, how would I dose for that?7. How do you estimate carbs when you re eating food that doesn t have a nutrition label?For context, this prescription was based on what I was eating and my situation while I was in the hospital, so I m wondering whether it s meant to be temporary until I learn more about managing Type 1 diabetes.I d really appreciate hearing how others handled this when they were first diagnosed. Thanks again to everyone who helped me through this"
PSA: Dont update your iphone to the beta iOS!,I made the mistake of updating to the new beta of ios27 and my omnipod doesn’t work.,2026-06-09,https://old.reddit.com/r/diabetes_t1/comments/1u1a9d2/psa_dont_update_your_iphone_to_the_beta_ios/,diabetes_t1,I made the mistake of updating to the new beta of ios27 and my omnipod doesn t work.
T1D son Shadow for summer camp,How much do you pay for a shadow to join my son 3 weeks sleep away summer camp?Im going to work at the camp in the nurse office and I need a shadow to join my son for a 3 weeks sleep away camp.What is the rate for a collage student?,2026-06-09,https://old.reddit.com/r/diabetes_t1/comments/1u18j47/t1d_son_shadow_for_summer_camp/,diabetes_t1,How much do you pay for a shadow to join my son 3 weeks sleep away summer camp?Im going to work at the camp in the nurse office and I need a shadow to join my son for a 3 weeks sleep away camp.What is the rate for a collage student?
Advice regarding pump choice (Ypsopump + CamAPS / medtronic 780g)Seeking Support/Advice,"I have been approved for a free insulin pump thanks to my healthcare provider, and now I need to make a choice. I can choose between the Ypsopump and the medtronic 780g.Some additional context:I have been a diabetic since 2014 and have used pens this whole time.I started using CGMs only a couple of years ago.I have used Freestyle Libre 2, Dexcom One+, and G7.I have an active lifestyle - I go to the gym 3-4 times a week and recently picked up hiking.Not a native english speaker - I'll answer any questions if something isn't clear from my post!From what I have learned so far, the Medtronic is really good but is held back by its CGM options. People write about how bad the Guardian CGM is and that it doesn't last the marketed 7 days (which is already short, IMO). The other choice, Simplera, is really expensive and hard to get where I live. Also, I have never used a CGM that requires a transmitter. (How does that work? Do I need to buy a new sensor and transmitter every 7 days? Or can i reuse the transmitter? How long do they work for?)On the other hand, I've heard mixed opinions on the Ypsopump. Some people claim it is very good and they have no problems, while others say that it often gets errors which, though easy and fast to solve, are annoying (not a huge deal, I think?).So far, I am more inclined to get the Ypsopump with the CamAPS for the closed loop.Currently, my main deciding factor is that the Ypsopump works with Dexcom G6. I am currently using the One+ and find that it works very well for me.I am looking for opinions regarding both pumps, so if you have anything to share, please do!",2026-06-09,https://old.reddit.com/r/diabetes_t1/comments/1u17e4c/advice_regarding_pump_choice_ypsopump_camaps/,diabetes_t1,"I have been approved for a free insulin pump thanks to my healthcare provider, and now I need to make a choice. I can choose between the Ypsopump and the medtronic 780g.Some additional context I have been a diabetic since 2014 and have used pens this whole time.I started using CGMs only a couple of years ago.I have used Freestyle Libre 2, Dexcom One , and G7.I have an active lifestyle - I go to the gym 3-4 times a week and recently picked up hiking.Not a native english speaker - I'll answer any questions if something isn't clear from my post!From what I have learned so far, the Medtronic is really good but is held back by its CGM options. People write about how bad the Guardian CGM is and that it doesn't last the marketed 7 days which is already short, IMO . The other choice, Simplera, is really expensive and hard to get where I live. Also, I have never used a CGM that requires a transmitter. How does that work? Do I need to buy a new sensor and transmitter every 7 days? Or can i reuse the transmitter? How long do they work for? On the other hand, I've heard mixed opinions on the Ypsopump. Some people claim it is very good and they have no problems, while others say that it often gets errors which, though easy and fast to solve, are annoying not a huge deal, I think? .So far, I am more inclined to get the Ypsopump with the CamAPS for the closed loop.Currently, my main deciding factor is that the Ypsopump works with Dexcom G6. I am currently using the One and find that it works very well for me.I am looking for opinions regarding both pumps, so if you have anything to share, please do!"
Device for partner,"Hello! My partner is Type 1 and spends lots of time in remote areas outdoors. He’s hesitant to add a smart watch to his life, but I think it potentially could make monitoring his blood sugar easier. As his partner, I’d also like for him to have emergency gps service in case he needs it while alone in the woods. Do you have any technology tips? He uses omnipod, but is not on a pump and doesn’t want to go that route. Thank you!Edit: it’s Dexom not Omnipod! Sorry, and thanks for the comments and suggestions.",2026-06-09,https://old.reddit.com/r/diabetes_t1/comments/1u14nhk/device_for_partner/,diabetes_t1,"Hello! My partner is Type 1 and spends lots of time in remote areas outdoors. He s hesitant to add a smart watch to his life, but I think it potentially could make monitoring his blood sugar easier. As his partner, I d also like for him to have emergency gps service in case he needs it while alone in the woods. Do you have any technology tips? He uses omnipod, but is not on a pump and doesn t want to go that route. Thank you!Edit it s Dexom not Omnipod! Sorry, and thanks for the comments and suggestions."
Omnipod on road trip?(),"Hey all, I’m starting on the Omnipod 5 tomorrow (currently on the Medtronic 780g) and I leave for a road trip the following day. On this road trip, we’re going to be going to some theme parks. Question for you all who have experience with the Omnipod: is it okay to leave my not-yet-used pods in my car during the day while I’m at the parks (it’s summer so it could be hot)? Also, any other tips for the pod (whether for travel or in general), I’d love to hear them. Thanks!",2026-06-09,https://old.reddit.com/r/diabetes_t1/comments/1u12io2/omnipod_on_road_trip/,diabetes_t1,"Hey all, I m starting on the Omnipod 5 tomorrow currently on the Medtronic 780g and I leave for a road trip the following day. On this road trip, we re going to be going to some theme parks. Question for you all who have experience with the Omnipod is it okay to leave my not-yet-used pods in my car during the day while I m at the parks it s summer so it could be hot ? Also, any other tips for the pod whether for travel or in general , I d love to hear them. Thanks!"
100% week for the first timeGraphs & Data(i.redd.it),"this is sooo rare but im so happy!!during menstrual phases and the week before i struggle to get above 85% if im lucky, not even been eating low carb but i have been doing way more walking, feels crazy how much a good week can do for your mental health.next week we will see 😂",2026-06-09,https://old.reddit.com/r/diabetes_t1/comments/1u1295c/100_week_for_the_first_time/,diabetes_t1,"this is sooo rare but im so happy!!during menstrual phases and the week before i struggle to get above 85 if im lucky, not even been eating low carb but i have been doing way more walking, feels crazy how much a good week can do for your mental health.next week we will see"
Omnipod 6 mentioned and trial resultsT1D News(drugdeliverybusiness.com),"Saw this article and it piques my curiosity. Who knows exactly when this will be released, but it seems to piggyback on the new Omnipod 5 update for 100 mg/dl setting.Cost is my main concern.",2026-06-09,https://old.reddit.com/r/diabetes_t1/comments/1u120by/omnipod_6_mentioned_and_trial_results/,diabetes_t1,"Saw this article and it piques my curiosity. Who knows exactly when this will be released, but it seems to piggyback on the new Omnipod 5 update for 100 mg dl setting.Cost is my main concern."
Frequent CGM failsDiscussion,"Hi everyone, I wonder if you guys who use Abbott Libre 2+ have experienced frequent fails? Like I put sensor on and it dies the next morning. It’s been 4th one in last three months(which is 1 part of my 4 yearly buys, 7 sensors each time). Abbott always gives me back new sensors and I send the failed one for analysing, but its a big big drag considering that i need to do that in neighbouring country bcs my country doesnt have them on the market.Is it general problem lately or is it just this shipment that had the malfunctioning ones?",2026-06-09,https://old.reddit.com/r/diabetes_t1/comments/1u0yowf/frequent_cgm_fails/,diabetes_t1,"Hi everyone, I wonder if you guys who use Abbott Libre 2 have experienced frequent fails? Like I put sensor on and it dies the next morning. It s been 4th one in last three months which is 1 part of my 4 yearly buys, 7 sensors each time . Abbott always gives me back new sensors and I send the failed one for analysing, but its a big big drag considering that i need to do that in neighbouring country bcs my country doesnt have them on the market.Is it general problem lately or is it just this shipment that had the malfunctioning ones?"
Low Rant,"Currently 2.9mmol so annoyance levels high.Why TF is there no “IM DEALING WITH IT” option on Dexcom app and Tandem pump? 6 or 7 alerts so far, that’s pulling my pump out several times to just dismiss the alert that I can’t mute, high volume, ear piercing noise during work for something I had taken something for already.Alert 1 was at 4.2 about how I was going low, one on pump and one on Dexcom,Alert 2 (again twice) when I got to 3.8 to say I’m low (no 💩 Sherlock) but I’ve dealt with it.Alert 3 (AGAIN TWICE one pump one on phone SCREAMING AT ME) at 3.1, again, it’s been dealt with and I’m not over treating.ALERT 4 whilst I’m typing this, 3.9 (so finally going up) TO SAY SENSOR READING LOW!!!!!!!! buddy your rising at 1.1 mmol you don’t need to say I’m low when my bloods are going up.Who coded this 💩 someone needs fired, how hard would it have been to code in a “I’m dealing with it give me 15 mins” button, and the. Another bit of code saying “when you hit Xmmol but rising don’t alert as it’s being fixed.This, this is what boils my pizz as a type 1, I’m aware that for some these alerts save lives, but please give me the option, in a busy office at 7am to MUTE THE ALERTS AND LET NATURE TAKE ITS COURSE WHEN THE F***ING LOW IS BEING DEALT WITH 🤬🤬🤬🤬🤬🤬",2026-06-09,https://old.reddit.com/r/diabetes_t1/comments/1u0xjge/low_rant/,diabetes_t1,"Currently 2.9mmol so annoyance levels high.Why TF is there no IM DEALING WITH IT option on Dexcom app and Tandem pump? 6 or 7 alerts so far, that s pulling my pump out several times to just dismiss the alert that I can t mute, high volume, ear piercing noise during work for something I had taken something for already.Alert 1 was at 4.2 about how I was going low, one on pump and one on Dexcom,Alert 2 again twice when I got to 3.8 to say I m low no Sherlock but I ve dealt with it.Alert 3 AGAIN TWICE one pump one on phone SCREAMING AT ME at 3.1, again, it s been dealt with and I m not over treating.ALERT 4 whilst I m typing this, 3.9 so finally going up TO SAY SENSOR READING LOW!!!!!!!! buddy your rising at 1.1 mmol you don t need to say I m low when my bloods are going up.Who coded this someone needs fired, how hard would it have been to code in a I m dealing with it give me 15 mins button, and the. Another bit of code saying when you hit Xmmol but rising don t alert as it s being fixed.This, this is what boils my pizz as a type 1, I m aware that for some these alerts save lives, but please give me the option, in a busy office at 7am to MUTE THE ALERTS AND LET NATURE TAKE ITS COURSE WHEN THE F ING LOW IS BEING DEALT WITH"
Whole life insurance policy for pre-t1 kid worth it?Healthcare,"I'm considering getting a whole life insurance policy for my kid but I can't tell if it's worth it or not. Consensus online seems to be that it's not worth it if your child doesn't have any outstanding health conditions and money towards a premium would be better spent on a 529 or custodial investment account. But maybe it makes sense for my kid so he can a lock in a lower cost policy while he's young?He's not technically t1 yet, he just has the autoantibodies for t1.  Which means it's almost guaranteed it will develop into t1 at some point in his life. Once that happens it will cost more to insure him.",2026-06-09,https://old.reddit.com/r/diabetes_t1/comments/1u0wyrh/whole_life_insurance_policy_for_pret1_kid_worth_it/,diabetes_t1,"I'm considering getting a whole life insurance policy for my kid but I can't tell if it's worth it or not. Consensus online seems to be that it's not worth it if your child doesn't have any outstanding health conditions and money towards a premium would be better spent on a 529 or custodial investment account. But maybe it makes sense for my kid so he can a lock in a lower cost policy while he's young?He's not technically t1 yet, he just has the autoantibodies for t1. Which means it's almost guaranteed it will develop into t1 at some point in his life. Once that happens it will cost more to insure him."
Insulin suspension,"I’m an Omnipod® 5 user and occasionally I will suspend insulin to prevent a low from happening, so I’d put the suspension for one hour but the stupid thing will start beeping after 10 minutes. Anybody know how to disable the sound?",2026-06-09,https://old.reddit.com/r/diabetes_t1/comments/1u0w871/insulin_suspension/,diabetes_t1,"I m an Omnipod 5 user and occasionally I will suspend insulin to prevent a low from happening, so I d put the suspension for one hour but the stupid thing will start beeping after 10 minutes. Anybody know how to disable the sound?"
Uncontrolled diabetes for a decade. Complications?Discussion,"Hello friends I was dxed at 12 years old at a A1c of 12Over the last decade I had a lot of trouble gaining control and had a average A1c of >9 highest being 10Over the last 2 years  I have taken control and my most recent A1c was 6.2 I am aiming for sub 6 for my next A1c.I am afraid some complications have started already though. I can feel it in my feet,I’m having digestive issues, and most recently I have developed ED (erectile dysfunction) my vision is also starting to suffer and my kidney Egfr has dropped to 85.For those of you that have had a similar timeline of control how are you doing now ?I’m sure I can holt some of the complications like in the eyes and feet but the gastroparesis , ED, and kidney function have scared me a lot.  Have any of you had similar complications and been able to fix them ?",2026-06-09,https://old.reddit.com/r/diabetes_t1/comments/1u0vwlm/uncontrolled_diabetes_for_a_decade_complications/,diabetes_t1,"Hello friends I was dxed at 12 years old at a A1c of 12Over the last decade I had a lot of trouble gaining control and had a average A1c of 9 highest being 10Over the last 2 years I have taken control and my most recent A1c was 6.2 I am aiming for sub 6 for my next A1c.I am afraid some complications have started already though. I can feel it in my feet,I m having digestive issues, and most recently I have developed ED erectile dysfunction my vision is also starting to suffer and my kidney Egfr has dropped to 85.For those of you that have had a similar timeline of control how are you doing now ?I m sure I can holt some of the complications like in the eyes and feet but the gastroparesis , ED, and kidney function have scared me a lot. Have any of you had similar complications and been able to fix them ?"
"If you could customize your Dexcom alert sounds, what would you pick?Meme & Humor","My partner was just watching an old Vine compilation and that ""it is Wednesday my dudes..."" Vine came on and the guy screamed and I just said ""I wish I could make that my low alert"" and it got me wondering, what would y'all change your alerts to if you had the option?",2026-06-09,https://old.reddit.com/r/diabetes_t1/comments/1u0uth2/if_you_could_customize_your_dexcom_alert_sounds/,diabetes_t1,"My partner was just watching an old Vine compilation and that ""it is Wednesday my dudes..."" Vine came on and the guy screamed and I just said ""I wish I could make that my low alert"" and it got me wondering, what would y'all change your alerts to if you had the option?"
"Welp had to make it, but I got it!","Been looking for a cover with a strap for my daughters dexcom g7.  All the ones I see are cut to length, so  you end up having to buy new ones as the kid grows / puts the weight on they lost before diagnosis, etc.  She's 10, plays hard.. I don't trust the tape the cgm comes with.I can swap bands in under 5 minutes if it breaks or she wants different colors.  Its adjustable and this one supports up to about a 10"" arm.. shes got like a 7"" so time to grow.  I can modify the bands to support up to about a 16"" arm, give or take and unless she gets yoked and starts working out, I don't see it happening without some form of thyroid disorder ... shes a rail.The print quality is meh.. my TPU is getting a little damp after being messed with for the last few hours (super humid here).  The band without the clasp can be swapped out in under 10 seconds if its not on the kid.It's 5mm taller, give or take than the actual g7, and a bit wider to accomodate the bands.  With the flat spot surrounding it, I'm hoping to see less compression lows.It's got a little bit of stretch due to being TPU.  Its flexible enough to wrap around my pinky.  Main body is PETG+.  Keepers are tpu as well.  Opinions, suggestions, comments (and yes, I expect to get a ""why??""  The answer to that is she's had the tape pull up already and she plays rough.  She has a silicon band on now, but she'll outgrow it soon, and it doesn't allow her arm to breath like this does.https://preview.redd.it/0y0qqqvjf66h1.png?width=2016&format=png&auto=webp&s=353ffa4a39180e3ebfba40eabdb6fef5af416f4aActual dimensions of the black piece - between 33 and 34 mm tall, 41 to 42mm wide and 6mm deep.Bands are 20mm wide and 2mm deep.The bands are T shaped, with a 2mm thick, and 24mm wide T at the end, the other is 3.5mm and 24mm.  They just slide through grooves in the black body and the T stops them from pulling through.  The clasp side uses a standard watch spring bar to hold on the clasp, and that segment is 4mm, and is a TIGHT fit through the slot on that side, BUT it does fit through (TPU is squishy).Again, any questions, suggestions to improve, suggestions to improve the print quality, requests for the files.. let me have em.",2026-06-09,https://old.reddit.com/r/diabetes_t1/comments/1u0tlrf/welp_had_to_make_it_but_i_got_it/,diabetes_t1,"Been looking for a cover with a strap for my daughters dexcom g7. All the ones I see are cut to length, so you end up having to buy new ones as the kid grows puts the weight on they lost before diagnosis, etc. She's 10, plays hard.. I don't trust the tape the cgm comes with.I can swap bands in under 5 minutes if it breaks or she wants different colors. Its adjustable and this one supports up to about a 10"" arm.. shes got like a 7"" so time to grow. I can modify the bands to support up to about a 16"" arm, give or take and unless she gets yoked and starts working out, I don't see it happening without some form of thyroid disorder ... shes a rail.The print quality is meh.. my TPU is getting a little damp after being messed with for the last few hours super humid here . The band without the clasp can be swapped out in under 10 seconds if its not on the kid.It's 5mm taller, give or take than the actual g7, and a bit wider to accomodate the bands. With the flat spot surrounding it, I'm hoping to see less compression lows.It's got a little bit of stretch due to being TPU. Its flexible enough to wrap around my pinky. Main body is PETG . Keepers are tpu as well. Opinions, suggestions, comments and yes, I expect to get a ""why??"" The answer to that is she's had the tape pull up already and she plays rough. She has a silicon band on now, but she'll outgrow it soon, and it doesn't allow her arm to breath like this does. dimensions of the black piece - between 33 and 34 mm tall, 41 to 42mm wide and 6mm deep.Bands are 20mm wide and 2mm deep.The bands are T shaped, with a 2mm thick, and 24mm wide T at the end, the other is 3.5mm and 24mm. They just slide through grooves in the black body and the T stops them from pulling through. The clasp side uses a standard watch spring bar to hold on the clasp, and that segment is 4mm, and is a TIGHT fit through the slot on that side, BUT it does fit through TPU is squishy .Again, any questions, suggestions to improve, suggestions to improve the print quality, requests for the files.. let me have em."
Pump users: How long do you wait to replace a possibly faulty CGM?,"I put on a new Libre 3+ this morning (let it ""soak"" for a few hours as some have suggested) before my existing one expired. Scanned it, let it do its warm up, but I am not trusting of this particular sensor—I could feel my BG was rising high, yet the Libre 3+ showed a reading of around 150 mg/dL. Tested myself using an old-fashioned glucometer and I was 100 points higher than that. I've been monitoring it for the last 11 hours, and so far, the sensor has been reading consistently as 80–100 points lower than the finger stick readings.I am worried about relying on this with my pump (I started using a Tandem t:slim X2 a little over a month ago) as I use Control IQ which makes corrections for me throughout the day, as well as the pump's ""sleep mode"" which adjusts my basal overnight based on readings. At this rate, my actual BG is going to be running consistently high because the sensor is throwing much lower readings. If it's this wonky, I am also worried about the prospect of my pump giving too much basal insulin should the sensor misread in the other direction.I submitted a replacement request with Abbott (Libre's manufacturer) but likely won't hear back until tomorrow at the soonest. Should I just take this one off and replace? I hate to waste a sensor, but at this point I am concerned about it properly calibrating at this point. This is the first time I've had this issue with the Freestyle Libre 3+. I did have issues with some of their prior CGMs (Freestyle 2 and 3) but that was before I used an insulin pump.",2026-06-09,https://old.reddit.com/r/diabetes_t1/comments/1u0sx4j/pump_users_how_long_do_you_wait_to_replace_a/,diabetes_t1,"I put on a new Libre 3 this morning let it ""soak"" for a few hours as some have suggested before my existing one expired. Scanned it, let it do its warm up, but I am not trusting of this particular sensor I could feel my BG was rising high, yet the Libre 3 showed a reading of around 150 mg dL. Tested myself using an old-fashioned glucometer and I was 100 points higher than that. I've been monitoring it for the last 11 hours, and so far, the sensor has been reading consistently as 80 100 points lower than the finger stick readings.I am worried about relying on this with my pump I started using a Tandem t slim X2 a little over a month ago as I use Control IQ which makes corrections for me throughout the day, as well as the pump's ""sleep mode"" which adjusts my basal overnight based on readings. At this rate, my actual BG is going to be running consistently high because the sensor is throwing much lower readings. If it's this wonky, I am also worried about the prospect of my pump giving too much basal insulin should the sensor misread in the other direction.I submitted a replacement request with Abbott Libre's manufacturer but likely won't hear back until tomorrow at the soonest. Should I just take this one off and replace? I hate to waste a sensor, but at this point I am concerned about it properly calibrating at this point. This is the first time I've had this issue with the Freestyle Libre 3 . I did have issues with some of their prior CGMs Freestyle 2 and 3 but that was before I used an insulin pump."
Infusion sites and being a bit leanerExercise & Sport,"Thinking about trying to give my abdomen a bit of a break from infusion sets, however I’ve realized that I’ve lost a bit of weight and had some gains since I’ve started to work out again. Just wondering how it would be if I were to use it be of the 90 degree infusion sets in my legs. Particularly if I were to flex or walk around or worse yet try to squat something heavy with it in my thigh.",2026-06-09,https://old.reddit.com/r/diabetes_t1/comments/1u0sozo/infusion_sites_and_being_a_bit_leaner/,diabetes_t1,"Thinking about trying to give my abdomen a bit of a break from infusion sets, however I ve realized that I ve lost a bit of weight and had some gains since I ve started to work out again. Just wondering how it would be if I were to use it be of the 90 degree infusion sets in my legs. Particularly if I were to flex or walk around or worse yet try to squat something heavy with it in my thigh."
Anyone else experiencing issues with Sibionics GS1 app?Science & Tech,"Hello. Sibionics GS1 user here. I'm using this CGM because it's the one that's covered by my insurance. Previously, I used Dexcom and never had issues with either the app or the receiver. But with Sibionics, I experience frequent disconnections from the phone (Android), and the way I've found to fix this is to manually open the app and wait until it reconnects. I've tried different devices and models, and the same thing happens across them.This is a critical error because you could miss low or high bg readings, which you could probably have otherwise prevented if the app worked as it should. It happens randomly, but it's very annoying.I wanted to know if there are others in the same boat. If so, I'd recommend contacting Sibionics repeatedly until they fix this, because it's a very important issue.Also, I'd love to know if anyone uses an unofficial app for this CGM. I wish xDrip supported it natively. I think the sensor itself is good, the problem is with the software.",2026-06-09,https://old.reddit.com/r/diabetes_t1/comments/1u0s8pm/anyone_else_experiencing_issues_with_sibionics/,diabetes_t1,"Hello. Sibionics GS1 user here. I'm using this CGM because it's the one that's covered by my insurance. Previously, I used Dexcom and never had issues with either the app or the receiver. But with Sibionics, I experience frequent disconnections from the phone Android , and the way I've found to fix this is to manually open the app and wait until it reconnects. I've tried different devices and models, and the same thing happens across them.This is a critical error because you could miss low or high bg readings, which you could probably have otherwise prevented if the app worked as it should. It happens randomly, but it's very annoying.I wanted to know if there are others in the same boat. If so, I'd recommend contacting Sibionics repeatedly until they fix this, because it's a very important issue.Also, I'd love to know if anyone uses an unofficial app for this CGM. I wish xDrip supported it natively. I think the sensor itself is good, the problem is with the software."
First day at the gymExercise & Sport,"Today was my first day EVER at the gym. I had a banana and a cup of milk 30mins before I went to the gym. I bolused only half of what I usually take.Since it was my first day, I stretched a bit, then did some cardio, incline, and ended with a simple treadmill. Feels like I did nothing but it was just my first day so meh.I went to the gym with 120 mg/dL, went to 140 in the gym and now that I'm back home, I'm up to 145. I guess the adrenaline spiked my sugar? Perhaps the fact that I took only half of the bolus or maybe that I didn't exert myself enough?Anyway this was the first of the many day self improvement journey that I've set on and cheers to the future!How were your first days at the gym?",2026-06-09,https://old.reddit.com/r/diabetes_t1/comments/1u0rf5p/first_day_at_the_gym/,diabetes_t1,"Today was my first day EVER at the gym. I had a banana and a cup of milk 30mins before I went to the gym. I bolused only half of what I usually take.Since it was my first day, I stretched a bit, then did some cardio, incline, and ended with a simple treadmill. Feels like I did nothing but it was just my first day so meh.I went to the gym with 120 mg dL, went to 140 in the gym and now that I'm back home, I'm up to 145. I guess the adrenaline spiked my sugar? Perhaps the fact that I took only half of the bolus or maybe that I didn't exert myself enough?Anyway this was the first of the many day self improvement journey that I've set on and cheers to the future!How were your first days at the gym?"
Tired of MDIs(),"Hey everyone, I’m a newly diagnosed 18 year old in Canada — it’s been about a month and a half since I went into dka and found out I have type 1. None of my family members have it, so I have mostly looked here for advice, as well as just trying to not feel alone in this. My boyfriend has been super supportive but sometimes I feel just broken and nobody to turn to who understands the same exact thing I’m going through, because i don’t have any close people I know with such disease, it came out of nowhere and just turned my world upside down. I love my bf and he is great, as he does my injections when I’m too tired to, he goes to my appointments etc and we haven’t even been dating that long, anyway I am so so so grateful for him.As I said it’s only been over a month since I got diagnosed and I’ve been on daily injections of long acting and meal time insulin. About a week into it my insulin (apidra and basaglar) started burning, only getting worse and worse with time and at some point became unbearable to the point where I cried multiple times from the pain. Not only has it been hard mentally but the injections have made it so much worse. I am not a big fan of needles, I’m not sure anyone is but oh well i don’t get a choice and have to wait a year before applying for a pump.When the burning started, I was out of the country so unable to seek help, but after I came back (about 3 weeks into my diagnosis) my diabetes nurse suggested different types of insulin to try, turns out I may have been allergic to the insulin I was using. After apidra, I switched to admalog, and now I’m doing kirsty. Kirsty hurts a lot less but it’s still pretty painful especially since I need large amounts of insulin for some reason (I’m 5’8 72 kg and have decently active lifestyle), so it doesn’t make sense to me. I take 20+ units of insulin each meal + around 50 basal, such a high volume also makes it hurt more, I was told. Even after over a hundred units of insulin a day, I’m still high most of the day. In addition to the pain from the insulin itself my stomach is all bruised up from the injections I have to do, which ends up being about 6 a day (3 for meals, I split my basal into 2, and usually at least 1 correction) and I don’t know what to do. If I inject too much at once I go low, if I don’t it stays high for hours. I haven’t seen an endocrinologist yet, I have another month to go before my appointment, I have no carb ratio yet so I’m just kind of guessing how much I need which makes it extremely hard to stay in range, and I’ve only been over 70% one day which was the previous Friday.The new insulin started hurting a bit as well and I really hope it doesn’t get worse because the nurse said I only have one more type to try and if that doesn’t work I just have to suffer through it for 4-6 weeks and it might go away, which I don’t like the idea of because of how unbearable the pain was and I don’t want to go back to that. Another thing that annoys me is how many bruises from injections I have on my stomach, it hurts to wear pants because of it, I hate how it looks, it stops me from sleeping on my stomach like I used to and I just hate it. I tried injecting into my leg a few times but the insulin does not get absorbed as well I’ve noticed.I’ve tried to fight it, but it feels like no matter what I do my blood sugar is always high regardless, I feel powerless and just not good enough. I’ve tried to do everything like the doctors told me but I still can’t stay in range. I’m worried about the fact  I can’t control my sugars even though I’m trying.. My only hope is that it will get better when I get the pump but even going another 11 months if not longer like this feels impossible. Going my whole life like this feels impossible and I just want it to be over. I never knew anything about type 1 other than the fact it existed and never thought it would be something that would happen to me. I’m just tired already and the mdis and all the issues I’ve had with them are not helping. I just want to know it gets better and I can’t see that right now. In addition I’ve also had my hair fall out like crazy, I asked my family doc to help me with that and he just dismissed it. The bruising, the cgm and the hair altogether also have led to some self image issues and I’m scared that I have changed both mentally and physically. I feel ugly and hate all the signs of diabetes and the fact that my hair is falling out as an 18 year old makes me feel ugly.Anyway this has been pretty depressing, but I just don’t have that many people to talk to about this, Reddit has been very helpful to me and I just wanted to rant. I try to seem strong to the people around me but I just wanted to express some emotions that have been building up in my head. I’m very emotional as I’m writing this so I’m sorry if some of it doesn’t make sense or just sounds weird. Thank you all for reading this, I appreciate the support people in this subreddit have given me. Sending my best wishes to all of you strong people out there.",2026-06-09,https://old.reddit.com/r/diabetes_t1/comments/1u0py3h/tired_of_mdis/,diabetes_t1,"Hey everyone, I m a newly diagnosed 18 year old in Canada it s been about a month and a half since I went into dka and found out I have type 1. None of my family members have it, so I have mostly looked here for advice, as well as just trying to not feel alone in this. My boyfriend has been super supportive but sometimes I feel just broken and nobody to turn to who understands the same exact thing I m going through, because i don t have any close people I know with such disease, it came out of nowhere and just turned my world upside down. I love my bf and he is great, as he does my injections when I m too tired to, he goes to my appointments etc and we haven t even been dating that long, anyway I am so so so grateful for him.As I said it s only been over a month since I got diagnosed and I ve been on daily injections of long acting and meal time insulin. About a week into it my insulin apidra and basaglar started burning, only getting worse and worse with time and at some point became unbearable to the point where I cried multiple times from the pain. Not only has it been hard mentally but the injections have made it so much worse. I am not a big fan of needles, I m not sure anyone is but oh well i don t get a choice and have to wait a year before applying for a pump.When the burning started, I was out of the country so unable to seek help, but after I came back about 3 weeks into my diagnosis my diabetes nurse suggested different types of insulin to try, turns out I may have been allergic to the insulin I was using. After apidra, I switched to admalog, and now I m doing kirsty. Kirsty hurts a lot less but it s still pretty painful especially since I need large amounts of insulin for some reason I m 5 8 72 kg and have decently active lifestyle , so it doesn t make sense to me. I take 20 units of insulin each meal around 50 basal, such a high volume also makes it hurt more, I was told. Even after over a hundred units of insulin a day, I m still high most of the day. In addition to the pain from the insulin itself my stomach is all bruised up from the injections I have to do, which ends up being about 6 a day 3 for meals, I split my basal into 2, and usually at least 1 correction and I don t know what to do. If I inject too much at once I go low, if I don t it stays high for hours. I haven t seen an endocrinologist yet, I have another month to go before my appointment, I have no carb ratio yet so I m just kind of guessing how"
Tresiba /humalog,"Here’s a question I’m not getting answers. I’m mdi ( don’t want to pump which is my endos answer). I’m on tresiba 10 units am. Breakfast 1.5 humalog, 2 units lunch /dinner.  I have several lows I mid am and before dinner. Endo says eat more. I’m eating all day! Should I lower my tresiba then adjust my fast acting or keep  tresiba as is, then eat more at meals, pm snacks?",2026-06-08,https://old.reddit.com/r/diabetes_t1/comments/1u0p0fv/tresiba_humalog/,diabetes_t1,"Here s a question I m not getting answers. I m mdi don t want to pump which is my endos answer . I m on tresiba 10 units am. Breakfast 1.5 humalog, 2 units lunch dinner. I have several lows I mid am and before dinner. Endo says eat more. I m eating all day! Should I lower my tresiba then adjust my fast acting or keep tresiba as is, then eat more at meals, pm snacks?"
Pump/Infusion Set RecommendationsDiscussion,"Looking for recommendations/suggestions on insulin pump brands and infusion set type that have been successful for patients. I have been a T1D for almost 33 years. I have been on an insulin pump since 2001. I have used Medtronic and Tandem. Been on Tandem T:Slim X2 for a couple years now with the Autosoft XC infusion sets and Humalog insulin. Tried Fiasp and failed miserably with occlusions and burning. I have Occlusion Alarms SO many times that I am about to go back injections. I rotate areas, try new areas, etc. and it doesn't seem to help. Any recommendations for an infusion set that doesn't occlude all the time? TIA",2026-06-08,https://old.reddit.com/r/diabetes_t1/comments/1u0n8vh/pumpinfusion_set_recommendations/,diabetes_t1,"Looking for recommendations suggestions on insulin pump brands and infusion set type that have been successful for patients. I have been a T1D for almost 33 years. I have been on an insulin pump since 2001. I have used Medtronic and Tandem. Been on Tandem T Slim X2 for a couple years now with the Autosoft XC infusion sets and Humalog insulin. Tried Fiasp and failed miserably with occlusions and burning. I have Occlusion Alarms SO many times that I am about to go back injections. I rotate areas, try new areas, etc. and it doesn't seem to help. Any recommendations for an infusion set that doesn't occlude all the time? TIA"
When you can't go for a walk?Exercise & Sport,"Walking is my go-to activity for a high.The weather this week looks like absolute garbage, but I still want to eat the carbs. Any suggestions for specific activities that are as effective as walking if I can't go?I suppose I could do stairs, squats, etc. But how much? Do I do ten reps, sit and see what happens, and then get up and do ten more?Why am I overthinking this? Any advice here?",2026-06-08,https://old.reddit.com/r/diabetes_t1/comments/1u0n0tk/when_you_cant_go_for_a_walk/,diabetes_t1,"Walking is my go-to activity for a high.The weather this week looks like absolute garbage, but I still want to eat the carbs. Any suggestions for specific activities that are as effective as walking if I can't go?I suppose I could do stairs, squats, etc. But how much? Do I do ten reps, sit and see what happens, and then get up and do ten more?Why am I overthinking this? Any advice here?"
Need some advice.Seeking Support/Advice(),"Hello all,I know this will be oddly formal but, I am 24 male who just got diagnosed with type 1 after going DKA while having no idea what was going on. Was admitted to ICU on tuesday night, got fully out of the hospital on saturday after learning how to use my new kit and heres where things get hard. I am a Chef professionally and absolutely love food and cooking, experimenting with recipes and such, but i have some questions cause...this is all terrifying for me. Some extra details, i am thinking of getting a pump and CGM for ease while in the kitchen for my work.Does it get easier as time goes on?Does anyone still get angry about their diagnosis?How can I tell if I have a good or bad Endocrinologist?Would doing things like making my own bread or pasta and such be more beneficial for me or no?What are some good snacks that dont mess with my blood sugar, cause im normally a grazer/snacker during the day.Final question, my schedule is usually fall asleep at about 3-4 AM and wake up around 11-noonish to then go to work at like 2 before coming home at 9-10 oclock at night and not usually fully getting a meal until then. Is that a schedule that i can even make work with the insulin shots or even the meals what do i do about that while i work in a kitchen?I know I ranted a little bit there at the end but i dont know what to do and im kinda starting to spiral with this.",2026-06-08,https://old.reddit.com/r/diabetes_t1/comments/1u0le9e/need_some_advice/,diabetes_t1,"Hello all,I know this will be oddly formal but, I am 24 male who just got diagnosed with type 1 after going DKA while having no idea what was going on. Was admitted to ICU on tuesday night, got fully out of the hospital on saturday after learning how to use my new kit and heres where things get hard. I am a Chef professionally and absolutely love food and cooking, experimenting with recipes and such, but i have some questions cause...this is all terrifying for me. Some extra details, i am thinking of getting a pump and CGM for ease while in the kitchen for my work.Does it get easier as time goes on?Does anyone still get angry about their diagnosis?How can I tell if I have a good or bad Endocrinologist?Would doing things like making my own bread or pasta and such be more beneficial for me or no?What are some good snacks that dont mess with my blood sugar, cause im normally a grazer snacker during the day.Final question, my schedule is usually fall asleep at about 3-4 AM and wake up around 11-noonish to then go to work at like 2 before coming home at 9-10 oclock at night and not usually fully getting a meal until then. Is that a schedule that i can even make work with the insulin shots or even the meals what do i do about that while i work in a kitchen?I know I ranted a little bit there at the end but i dont know what to do and im kinda starting to spiral with this."
Libre 2+ sensor/app issue,"Anyone else have issues with the libre 2+ sensor where it works perfectly fine for a day or two but then constantly shows “signal loss” and then only shows a reading after you scan the sensor? This has happened on a couple of sensors over the last couple of months, not sure if it’s just me being unlucky with defective sensors..I end up replacing it after a day of this issue so just seeing if it’s something others have experienced and was there a way of fixing without changing the sensor?",2026-06-08,https://old.reddit.com/r/diabetes_t1/comments/1u0lat7/libre_2_sensorapp_issue/,diabetes_t1,"Anyone else have issues with the libre 2 sensor where it works perfectly fine for a day or two but then constantly shows signal loss and then only shows a reading after you scan the sensor? This has happened on a couple of sensors over the last couple of months, not sure if it s just me being unlucky with defective sensors..I end up replacing it after a day of this issue so just seeing if it s something others have experienced and was there a way of fixing without changing the sensor?"
Have extra G6-only Omnipod 5s if anyone could use themSupplies,"Have 2 (maybe 3, have to check) 5-packs ofG6 onlyOmnipods if anyone could use them. Don't have them in front of me at the moment but since Insulet hasn't made the G6 only in a while, I'd imagine the expiration date has passed. But they're brand new and likely still fully functional. Only cost'd be a few bucks for shipping (from Virginia).",2026-06-08,https://old.reddit.com/r/diabetes_t1/comments/1u0l3au/have_extra_g6only_omnipod_5s_if_anyone_could_use/,diabetes_t1,"Have 2 maybe 3, have to check 5-packs ofG6 onlyOmnipods if anyone could use them. Don't have them in front of me at the moment but since Insulet hasn't made the G6 only in a while, I'd imagine the expiration date has passed. But they're brand new and likely still fully functional. Only cost'd be a few bucks for shipping from Virginia ."
URGENT HELP NEEDED,"accidentally put 21u novo rapid instead levemirI am stressed. My family is too, and that was right after my glucose was already low and I ate sweetI normally put 6u of NovorapidUPDATE 1h after :I ate 2 bananas and have a lollipop. My Dexcom value is 7.4 to 7.0 to 6.8 and I am having a lollipop just to have my glucose level higher for the next 2 hours.UPDATE morning :Thank you allllllll for your support. I really appreciate that. I was really stressed and the fact that I have a little kid adds up more stress. What I learned is that I needSodaGlucose tabletsAnd glucose InjectionWhat I did was because I was advised to inject levemir in the evening instead of in the morning. Instead, I put 3x my usual meal time insulin instead of levemir for basalYea, I waked up a little high it is now stabilising. But I slept 5h and I prefer this instead of risking being low in my sleep.That was a lesson learned. A very bad way",2026-06-08,https://old.reddit.com/r/diabetes_t1/comments/1u0hy5y/urgent_help_needed/,diabetes_t1,"accidentally put 21u novo rapid instead levemirI am stressed. My family is too, and that was right after my glucose was already low and I ate sweetI normally put 6u of NovorapidUPDATE 1h after I ate 2 bananas and have a lollipop. My Dexcom value is 7.4 to 7.0 to 6.8 and I am having a lollipop just to have my glucose level higher for the next 2 hours.UPDATE morning Thank you allllllll for your support. I really appreciate that. I was really stressed and the fact that I have a little kid adds up more stress. What I learned is that I needSodaGlucose tabletsAnd glucose InjectionWhat I did was because I was advised to inject levemir in the evening instead of in the morning. Instead, I put 3x my usual meal time insulin instead of levemir for basalYea, I waked up a little high it is now stabilising. But I slept 5h and I prefer this instead of risking being low in my sleep.That was a lesson learned. A very bad way"
Sudden spikes at the morningGraphs & Data(reddit.com),"I started using cgm recently and noticed sudden spikes in my bg around 7 am. I tried to bolus insulin at different times and different amounts, but the result was always the same. Why could it be like that?",2026-06-08,https://old.reddit.com/r/diabetes_t1/comments/1u0gbb4/sudden_spikes_at_the_morning/,diabetes_t1,"I started using cgm recently and noticed sudden spikes in my bg around 7 am. I tried to bolus insulin at different times and different amounts, but the result was always the same. Why could it be like that?"
Should I be worried for my retinas getting damaged due to high sugars levelsMental Health,In 2 days I am going for another focal laser surgery as my retina has signs of bleeding and fortunately there is very mild edema which is not in front of my vision area. I had the same surgery last year and due to high sugars I have to undergo it again this year. I am very much worried and stressed about this and seriously working hard to keep my sugars in control. Should I be so much worried about this?,2026-06-08,https://old.reddit.com/r/diabetes_t1/comments/1u0fgn4/should_i_be_worried_for_my_retinas_getting/,diabetes_t1,In 2 days I am going for another focal laser surgery as my retina has signs of bleeding and fortunately there is very mild edema which is not in front of my vision area. I had the same surgery last year and due to high sugars I have to undergo it again this year. I am very much worried and stressed about this and seriously working hard to keep my sugars in control. Should I be so much worried about this?
Life before and after a cgmDiscussion,I am considering moving out of the country in the next couple of months to somewhere with better healthcare and access to cgm and i for instace have fear of lows especially during activity and after injecting recently so iv been meaning to ask is how much does aa cgm improve that and how much does it make diabetes management easier,2026-06-08,https://old.reddit.com/r/diabetes_t1/comments/1u0fbp3/life_before_and_after_a_cgm/,diabetes_t1,I am considering moving out of the country in the next couple of months to somewhere with better healthcare and access to cgm and i for instace have fear of lows especially during activity and after injecting recently so iv been meaning to ask is how much does aa cgm improve that and how much does it make diabetes management easier
Exercise adviseExercise & Sport,"Hi, I’m 17, and I’ve been a diabetic for nearly 6 years now. Recently, my endo referred me to a cardiologist over slightly high blood pressure. The cardiologist told me not to worry about my heart, as it is only slightly elevated. Instead he said i should be focusing on losing weight through weight lifting. The problem… I hate weight lifting. It can feel good, but generally it makes me feel sick, tired, and hungry, like really hungry. What are my options, and how can I help form better habitsI also have hypothyroidism if that matters.Thank you all for the help🙌",2026-06-08,https://old.reddit.com/r/diabetes_t1/comments/1u0c2we/exercise_advise/,diabetes_t1,"Hi, I m 17, and I ve been a diabetic for nearly 6 years now. Recently, my endo referred me to a cardiologist over slightly high blood pressure. The cardiologist told me not to worry about my heart, as it is only slightly elevated. Instead he said i should be focusing on losing weight through weight lifting. The problem I hate weight lifting. It can feel good, but generally it makes me feel sick, tired, and hungry, like really hungry. What are my options, and how can I help form better habitsI also have hypothyroidism if that matters.Thank you all for the help"
Used needles,"When your out and about, how do you store your used needles?Thank you",2026-06-08,https://old.reddit.com/r/diabetes_t1/comments/1u0bash/used_needles/,diabetes_t1,"When your out and about, how do you store your used needles?Thank you"
td1 friendsRant,i want to meet someone with t1d and be friends in real life. im bad at online relationships/friendships. i dont know how to find someone near me. and i dont know what id say if i found them. i guess i just wish someone close to me could understand. my friends are doing their best to understand and i appreciate them a lot but i still feel alone in this. im trying really hard to not be ashamed bc i feel like its dumb to be ashamed and embarrassed but it feels like itd be easier if someone else around me was also having to think about carbs and take insulin but maybe thays just wishful thinking. its only been 3 months since my diagnosis so i have hope that ill get more confidence. the other day i hung out with some coworkers and i was nervous to take the shot in front of them. why??? i dont fucking know. i did it just fine in front of family and at work mid shift. but in my coworkers appartment? i was so anxious and felt singled out. it made me so frustrated bc like they literally know i have diabetes. i dont want to sequester myself away every time i need a shot. i dont know i guess im just rambling. i just dont know who to talk to about this,2026-06-08,https://old.reddit.com/r/diabetes_t1/comments/1u0ayob/td1_friends/,diabetes_t1,i want to meet someone with t1d and be friends in real life. im bad at online relationships friendships. i dont know how to find someone near me. and i dont know what id say if i found them. i guess i just wish someone close to me could understand. my friends are doing their best to understand and i appreciate them a lot but i still feel alone in this. im trying really hard to not be ashamed bc i feel like its dumb to be ashamed and embarrassed but it feels like itd be easier if someone else around me was also having to think about carbs and take insulin but maybe thays just wishful thinking. its only been 3 months since my diagnosis so i have hope that ill get more confidence. the other day i hung out with some coworkers and i was nervous to take the shot in front of them. why??? i dont fucking know. i did it just fine in front of family and at work mid shift. but in my coworkers appartment? i was so anxious and felt singled out. it made me so frustrated bc like they literally know i have diabetes. i dont want to sequester myself away every time i need a shot. i dont know i guess im just rambling. i just dont know who to talk to about this
Is the intermediate acting insulin from 30/70 not working?Discussion(i.redd.it),i have t1 since last 18 years from sometime my hba1c was going 11 so i got a cgm and from what i am seeing since 3 days is my morning sugars are fine after i take my 30/70 with a dose of 38 units but after my lunch they go around 300 and stay same till my next evening dose at 7 pm,2026-06-08,https://old.reddit.com/r/diabetes_t1/comments/1u0asca/is_the_intermediate_acting_insulin_from_3070_not/,diabetes_t1,i have t1 since last 18 years from sometime my hba1c was going 11 so i got a cgm and from what i am seeing since 3 days is my morning sugars are fine after i take my 30 70 with a dose of 38 units but after my lunch they go around 300 and stay same till my next evening dose at 7 pm
What’s the most obscure/random setting you’ve ever met another T1?Discussion,"Many moons ago, my college roommate I was randomly assigned with also happened to have T1D.",2026-06-08,https://old.reddit.com/r/diabetes_t1/comments/1u0as1y/whats_the_most_obscurerandom_setting_youve_ever/,diabetes_t1,"Many moons ago, my college roommate I was randomly assigned with also happened to have T1D."
Would be cool to have memory technology for insulin pensScience & Tech,For those on MDI....you ever just take a shot of insulin and immediately forget what dose you took? Just happened to me. I'm so on autopilot sometimes I take my insulin without using my brain at all apparently. For example this morning I was thinking to myself I should go up a unit on my long acting because lately I've been trying to make adjustments for the perfect dose (also just came off my period and that always throws a wrench in everything). So now I'm sitting here after taking my morning shot with absolutely zero clue if I took the extra unit or not. Not the end of the world but now for tomorrow I wont know how to compare how I did today with what I'll take tomorrow. So it would be cool if there was a way to see what the last dose you took was on the pen. I feel like I cant be the only one who has done this before.Prob wouldn't be worth it to the pharmaceutical companies to spend extra money on something like this now but maybe someday it would be an easy addition. A girl can dream.,2026-06-08,https://old.reddit.com/r/diabetes_t1/comments/1u0abpx/would_be_cool_to_have_memory_technology_for/,diabetes_t1,For those on MDI....you ever just take a shot of insulin and immediately forget what dose you took? Just happened to me. I'm so on autopilot sometimes I take my insulin without using my brain at all apparently. For example this morning I was thinking to myself I should go up a unit on my long acting because lately I've been trying to make adjustments for the perfect dose also just came off my period and that always throws a wrench in everything . So now I'm sitting here after taking my morning shot with absolutely zero clue if I took the extra unit or not. Not the end of the world but now for tomorrow I wont know how to compare how I did today with what I'll take tomorrow. So it would be cool if there was a way to see what the last dose you took was on the pen. I feel like I cant be the only one who has done this before.Prob wouldn't be worth it to the pharmaceutical companies to spend extra money on something like this now but maybe someday it would be an easy addition. A girl can dream.
Occlusion alarm soundDiscussion,"I have a question about occlusion alarms on tslim insulin pump. How is it possible that sometimes it just vibrates, while other times it starts beeping with that annoying loud sound? Is there any difference between the occlusions, or why does it always sound different?",2026-06-08,https://old.reddit.com/r/diabetes_t1/comments/1u04txb/occlusion_alarm_sound/,diabetes_t1,"I have a question about occlusion alarms on tslim insulin pump. How is it possible that sometimes it just vibrates, while other times it starts beeping with that annoying loud sound? Is there any difference between the occlusions, or why does it always sound different?"
Relationship with foodDiscussion,"Has your relationship with food changed since being diagnosed?I didn't have the best diet, but I'm now on a low carb. I started with one long acting insulin dose a day and  checking my glucose, and now I can see what number Im getting I am bit hesitant to eat certain foods. Before I ate potatoes or pasta with every evening meal, bread for lunch. Snacked when I wanted.It's also because I don't want to be put on mealtime insulin",2026-06-08,https://old.reddit.com/r/diabetes_t1/comments/1u012rp/relationship_with_food/,diabetes_t1,"Has your relationship with food changed since being diagnosed?I didn't have the best diet, but I'm now on a low carb. I started with one long acting insulin dose a day and checking my glucose, and now I can see what number Im getting I am bit hesitant to eat certain foods. Before I ate potatoes or pasta with every evening meal, bread for lunch. Snacked when I wanted.It's also because I don't want to be put on mealtime insulin"
Is going vegetarian okay for someone with type 1 diabetes?Nutrition & Diet,"I’ve been vegan for 8 years, loads of veggies and fruits, loads of running and carbs, and my A1C has been always in the 5s",2026-06-08,https://old.reddit.com/r/diabetes_t1/comments/1u007gu/is_going_vegetarian_okay_for_someone_with_type_1/,diabetes_t1,"I ve been vegan for 8 years, loads of veggies and fruits, loads of running and carbs, and my A1C has been always in the 5s"
Recently DiagnosedSeeking Support/Advice,"I'm 19 and i recently did i have type 1 diabetes. Honestly, i feel down and thinking of lifelong medication is bothering me. Also, I'm in college and how will i manage things its really frustrating",2026-06-08,https://old.reddit.com/r/diabetes_t1/comments/1u006ld/recently_diagnosed/,diabetes_t1,"I'm 19 and i recently did i have type 1 diabetes. Honestly, i feel down and thinking of lifelong medication is bothering me. Also, I'm in college and how will i manage things its really frustrating"
Sticking the landing 🤤Graphs & Data(i.redd.it),"Love it when my alarm rings in the middle of the night, I proceed to sleepily give a random intuitive amount of insulin, go back to sleep and then wake up to a perfect graph 🤤",2026-06-08,https://old.reddit.com/r/diabetes_t1/comments/1tzxg9p/sticking_the_landing/,diabetes_t1,"Love it when my alarm rings in the middle of the night, I proceed to sleepily give a random intuitive amount of insulin, go back to sleep and then wake up to a perfect graph"
Lump and redness at pod site,"Hi! I removed my sons omnipod 48 hrs ago and placed new one lower. Tonight I was helping him with his bath (he’s 6) and noticed the old cannula insertion point was swollen like a mosquito bite, felt some hard tissue under and there’s a red circle about an inch out from each side of inflammation. I googled this and basically the advice was to watch it and make sure it resolves and does not spread. It’s bedtime so I was going to mark the edge of the inflammation circle and check when he gets up in about nine hours to see if swelling and redness has abated, increased or stayed same. My question is— am I underreacting? Has anyone had experience with this. We’ve been pod users since January and he definitely gets a lot of redness and irritation but this one is different. Thanks so much for any replies or advice.",2026-06-08,https://old.reddit.com/r/diabetes_t1/comments/1tzww6k/lump_and_redness_at_pod_site/,diabetes_t1,"Hi! I removed my sons omnipod 48 hrs ago and placed new one lower. Tonight I was helping him with his bath he s 6 and noticed the old cannula insertion point was swollen like a mosquito bite, felt some hard tissue under and there s a red circle about an inch out from each side of inflammation. I googled this and basically the advice was to watch it and make sure it resolves and does not spread. It s bedtime so I was going to mark the edge of the inflammation circle and check when he gets up in about nine hours to see if swelling and redness has abated, increased or stayed same. My question is am I underreacting? Has anyone had experience with this. We ve been pod users since January and he definitely gets a lot of redness and irritation but this one is different. Thanks so much for any replies or advice."
Diabetes Petition - UKHealthcare(i.redd.it),"Little edit because I’m getting pretty damn sick of repeating myself:The petition is not asking for the government to hand over PIP to EVERY single T1 diabetic on a silver platter just because. The petition is asking for the criteria to be looked at in the system and to recognise more parts of T1 diabetes. It is asking for support and fairness, so that even if you individually do not want or need PIP, then at least that door is available to you if god forbid you ever need it. Prominent members in the diabetes community and others around are calling out some members too because some of you have absolutely NO empathy for how others live, sitting on your high horse with your “I’m alright Jack so f*ck the rest” attitude. And with that attitude, I hope that shall you ever need PIP, people make it incredibly hard for you too 😊This is kind of exclusively for the UK T1 diabetics in here. There is a new petition going around on the GOV website for changing the PIP criteria to better include T1 diabetics as quite frankly most of us are denied it. Our CGMs and Pumps are not classed as ‘aids’ under their criteria’s too.As many of us know T1 is such a complex changing condition that comes with so many other ‘side effects’ and which 1 person may lead a completely healthy and normal life others are struggling to function so please bare that in mind if you’re thinking of commenting along the lines of “diabetes doesn’t need PIP, we can lead normal lives without it” or similar. Just move on. This is more about bringing more and more awareness to our condition and the extensive needs and complexity of it.I’m unsure if I’m able to share links on the post to it, if I am I will edit the post to include/add a link in the comments underneath. If not I have included an image of the petition with the title of the petition so you can search yourself and sign if you wish. Thank you 😊",2026-06-08,https://old.reddit.com/r/diabetes_t1/comments/1tzupum/diabetes_petition_uk/,diabetes_t1,"Little edit because I m getting pretty damn sick of repeating myself The petition is not asking for the government to hand over PIP to EVERY single T1 diabetic on a silver platter just because. The petition is asking for the criteria to be looked at in the system and to recognise more parts of T1 diabetes. It is asking for support and fairness, so that even if you individually do not want or need PIP, then at least that door is available to you if god forbid you ever need it. Prominent members in the diabetes community and others around are calling out some members too because some of you have absolutely NO empathy for how others live, sitting on your high horse with your I m alright Jack so f ck the rest attitude. And with that attitude, I hope that shall you ever need PIP, people make it incredibly hard for you too This is kind of exclusively for the UK T1 diabetics in here. There is a new petition going around on the GOV website for changing the PIP criteria to better include T1 diabetics as quite frankly most of us are denied it. Our CGMs and Pumps are not classed as aids under their criteria s too.As many of us know T1 is such a complex changing condition that comes with so many other side effects and which 1 person may lead a completely healthy and normal life others are struggling to function so please bare that in mind if you re thinking of commenting along the lines of diabetes doesn t need PIP, we can lead normal lives without it or similar. Just move on. This is more about bringing more and more awareness to our condition and the extensive needs and complexity of it.I m unsure if I m able to share links on the post to it, if I am I will edit the post to include add a link in the comments underneath. If not I have included an image of the petition with the title of the petition so you can search yourself and sign if you wish. Thank you"
Help! I am traveling through Portland OR and left my t:slim cartridges at the last stop - need one TONIGHTSeeking Support/Advice,"Does anyone know of a way I can get cartridges for the tandem t:slim x2 in Portland, OR in a hurry? I'm on a long road trip and made the big mistake of pre filling all of my remaining 4 cartridges and then leaving them in the fridge of my aunt's place which is now a 5 hour drive away.Any advice welcome!",2026-06-08,https://old.reddit.com/r/diabetes_t1/comments/1tzuep9/help_i_am_traveling_through_portland_or_and_left/,diabetes_t1,"Does anyone know of a way I can get cartridges for the tandem t slim x2 in Portland, OR in a hurry? I'm on a long road trip and made the big mistake of pre filling all of my remaining 4 cartridges and then leaving them in the fridge of my aunt's place which is now a 5 hour drive away.Any advice welcome!"
Any tips for gaining weight?Nutrition & Diet,"Just went to the doctor and I'm currently sitting at 131 lbs and I'm 5'11"". My blood sugars have been really out of control lately. I just had one of the worst a1c's I've ever had (it was a 12).I got sick a while back and my blood sugars haven't been the same since. I've had dramatic drops that have scared me so I've kept it higher to give myself a buffer. There are many times now that if I hadn't had that buffer I would have probably been a goner.Any words of advice or encouragement are greatly appreciated. I've been a diabetic for almost 27 years now. It's a struggle but I'm trying my best not to be afraid. Anyway, take care out there everyone.",2026-06-08,https://old.reddit.com/r/diabetes_t1/comments/1tztupt/any_tips_for_gaining_weight/,diabetes_t1,"Just went to the doctor and I'm currently sitting at 131 lbs and I'm 5'11"". My blood sugars have been really out of control lately. I just had one of the worst a1c's I've ever had it was a 12 .I got sick a while back and my blood sugars haven't been the same since. I've had dramatic drops that have scared me so I've kept it higher to give myself a buffer. There are many times now that if I hadn't had that buffer I would have probably been a goner.Any words of advice or encouragement are greatly appreciated. I've been a diabetic for almost 27 years now. It's a struggle but I'm trying my best not to be afraid. Anyway, take care out there everyone."
2nd spike after meals?Nutrition & Diet,"In my early/mid 20s, male, around 130lbs, 5'7""ish. Had T1 for around 12 years now. Using Dexcom G7, Humalog, and Toujeo. Lately I've been trying to increase my time in range. My A1c is usually in the mid 6's, but I feel like I'm high a lot. For example, I've been between 170-200 for the past 3-4 hours, and I didn't even eat dinner. I've never gone over my CGM data with my doctor, but he says my labs are fine. This just personally really bothers me and I feel like there has to be a way to be better.My sensitivity to Humalog seems different every day. Usually, I would take 3 extra units to bring down a high of 200. Today I took 8, skipped dinner, and took a walk in the hot Florida sun and it's done literally nothing. I've been trying to be better about taking my insulin around 15-30 minutes before a meal when I can, because I've found it greatly helps in not sending me to the moon after I eat. (Of course, along with trying to have a balanced diet that avoids processed carbs like white bread, soda, etc).My problem right now is that I'm having a second spike post meal (around 2 hours ish after eating, after returning to a normal level following the initial spike which is usually between 140-180), and nothing seems to work to correct it. This is especially true for the afternoon and evening. Morning used to be my biggest problem, but surprisingly that's randomly decided to behave better lately.I can't increase my Toujeo anymore, as I usually fall from wherever I am to around 70 during the night and just cruise there.My range on the Dexcom is set from 70-150, and I just can't seem to get higher than 50-60% in range. For example, my last 7 days are 6% very high, 37% high, 52% in range, 4% low, and 1% very low. It improves a bit if I set the range from 70-180, but not by a whole lot.Also, I'm not worried about the ""very low."" It happens occasionally, but usually it's just from my sensor freaking out in the night because I rolled over onto my arm in my sleep when I'm actually totally fine. What I care to work on right now are the high numbers.Is there anything else I can do?? This really annoys me.",2026-06-08,https://old.reddit.com/r/diabetes_t1/comments/1tztbny/2nd_spike_after_meals/,diabetes_t1,"In my early mid 20s, male, around 130lbs, 5'7""ish. Had T1 for around 12 years now. Using Dexcom G7, Humalog, and Toujeo. Lately I've been trying to increase my time in range. My A1c is usually in the mid 6's, but I feel like I'm high a lot. For example, I've been between 170-200 for the past 3-4 hours, and I didn't even eat dinner. I've never gone over my CGM data with my doctor, but he says my labs are fine. This just personally really bothers me and I feel like there has to be a way to be better.My sensitivity to Humalog seems different every day. Usually, I would take 3 extra units to bring down a high of 200. Today I took 8, skipped dinner, and took a walk in the hot Florida sun and it's done literally nothing. I've been trying to be better about taking my insulin around 15-30 minutes before a meal when I can, because I've found it greatly helps in not sending me to the moon after I eat. Of course, along with trying to have a balanced diet that avoids processed carbs like white bread, soda, etc .My problem right now is that I'm having a second spike post meal around 2 hours ish after eating, after returning to a normal level following the initial spike which is usually between 140-180 , and nothing seems to work to correct it. This is especially true for the afternoon and evening. Morning used to be my biggest problem, but surprisingly that's randomly decided to behave better lately.I can't increase my Toujeo anymore, as I usually fall from wherever I am to around 70 during the night and just cruise there.My range on the Dexcom is set from 70-150, and I just can't seem to get higher than 50-60 in range. For example, my last 7 days are 6 very high, 37 high, 52 in range, 4 low, and 1 very low. It improves a bit if I set the range from 70-180, but not by a whole lot.Also, I'm not worried about the ""very low."" It happens occasionally, but usually it's just from my sensor freaking out in the night because I rolled over onto my arm in my sleep when I'm actually totally fine. What I care to work on right now are the high numbers.Is there anything else I can do?? This really annoys me."
Helping Partner With T1DDiscussion,"Hello!My boyfriend has T1D but I do not. Although I understand that you are the one managing your diabetes, have there been any ways that your partner has assisted you with it that makes your life easier? How can I make my boyfriend’s life easier in terms of his T1D if possible?Thank you!",2026-06-07,https://old.reddit.com/r/diabetes_t1/comments/1tzr4ty/helping_partner_with_t1d/,diabetes_t1,"Hello!My boyfriend has T1D but I do not. Although I understand that you are the one managing your diabetes, have there been any ways that your partner has assisted you with it that makes your life easier? How can I make my boyfriend s life easier in terms of his T1D if possible?Thank you!"
Mom of recently diagnosed 7yoDiscussion(i.redd.it),It’s only been a month. Idk if this is good for everyone but it’s really good for us. Although I do have a question.. his dad and I share 50/50 custody and his numbers are like a roller coaster when he’s with his dad. How futile does my consistency become bc every 5 days it’s constant highs/lows all day?,2026-06-07,https://old.reddit.com/r/diabetes_t1/comments/1tzqtn1/mom_of_recently_diagnosed_7yo/,diabetes_t1,It s only been a month. Idk if this is good for everyone but it s really good for us. Although I do have a question.. his dad and I share 50 50 custody and his numbers are like a roller coaster when he s with his dad. How futile does my consistency become bc every 5 days it s constant highs lows all day?
Wheres the quit button?Graphs & Data(i.redd.it),Gng this game sucks,2026-06-07,https://old.reddit.com/r/diabetes_t1/comments/1tzp4bg/wheres_the_quit_button/,diabetes_t1,Gng this game sucks
Weight lossNutrition & Diet,Any tips for weight loss?Besides working out! I work out as much as I can (about 30mins a day) with my busy schedule and just looking for a little extra help,2026-06-07,https://old.reddit.com/r/diabetes_t1/comments/1tzobuc/weight_loss/,diabetes_t1,Any tips for weight loss?Besides working out! I work out as much as I can about 30mins a day with my busy schedule and just looking for a little extra help
Cgm libre 2+ not scanning?Graphs & Data(i.redd.it),"Hey just wondering if anyone is going through the same issue. My cgm has not connected to my bloods in over two hours. When I try to manually scan by touching it to the device it just stays like this endlessly. Any known data issues? I've tried resetting my device, turning the. Bluetooth and data/on off and nothing :/ my bloods aren't rapidly increasing/decreasing (although even when there were it never caused this!) dodgy libre? - hopefully not, this is my second after one that lasted less than 24 hours! UK here",2026-06-07,https://old.reddit.com/r/diabetes_t1/comments/1tzo77d/cgm_libre_2_not_scanning/,diabetes_t1,"Hey just wondering if anyone is going through the same issue. My cgm has not connected to my bloods in over two hours. When I try to manually scan by touching it to the device it just stays like this endlessly. Any known data issues? I've tried resetting my device, turning the. Bluetooth and data on off and nothing my bloods aren't rapidly increasing decreasing although even when there were it never caused this! dodgy libre? - hopefully not, this is my second after one that lasted less than 24 hours! UK here"
"Once a model patient, now basically left to rot by the medical system","I’m a 20-year-old French T1D (14 years duration, currently on a T-slim pump). I was a top-tier student (made it into med school via PASS), but my life has turned into a medical nightmare the past 3 years.Two years ago so, I was a 'model patient.' My doctors used my pump data for presentations because my management was textbook. Now? I’m stuck in a hellish positive feedback loop. My basal rate is up to 78 units/day (TDD ~140U). I’ve gained 20kg in 3 years. The more insulin I take to manage my resistance, the more I store fat, which in turn makes me more insulin resistant.I’m on an antidepressant regimen (Sertraline then Fluoxetine and now Brintellix) that hasn't helped and only seems to worsen the weight gain. I eat mostly a clean diet—fiber, legumes, complex carbs, but I still gain weight. I’m physically exhausted 24/7. Simple tasks like grocery shopping leave me gasping for air and sweating like if i just made it out of the showers. I’ve become so self-conscious about my weight (120kg now / BMI 37.9) and the physical toll of this situation that I’m withdrawing from everyone and I’m scared of going outside.The medical system has failed me. My specialist was out for 8+ months without warning. My local hospital just told me to use 'more concentrated insulin' to make pump changes less often/easier, ignoring the actual metabolic issue. The only substitute specialist I found refused to prescribe a GLP-1 agonist (Ozempic/Mounjaro) despite my BMI being an alarming 37.9 and my TDD being extremely high, citing 'lack of data' or 'off-label use'—despite recent studies showing how effective it is for T1D with heavy insulin resistance like mine. She just gave me Metformin (2g/day, which is ridiculously high for a start by the way) and this stuff just shredded my stomach, gave me awful diarrhea, and made me vomit.I feel like a fraud, a failure, and a burden; like a broken machine, like stupid, depressed and disgusting blob of fat.My questions are : Is anyone else here dealing with severe insulin resistance and weight gain despite being a 'model patient'? If in UE, how did you get your endo to finally listen and address the metabolic bottleneck (GLP-1)? I feel like I'm drowning and I don't know where to turn anymore.A quick clarification to keep this thread productive and more idiot-proof.I’m currently in a very fragile state, dealing with a severe metabolic crisis. I amnotlooking for basic advice on ""clean eating"" or ""moving more."" I have been a model patient for years, I track my macros religiously, and I have already consulted with nutritionists, and practice sport weekly.To those telling me ""this isn't how it works"": you don't have the full picture of my insulin-dependent physiology. When you're injecting 140U of insulin daily, your body is in a state of constant, forced storage. Dieting while hyper-insulinized is biologically futile : it’s like trying to bail out a sinking boat with a spoon while the hull is wide open.Please, let's stick to Rule of this r/ #1: Be kind and empathetic.I’m here asking for advice on how to navigate the medical system to address a metabolic bottleneck (GLP-1), not for a lecture on basic biology that I already understand at a high level at uni, so don't dare lecture me. If you don’t have personal experience with T1D-induced insulin resistance and GLP-1 treatment, please just scroll past. I’m drowning, I don’t have more energy for thoses empty ""debates"" to waste. Thank you.",2026-06-07,https://old.reddit.com/r/diabetes_t1/comments/1tznjy5/once_a_model_patient_now_basically_left_to_rot_by/,diabetes_t1,"I m a 20-year-old French T1D 14 years duration, currently on a T-slim pump . I was a top-tier student made it into med school via PASS , but my life has turned into a medical nightmare the past 3 years.Two years ago so, I was a 'model patient.' My doctors used my pump data for presentations because my management was textbook. Now? I m stuck in a hellish positive feedback loop. My basal rate is up to 78 units day TDD 140U . I ve gained 20kg in 3 years. The more insulin I take to manage my resistance, the more I store fat, which in turn makes me more insulin resistant.I m on an antidepressant regimen Sertraline then Fluoxetine and now Brintellix that hasn't helped and only seems to worsen the weight gain. I eat mostly a clean diet fiber, legumes, complex carbs, but I still gain weight. I m physically exhausted 24 7. Simple tasks like grocery shopping leave me gasping for air and sweating like if i just made it out of the showers. I ve become so self-conscious about my weight 120kg now BMI 37.9 and the physical toll of this situation that I m withdrawing from everyone and I m scared of going outside.The medical system has failed me. My specialist was out for 8 months without warning. My local hospital just told me to use 'more concentrated insulin' to make pump changes less often easier, ignoring the actual metabolic issue. The only substitute specialist I found refused to prescribe a GLP-1 agonist Ozempic Mounjaro despite my BMI being an alarming 37.9 and my TDD being extremely high, citing 'lack of data' or 'off-label use' despite recent studies showing how effective it is for T1D with heavy insulin resistance like mine. She just gave me Metformin 2g day, which is ridiculously high for a start by the way and this stuff just shredded my stomach, gave me awful diarrhea, and made me vomit.I feel like a fraud, a failure, and a burden like a broken machine, like stupid, depressed and disgusting blob of fat.My questions are Is anyone else here dealing with severe insulin resistance and weight gain despite being a 'model patient'? If in UE, how did you get your endo to finally listen and address the metabolic bottleneck GLP-1 ? I feel like I'm drowning and I don't know where to turn anymore.A quick clarification to keep this thread productive and more idiot-proof.I m currently in a very fragile state, dealing with a severe metabolic crisis. I amnotlooking for basic advice on ""clean eating"" or ""moving more."" I have been a model patient for years, I track my macros religiously, and I have already consulted with nutritionists, and practice sport weekly.To those telling me ""this isn't how it works"" you don't have the full picture of my insulin-dependent physiology. When you're injecting 140U of insulin daily, your body is in a state of constant, forced storage. Dieting while hyper-insulinized is biologically futile it s like trying to bail out a sinking boat with a"
Low Glucose,Does anyone else lose their appetite completely when their blood sugar is low? Each time Ive dropped I can never bring myself to willingly eat something. Of course I want to bring it back to normal range but the glucose drinks don’t seem to help me as much as tablets and food. Does anyone else experience this?,2026-06-07,https://old.reddit.com/r/diabetes_t1/comments/1tzm6gq/low_glucose/,diabetes_t1,Does anyone else lose their appetite completely when their blood sugar is low? Each time Ive dropped I can never bring myself to willingly eat something. Of course I want to bring it back to normal range but the glucose drinks don t seem to help me as much as tablets and food. Does anyone else experience this?
Dark circles under eyesDiscussion,"I’ve had good diabetes management over  the past two years and my current A1c is 6.2. When I was uncontrolled, I noticed that I developed dark circles under my eyes with puffiness but they haven’t gone away. They got better for awhile but then came back. This is the best my A1c has ever been with 80% time in range. I am 23 years old.",2026-06-07,https://old.reddit.com/r/diabetes_t1/comments/1tzlp96/dark_circles_under_eyes/,diabetes_t1,"I ve had good diabetes management over the past two years and my current A1c is 6.2. When I was uncontrolled, I noticed that I developed dark circles under my eyes with puffiness but they haven t gone away. They got better for awhile but then came back. This is the best my A1c has ever been with 80 time in range. I am 23 years old."
How would you dose for missed Triseba dose?(),"Hi guys, I am normally very insulin sensitive. I take 1 unit Lyumjev for 20 grams of carbs, or to lower my blood sugar by 60 mgdls. I take 10 units of Triseba each morning. Last night while sleeping I had the biggest spike I've had in many years, almost 400 mgdls (I didn't wake up because my alarm volume was too low). My correction dose of 4 units only brought me down to 220, and my breakfast dose was also too little. So then I went into my log and realized that I had forgotten to take my Triseba yesterday morning. Would you take a bigger Triseba dose today? I already took my 10 units but I was thinking about taking another 5. Or just manage with extra fast acting insulin? TIA.",2026-06-07,https://old.reddit.com/r/diabetes_t1/comments/1tzl2rr/how_would_you_dose_for_missed_triseba_dose/,diabetes_t1,"Hi guys, I am normally very insulin sensitive. I take 1 unit Lyumjev for 20 grams of carbs, or to lower my blood sugar by 60 mgdls. I take 10 units of Triseba each morning. Last night while sleeping I had the biggest spike I've had in many years, almost 400 mgdls I didn't wake up because my alarm volume was too low . My correction dose of 4 units only brought me down to 220, and my breakfast dose was also too little. So then I went into my log and realized that I had forgotten to take my Triseba yesterday morning. Would you take a bigger Triseba dose today? I already took my 10 units but I was thinking about taking another 5. Or just manage with extra fast acting insulin? TIA."
Wish every single restaurant in the world did thisDiscussion(i.redd.it),"This is my favorite Italian chain of restaurants, called Miscusi. I never have to worry.What are yours?",2026-06-07,https://old.reddit.com/r/diabetes_t1/comments/1tzjxz3/wish_every_single_restaurant_in_the_world_did_this/,diabetes_t1,"This is my favorite Italian chain of restaurants, called Miscusi. I never have to worry.What are yours?"
Retina treatment experienceSeeking Support/Advice,"40yo F diagnosed age 10, A1c 7.1 on iLet. I have early-stage NVD retinopathy in both eyes and underwent panretinal photocoagulation (PRP) of my right eye one month ago. I still have some residual blurred vision on that side, which I understand is normal.I am scheduled to undergo PRP in my left eye this week, and am wondering from those who have had PRP--how long did the blurred vision last afterwards? Wondering if I need to ask about glasses for the short term. Planning to talk to surgeon about this at my appointment, but wanted to hear about everyone's experience!Thanks all!",2026-06-07,https://old.reddit.com/r/diabetes_t1/comments/1tzjnta/retina_treatment_experience/,diabetes_t1,"40yo F diagnosed age 10, A1c 7.1 on iLet. I have early-stage NVD retinopathy in both eyes and underwent panretinal photocoagulation PRP of my right eye one month ago. I still have some residual blurred vision on that side, which I understand is normal.I am scheduled to undergo PRP in my left eye this week, and am wondering from those who have had PRP--how long did the blurred vision last afterwards? Wondering if I need to ask about glasses for the short term. Planning to talk to surgeon about this at my appointment, but wanted to hear about everyone's experience!Thanks all!"
Zverev won his first grand slam at Roland Garros (French Open)!T1D News,"I know he is a controversial figure, but I can’t help but feel inspired by his win at the French Open.4 hours and 19 minutes of tennis. That alone is incredible, but a trophy at the end of it all!https://www.bbc.co.uk/sport/tennis/live/clyp64mpny1t",2026-06-07,https://old.reddit.com/r/diabetes_t1/comments/1tzjilm/zverev_won_his_first_grand_slam_at_roland_garros/,diabetes_t1,"I know he is a controversial figure, but I can t help but feel inspired by his win at the French Open.4 hours and 19 minutes of tennis. That alone is incredible, but a trophy at the end of it all!"
French open Insulin pen shotT1D News,Zverev took a small dose from a pen. As far as I saw he didn't change tip. It was validating seeing a type 1 out in the open at a major event like the French Open. For context one of the Four Tennis Majors. I've had it since 1982 and being from near Philadelphia I immediately had a T1D role model as Bobby Clark was an early T1D sports stars playing for the Flyers in the NHL. ​​​​​​​​​,2026-06-07,https://old.reddit.com/r/diabetes_t1/comments/1tzgkzp/french_open_insulin_pen_shot/,diabetes_t1,Zverev took a small dose from a pen. As far as I saw he didn't change tip. It was validating seeing a type 1 out in the open at a major event like the French Open. For context one of the Four Tennis Majors. I've had it since 1982 and being from near Philadelphia I immediately had a T1D role model as Bobby Clark was an early T1D sports stars playing for the Flyers in the NHL.
Sleep Quality vs BG ManagementSeeking Support/Advice,"Have there been any studies on CGMs and long term health complications, specifically in regards to sleep?Before I got a CGM I would regularly wake up with high BGs, take a corrective dose, and then went back to sleep. The problem is I would usually wake up after they'd already hit 250mg/dL or in some cases even higher.Now that I have a CGM I can get ahead of these BG spikes with high glucose alarms but now I'm being woken up more throughout the night and I feel like I just don't get as good of sleep as I used to, despite spending more time sleeping in-range.This has me wondering if I'm just hurting my health in a different way but that I'm not actually living healthier, although that's just speculation.Any thoughts on this?",2026-06-07,https://old.reddit.com/r/diabetes_t1/comments/1tzgku9/sleep_quality_vs_bg_management/,diabetes_t1,"Have there been any studies on CGMs and long term health complications, specifically in regards to sleep?Before I got a CGM I would regularly wake up with high BGs, take a corrective dose, and then went back to sleep. The problem is I would usually wake up after they'd already hit 250mg dL or in some cases even higher.Now that I have a CGM I can get ahead of these BG spikes with high glucose alarms but now I'm being woken up more throughout the night and I feel like I just don't get as good of sleep as I used to, despite spending more time sleeping in-range.This has me wondering if I'm just hurting my health in a different way but that I'm not actually living healthier, although that's just speculation.Any thoughts on this?"
90% Time in Range This Week!Graphs & Data,"Dexcom Clarity Report from May 31 to June 6, 2026I hit my time in range stretch goal of 90% or more this week!These numbers are solid. Thank goodness.People sometimes ask how:I use Loop with a Dexcom G6 and Omnipod Dash, carb count, and dose for carbohydrates.I’m not eating an ultra-low-carb or low carb diet. I eat what I want. I am eating less as I’m on a GLP-1 to counter insulin resistance and for weight loss.Exercise does push me into the 90s, but I’ve been nursing a knee injury for 8 the last weeks. I finally returned to the gym yesterday and did a really modest workout.Gym stuff: Because I want to ease back in and not re-injure myself, I did 18 minutes of interval training on a stationery bike and a short resistance training circuit of four lower body exercises. I'll slowly make it tougher.",2026-06-07,https://old.reddit.com/r/diabetes_t1/comments/1tzg0kw/90_time_in_range_this_week/,diabetes_t1,"Dexcom Clarity Report from May 31 to June 6, 2026I hit my time in range stretch goal of 90 or more this week!These numbers are solid. Thank goodness.People sometimes ask how I use Loop with a Dexcom G6 and Omnipod Dash, carb count, and dose for carbohydrates.I m not eating an ultra-low-carb or low carb diet. I eat what I want. I am eating less as I m on a GLP-1 to counter insulin resistance and for weight loss.Exercise does push me into the 90s, but I ve been nursing a knee injury for 8 the last weeks. I finally returned to the gym yesterday and did a really modest workout.Gym stuff Because I want to ease back in and not re-injure myself, I did 18 minutes of interval training on a stationery bike and a short resistance training circuit of four lower body exercises. I'll slowly make it tougher."
Managing stress highsSeeking Support/Advice,"I have a very important test tomorrow which I have every semester. As I am a first year in college, this will be my second one of these tests that I'm taking. Last time my sugars went SKY high because of the stress, and I can't keep my phone with me all the time and have to alert a teacher every time it goes up. (Which just really sucks)I've definitely worked on my stress during tests, but there's always this inner anxiety that doesn't leave when the moment is there.Any tips on how to avoid going extremely high?",2026-06-07,https://old.reddit.com/r/diabetes_t1/comments/1tzf6rc/managing_stress_highs/,diabetes_t1,"I have a very important test tomorrow which I have every semester. As I am a first year in college, this will be my second one of these tests that I'm taking. Last time my sugars went SKY high because of the stress, and I can't keep my phone with me all the time and have to alert a teacher every time it goes up. Which just really sucks I've definitely worked on my stress during tests, but there's always this inner anxiety that doesn't leave when the moment is there.Any tips on how to avoid going extremely high?"
No appetite,How do you manage insulin units if you don't have an appetite and don't want to eat?,2026-06-07,https://old.reddit.com/r/diabetes_t1/comments/1tzc69c/no_appetite/,diabetes_t1,How do you manage insulin units if you don't have an appetite and don't want to eat?
"CamAPS FX stops working, signal loss error message.Graphs & Data(i.redd.it)","For some reason CamAPS FX sometimes stops working and doesn't restart auto mode. 
Usually requires a force quit of the app. Did reboot my phone yesterday.This is with sufficient battery level and no other Bluetooth connection connections.Anyone have experience with this?",2026-06-07,https://old.reddit.com/r/diabetes_t1/comments/1tzbof8/camaps_fx_stops_working_signal_loss_error_message/,diabetes_t1,For some reason CamAPS FX sometimes stops working and doesn't restart auto mode. Usually requires a force quit of the app. Did reboot my phone yesterday.This is with sufficient battery level and no other Bluetooth connection connections.Anyone have experience with this?
Lowered my a1c too fastRant,"I recently went from an a1c of 10.3 to 7.3 I'm in absolute agony. I feel like I'm being punished for doing the right thing. It's been 8 weeks, my doctor won't give me anything for the pain. I just want it to end I can't deal with this much longer. I used to be active I used to be happy. I just don't know what to do.",2026-06-07,https://old.reddit.com/r/diabetes_t1/comments/1tz8qqu/lowered_my_a1c_too_fast/,diabetes_t1,"I recently went from an a1c of 10.3 to 7.3 I'm in absolute agony. I feel like I'm being punished for doing the right thing. It's been 8 weeks, my doctor won't give me anything for the pain. I just want it to end I can't deal with this much longer. I used to be active I used to be happy. I just don't know what to do."
Glucose monitoring on smart watch,"Hey Sweeties! :DI'm using a Freestyle Libre 3 plus and Ypsopump in combination with the Camaps Fx App on an Oppo find x2 pro (hope it's not too outdated for this). I recently bought a Garmin vivoactive 6. I'm wondering if there is a possibility to monitor my glucose on the watch. I'm not in the position to buy a new phone yet but maybe u could give some examples of adroid phones, that work well with my setup, so maybe I can buy one the future. I'm living in Germany, don't know if it's important to know due to softwares I can use/download?Hope everyones having nice blood sugars and thanks for the support! :)",2026-06-07,https://old.reddit.com/r/diabetes_t1/comments/1tz7157/glucose_monitoring_on_smart_watch/,diabetes_t1,"Hey Sweeties! DI'm using a Freestyle Libre 3 plus and Ypsopump in combination with the Camaps Fx App on an Oppo find x2 pro hope it's not too outdated for this . I recently bought a Garmin vivoactive 6. I'm wondering if there is a possibility to monitor my glucose on the watch. I'm not in the position to buy a new phone yet but maybe u could give some examples of adroid phones, that work well with my setup, so maybe I can buy one the future. I'm living in Germany, don't know if it's important to know due to softwares I can use download?Hope everyones having nice blood sugars and thanks for the support!"
Random muscle cramps are now a thing...Discussion,"(45m) ive been T1 since i was 18 and no stranger to random f'd up medical stuff, but the random muscle cramping is new(ish) and not like the typical cramps. Have you ever had just one muscle in your abdomen  cramp before?  How about your shoulder and calf at the same time?  Sometimes ill bend down to pick something  up and one leg with go into a full cramp, the whole leg. And its not consistent, like sometimes this leg sometimes that leg.   I drink loads of water. I have potassium in my diet. Im pretty athletic,  so its frustrating  when i go from physically  capable one minute then walking like a zombie the next, then right back again but now with sore muscles..    This also seems to be more prevalent  when my BG is in range.  Seems weird.   Anyone else get this?   Im gonna ask my endo in a few days, but they can be idiots.",2026-06-07,https://old.reddit.com/r/diabetes_t1/comments/1tz6rzk/random_muscle_cramps_are_now_a_thing/,diabetes_t1,"45m ive been T1 since i was 18 and no stranger to random f'd up medical stuff, but the random muscle cramping is new ish and not like the typical cramps. Have you ever had just one muscle in your abdomen cramp before? How about your shoulder and calf at the same time? Sometimes ill bend down to pick something up and one leg with go into a full cramp, the whole leg. And its not consistent, like sometimes this leg sometimes that leg. I drink loads of water. I have potassium in my diet. Im pretty athletic, so its frustrating when i go from physically capable one minute then walking like a zombie the next, then right back again but now with sore muscles.. This also seems to be more prevalent when my BG is in range. Seems weird. Anyone else get this? Im gonna ask my endo in a few days, but they can be idiots."
NYC trip ruined my 90% in range streakRant(i.redd.it),"I worked my ass off the last month to have a schedule and be in range. Even started no carbs during lunch besides on weekends. For a whole week my time in range was 88% w an average glucose of 140! I’m so proud of myself for that because as a 24F, no two days are the same. I will have the same breakfast yet two weeks apart the amount of medicine I need is COMPLETELY different. Sometimes I need to pre bolus other times I don’t. I have been waking up with higher insulin resistance too. Anyways. This week I went to nyc, lowered my medicine bcuz when I travel I use way less (in Hawaii I only wear my pump at night and bolus 1/4 of normal medicine for meals). NYC has became a shit show for me. First off my dexcom isn’t working and is 50 off.. fifty!!!! Then when I walk, even if it’s a five minute walk I go low if I have ANY insulin on board. It’s kinda been ruining my experience in the city because I want to walk but I literally am having to starve myself so I don’t go low when I’m out and about (or have a salad only) or chug 30 carbs and eat candy which is also making me feel gross and then shoots my level way up. Half the time it will only shoot me up to like 170 so I never know how many carbs to correct lows either. It’s all a guessing game and I lowkey suck at it.I have been high for like two days now and it is ruining my whole experience. Like tonight I can’t trust my dexcom to give accurate readings so I tried control iq off and made it so it alerts me at 105 instead of 85 for a buffer. It’s so frustrating. How do other t1ds succeed in cities? I am very very active but I’m usually on a predictable schedule so I know when to lower basal etc.I guess I’m just ranting because I think I might have ketones too as I have peed 6 times in the last few hours and I’m too scared to sleep which also isn’t good for my blood sugars LOL. And I know these high blood sugars for a week won’t be the death of me but I wish there was an easier way to manage my t1d while traveling here.",2026-06-07,https://old.reddit.com/r/diabetes_t1/comments/1tz53ty/nyc_trip_ruined_my_90_in_range_streak/,diabetes_t1,"I worked my ass off the last month to have a schedule and be in range. Even started no carbs during lunch besides on weekends. For a whole week my time in range was 88 w an average glucose of 140! I m so proud of myself for that because as a 24F, no two days are the same. I will have the same breakfast yet two weeks apart the amount of medicine I need is COMPLETELY different. Sometimes I need to pre bolus other times I don t. I have been waking up with higher insulin resistance too. Anyways. This week I went to nyc, lowered my medicine bcuz when I travel I use way less in Hawaii I only wear my pump at night and bolus 1 4 of normal medicine for meals . NYC has became a shit show for me. First off my dexcom isn t working and is 50 off.. fifty!!!! Then when I walk, even if it s a five minute walk I go low if I have ANY insulin on board. It s kinda been ruining my experience in the city because I want to walk but I literally am having to starve myself so I don t go low when I m out and about or have a salad only or chug 30 carbs and eat candy which is also making me feel gross and then shoots my level way up. Half the time it will only shoot me up to like 170 so I never know how many carbs to correct lows either. It s all a guessing game and I lowkey suck at it.I have been high for like two days now and it is ruining my whole experience. Like tonight I can t trust my dexcom to give accurate readings so I tried control iq off and made it so it alerts me at 105 instead of 85 for a buffer. It s so frustrating. How do other t1ds succeed in cities? I am very very active but I m usually on a predictable schedule so I know when to lower basal etc.I guess I m just ranting because I think I might have ketones too as I have peed 6 times in the last few hours and I m too scared to sleep which also isn t good for my blood sugars LOL. And I know these high blood sugars for a week won t be the death of me but I wish there was an easier way to manage my t1d while traveling here."
Libre 3+ Error,Anyone else had Libre 3+ sensor fail today. It said it shutdown the sensor for safety reasons. Also right after I got a new TOS? Idk just sucks,2026-06-07,https://old.reddit.com/r/diabetes_t1/comments/1tz19i1/libre_3_error/,diabetes_t1,Anyone else had Libre 3 sensor fail today. It said it shutdown the sensor for safety reasons. Also right after I got a new TOS? Idk just sucks
Help me understand.. Type 1 diagnosis but no antibodies?,"So a couple of months ago I (28M) quickly started developing pretty extreme diabetic symptoms, such as extreme thirst, weight loss, blurry vision, etc. I hadn’t been to the doctor in years and consider myself reasonably healthy. I’m not overweight at all, I exercise regularly, and never even considered diabetes as a possibility.I got some bloodwork done and my numbers came back terrible. Fasting blood sugar was almost 300, A1C was almost 12. A doctor reviewed my labs and I ended up going to the ER because they were scared I was on the verge of DKA due to extreme ketones in my urine and weight loss over the week prior. They did more bloodwork and my C peptide was .2, and I was told that I am barely producing any insulin at all. The doctors I worked with all said type one was likely but they wanted antibody tests.I have been on a small dose of insulin for the last two weeks and have been on an extremely low carb diet and my symptoms have all gone away and my blood sugar has normalized. The issue is that my antibody tests came back negative and I’m freaking out a little about it.Does this mean that I’m not type one? I don’t understand how any of this works and I’m stressing about it. Thanks in advance for any advice.",2026-06-07,https://old.reddit.com/r/diabetes_t1/comments/1tyy6kd/help_me_understand_type_1_diagnosis_but_no/,diabetes_t1,"So a couple of months ago I 28M quickly started developing pretty extreme diabetic symptoms, such as extreme thirst, weight loss, blurry vision, etc. I hadn t been to the doctor in years and consider myself reasonably healthy. I m not overweight at all, I exercise regularly, and never even considered diabetes as a possibility.I got some bloodwork done and my numbers came back terrible. Fasting blood sugar was almost 300, A1C was almost 12. A doctor reviewed my labs and I ended up going to the ER because they were scared I was on the verge of DKA due to extreme ketones in my urine and weight loss over the week prior. They did more bloodwork and my C peptide was .2, and I was told that I am barely producing any insulin at all. The doctors I worked with all said type one was likely but they wanted antibody tests.I have been on a small dose of insulin for the last two weeks and have been on an extremely low carb diet and my symptoms have all gone away and my blood sugar has normalized. The issue is that my antibody tests came back negative and I m freaking out a little about it.Does this mean that I m not type one? I don t understand how any of this works and I m stressing about it. Thanks in advance for any advice."
JUST CONTINUES TO GO UP LMAO,Yup don’t know what to fucking do. 3 to 4 units of insulin on board and walking around at my job and my blood sugar just won’t fucking budge OF COURSE. Lmao I ate a total of 500 calories today but my body thinks I ate 5000. I mean what the fuck am I supposed to fucking do. Increased Lantus dose last 2 days and it’s just going HIGHER lmao. Keep making changes and stay at 11 a1c I fucking LOVE BEING ALIVE,2026-06-06,https://old.reddit.com/r/diabetes_t1/comments/1tywnyy/just_continues_to_go_up_lmao/,diabetes_t1,Yup don t know what to fucking do. 3 to 4 units of insulin on board and walking around at my job and my blood sugar just won t fucking budge OF COURSE. Lmao I ate a total of 500 calories today but my body thinks I ate 5000. I mean what the fuck am I supposed to fucking do. Increased Lantus dose last 2 days and it s just going HIGHER lmao. Keep making changes and stay at 11 a1c I fucking LOVE BEING ALIVE
I don’t think Medtronic employs any customer service people anymore.Discussion,I called and selected the option to get a call back when a representative is free. It’s been 4 hours and no call back….Edit: they called back 8 hours later.,2026-06-06,https://old.reddit.com/r/diabetes_t1/comments/1tywdws/i_dont_think_medtronic_employs_any_customer/,diabetes_t1,I called and selected the option to get a call back when a representative is free. It s been 4 hours and no call back .Edit they called back 8 hours later.
"OK, I did this like two years ago, but I’m doing it again. Give me your T1 D band names.",Rage against the BolusThe Key TonesLancet ( they only release new album once every 10 years),2026-06-06,https://old.reddit.com/r/diabetes_t1/comments/1tyw9lv/ok_i_did_this_like_two_years_ago_but_im_doing_it/,diabetes_t1,Rage against the BolusThe Key TonesLancet they only release new album once every 10 years
Washington Post: Diabetes researchers ejected from conference after criticizing White House.T1D News(washingtonpost.com),Don’t want to be political but you Americans should be ashamed of what this administration is doing to medical research bodies and professionals that work internationally to better the lives of all. It’s abhorrent. So sad,2026-06-06,https://old.reddit.com/r/diabetes_t1/comments/1tyvr6x/washington_post_diabetes_researchers_ejected_from/,diabetes_t1,Don t want to be political but you Americans should be ashamed of what this administration is doing to medical research bodies and professionals that work internationally to better the lives of all. It s abhorrent. So sad
libre glue melting,"21m just started a new job as grill chef and my libre glue keeps melting as it’s so hot  tried to put a adhesive patch on and it also melted off does anyone have any advice on how to keep them on , i’ve resorted to duct taping it to my arm but just seeing if anyone’s got any better ways to keep them on my arm",2026-06-06,https://old.reddit.com/r/diabetes_t1/comments/1tyvhwe/libre_glue_melting/,diabetes_t1,"21m just started a new job as grill chef and my libre glue keeps melting as it s so hot tried to put a adhesive patch on and it also melted off does anyone have any advice on how to keep them on , i ve resorted to duct taping it to my arm but just seeing if anyone s got any better ways to keep them on my arm"
Suddenly enjoying all foods??Nutrition & Diet,"Okay, so this might sound weird, i have no idea if this is a common occurrence or not, but..I've struggled pretty much all my life with ARFID, before T1 diagnosis i didn't really enjoy eating, nor had regular hunger signalsI only felt hunger when it was actually painful and i felt dizzy and all.I hate most textures, most tastes, most smells.Ever since i got hospitalized (DKA) i feel hunger, and i like every food, like nothing stops me from trying it.Its like ARFID took a back sitTheres only 1 thing that got me almost puking, and its mushy apples.I tried olives recently, and not my thing, but i dont hate them, when before id feel sick with everything about them.I hated soup, i LOVE soup now.During a conversation with my sister and my partner, ive realised that since diagnosis ive not actually hated any food, and i get pretty excited to try new things and to eat in general.I've noticed it happening first at the hospital, because i was devouring every meal there, but i just thought the hospital food was just really well made and delicious.Is this a thing that happens?I was told by a nurse that insulin would make me hungry, but to kill ARFID???",2026-06-06,https://old.reddit.com/r/diabetes_t1/comments/1tyuwbx/suddenly_enjoying_all_foods/,diabetes_t1,"Okay, so this might sound weird, i have no idea if this is a common occurrence or not, but..I've struggled pretty much all my life with ARFID, before T1 diagnosis i didn't really enjoy eating, nor had regular hunger signalsI only felt hunger when it was actually painful and i felt dizzy and all.I hate most textures, most tastes, most smells.Ever since i got hospitalized DKA i feel hunger, and i like every food, like nothing stops me from trying it.Its like ARFID took a back sitTheres only 1 thing that got me almost puking, and its mushy apples.I tried olives recently, and not my thing, but i dont hate them, when before id feel sick with everything about them.I hated soup, i LOVE soup now.During a conversation with my sister and my partner, ive realised that since diagnosis ive not actually hated any food, and i get pretty excited to try new things and to eat in general.I've noticed it happening first at the hospital, because i was devouring every meal there, but i just thought the hospital food was just really well made and delicious.Is this a thing that happens?I was told by a nurse that insulin would make me hungry, but to kill ARFID???"
Scared of other health complicationsSeeking Support/Advice,"I 18F am severely scared of other health complications and health issues that can come with T1D. I was diagnosed 15 years ago. This was kickstarted thanks to a false!!! positive to celiac disease a few years ago.At 13, I was scared of cancer, but it faded over time. Until it came back with this false positive.Now, every ache makes me think I have cancer, every stomach ache makes me think I have celiac, every fatigue attack makes me think I have thyroid. (Although I only sleep 6hrs on average due to school n stuff) “I treated my T1D well but still got kidney failure.” “I cared for my T1D but still got retinopathy.” People saying this on forums whenever I panic Google only amplifies it. The only additional thing I have apart from T1D is a very slight iron deficiency, but i menstruate heavily and keep forgetting about my supplements and iron rich foods, but I’m still horrified I get more illnesses, my life is already hard enough as it is, with mental stuff on top. And T1D is already taking a toll on me despite being in the 6,7-7,5A1C range, and my A1C never went above 8,3 post DX. Only reaching through 8 during peak puberty from 12-14, then never again.I wanna know how I can get rid of this gnawing health anxiety slowly. I don’t wanna live in fear, and even if I do get anything else on top, I wanna live fully without fear as long as it’s only T1D. No fear mongering please, no saying how it’s not that bad. Just how I can get rid of this anxiety.",2026-06-06,https://old.reddit.com/r/diabetes_t1/comments/1tyts5x/scared_of_other_health_complications/,diabetes_t1,"I 18F am severely scared of other health complications and health issues that can come with T1D. I was diagnosed 15 years ago. This was kickstarted thanks to a false!!! positive to celiac disease a few years ago.At 13, I was scared of cancer, but it faded over time. Until it came back with this false positive.Now, every ache makes me think I have cancer, every stomach ache makes me think I have celiac, every fatigue attack makes me think I have thyroid. Although I only sleep 6hrs on average due to school n stuff I treated my T1D well but still got kidney failure. I cared for my T1D but still got retinopathy. People saying this on forums whenever I panic Google only amplifies it. The only additional thing I have apart from T1D is a very slight iron deficiency, but i menstruate heavily and keep forgetting about my supplements and iron rich foods, but I m still horrified I get more illnesses, my life is already hard enough as it is, with mental stuff on top. And T1D is already taking a toll on me despite being in the 6,7-7,5A1C range, and my A1C never went above 8,3 post DX. Only reaching through 8 during peak puberty from 12-14, then never again.I wanna know how I can get rid of this gnawing health anxiety slowly. I don t wanna live in fear, and even if I do get anything else on top, I wanna live fully without fear as long as it s only T1D. No fear mongering please, no saying how it s not that bad. Just how I can get rid of this anxiety."
I’m scared of future complications due to neglect.Discussion,"Hello friends I have been a diabetic for 11 years and a few months now. I was dxed at 12 with a A1c of 12. I had a rough family life and a not so good endo growing up. That paired with puberty and teenage rebellion led me to not control my diabetes at all. I had an average A1c of 9 with the highest being 11 for 9 years.Through my later teenage years I started drinking heavily and experimenting with other drugs to where I would pass out drunk with blood sugars in the 500- 600s(I was battling heavy depression at the time)In 2023 I got in a terrible car accident (multiple broken ribs, broken back, broken collar bone, collapsed lung) I was able to fully recover from that accident and I can only thank god for that. When I walked out of the hospital it felt like I was given a second chance at life so I decided I want to do the best I can moving forward.I am 23 now over the last 2 years I have consistently kept my A1c under 7 with 60-70% time in range and the year before that it was in the mid 7s . I was able to do this after finally switching to an endocrinologist that works with me and not against me and getting on a pump and cgm (Dexcom/ Omnipod) my latest A1c is 6.2 my lowest yet. During this time I felt amazing I started exercising heavily and got in great shape.I’m afraid over the last few months I started getting signs of complications that have given me A lot of health anxiety. Firstly my egfr has been steadily declining going from around 120 2 years ago to 85 last week and I consistently have creatinine in my blood over the limit and sometimes it shows up in my urine on test. When my blood suger gets out of hand I feel it in the nerves in my feet and my vision gets very bad when it’s out of control as well.Most recently I got h pylori at the beginning of this year and took medication for it but I have been having stomach issues ever since I got it that haven’t went away. I have sever bloating and very low motility so I’m thinking it might be related to gastroparesis.I understand the only things I can do moving forward is continue to take control and try to catch complications early but I just wanted to hear if anyone has a similar story with their diabetes management.  I feel very alone in this battle sometimes.  None of my friends understood my issues growing up and my parents couldn’t care less about helping me because they were going through divorce and whatnot.",2026-06-06,https://old.reddit.com/r/diabetes_t1/comments/1tysm5g/im_scared_of_future_complications_due_to_neglect/,diabetes_t1,"Hello friends I have been a diabetic for 11 years and a few months now. I was dxed at 12 with a A1c of 12. I had a rough family life and a not so good endo growing up. That paired with puberty and teenage rebellion led me to not control my diabetes at all. I had an average A1c of 9 with the highest being 11 for 9 years.Through my later teenage years I started drinking heavily and experimenting with other drugs to where I would pass out drunk with blood sugars in the 500- 600s I was battling heavy depression at the time In 2023 I got in a terrible car accident multiple broken ribs, broken back, broken collar bone, collapsed lung I was able to fully recover from that accident and I can only thank god for that. When I walked out of the hospital it felt like I was given a second chance at life so I decided I want to do the best I can moving forward.I am 23 now over the last 2 years I have consistently kept my A1c under 7 with 60-70 time in range and the year before that it was in the mid 7s . I was able to do this after finally switching to an endocrinologist that works with me and not against me and getting on a pump and cgm Dexcom Omnipod my latest A1c is 6.2 my lowest yet. During this time I felt amazing I started exercising heavily and got in great shape.I m afraid over the last few months I started getting signs of complications that have given me A lot of health anxiety. Firstly my egfr has been steadily declining going from around 120 2 years ago to 85 last week and I consistently have creatinine in my blood over the limit and sometimes it shows up in my urine on test. When my blood suger gets out of hand I feel it in the nerves in my feet and my vision gets very bad when it s out of control as well.Most recently I got h pylori at the beginning of this year and took medication for it but I have been having stomach issues ever since I got it that haven t went away. I have sever bloating and very low motility so I m thinking it might be related to gastroparesis.I understand the only things I can do moving forward is continue to take control and try to catch complications early but I just wanted to hear if anyone has a similar story with their diabetes management. I feel very alone in this battle sometimes. None of my friends understood my issues growing up and my parents couldn t care less about helping me because they were going through divorce and whatnot."
Being full during lowsDiscussion,"Hello all!I am curious on what you guys do when you have a low but you are too full to eat or drink.This has always been one of my worst fears. I think for the most part you can push through it. But I also get really nauseous when full. So, I worry that I wouldn't be able to push through and would need to use a basquimi (glucose nasal spray). Which I've been told means you have to go to the ER, which I would prefer to avoid.So, I am just curious on if other people have solutions that they have come up with?I think the best thing I have seen is essentially low mass but high sugar food. Like syrup or something.",2026-06-06,https://old.reddit.com/r/diabetes_t1/comments/1tys2rv/being_full_during_lows/,diabetes_t1,"Hello all!I am curious on what you guys do when you have a low but you are too full to eat or drink.This has always been one of my worst fears. I think for the most part you can push through it. But I also get really nauseous when full. So, I worry that I wouldn't be able to push through and would need to use a basquimi glucose nasal spray . Which I've been told means you have to go to the ER, which I would prefer to avoid.So, I am just curious on if other people have solutions that they have come up with?I think the best thing I have seen is essentially low mass but high sugar food. Like syrup or something."
Stomach tattoo,"Hello, I’m wanting a large stomach tattoo, it won’t cover the whole stomach but will be large. I inject insulin daily into my stomach. Has anyone got experience with this? Will it affect my injection sites? Should I stop injecting insulin into the area I want the tattoo in the lead up to getting it? Any advice welcomeThanks",2026-06-06,https://old.reddit.com/r/diabetes_t1/comments/1tyqmpz/stomach_tattoo/,diabetes_t1,"Hello, I m wanting a large stomach tattoo, it won t cover the whole stomach but will be large. I inject insulin daily into my stomach. Has anyone got experience with this? Will it affect my injection sites? Should I stop injecting insulin into the area I want the tattoo in the lead up to getting it? Any advice welcomeThanks"
Should T1D be a disability?Discussion,"Hi Everyone!I am from India and here T1D is not a disability and a court order from 2023 is the most recent development in this regard .The words of the committee which was seeing this issue said that T1D is a medical condition and not a disability, because it can be managed through insulin , however I personally believe that as one cannot sustain the social functions as a normal individual, it should be a disability.If anyone could please tell me if  T1D is a disability or a medical condition. I would be grateful. Also there is no insurance for T1D here",2026-06-02,https://old.reddit.com/r/diabetes_t1/comments/1tuvkmc/should_t1d_be_a_disability/,diabetes_t1,"Hi Everyone!I am from India and here T1D is not a disability and a court order from 2023 is the most recent development in this regard .The words of the committee which was seeing this issue said that T1D is a medical condition and not a disability, because it can be managed through insulin , however I personally believe that as one cannot sustain the social functions as a normal individual, it should be a disability.If anyone could please tell me if T1D is a disability or a medical condition. I would be grateful. Also there is no insurance for T1D here"
When you travel how much back-up supplies do you bring?Seeking Support/Advice,"I'm currently spending 17 days in Europe, I brought 2 Dexcom G7 thinking it would be enough as I put in a new sensor the day before I flew out.  Today is day 10 and just had sensor fail on new insert.  Praying my back-up doesn't fail for next seven days as no more backup.   Will have to switch to finger picks I guess.   Should I have brought 3 sensors???",2026-06-02,https://old.reddit.com/r/diabetes_t1/comments/1tuufwp/when_you_travel_how_much_backup_supplies_do_you/,diabetes_t1,"I'm currently spending 17 days in Europe, I brought 2 Dexcom G7 thinking it would be enough as I put in a new sensor the day before I flew out. Today is day 10 and just had sensor fail on new insert. Praying my back-up doesn't fail for next seven days as no more backup. Will have to switch to finger picks I guess. Should I have brought 3 sensors???"
Opinions on OmniPod 5?Discussion,I just got the email that the warranty for my Tandem tSlim X2 is up in 90 days. I’ll be on the Dexcom G7 by that point and I’m considering switching to an OmniPod. What’s everyone’s thoughts and experiences with it?,2026-06-02,https://old.reddit.com/r/diabetes_t1/comments/1tuuafj/opinions_on_omnipod_5/,diabetes_t1,I just got the email that the warranty for my Tandem tSlim X2 is up in 90 days. I ll be on the Dexcom G7 by that point and I m considering switching to an OmniPod. What s everyone s thoughts and experiences with it?
ILet vs Omnipod vs TwiistDiscussion,"Never been on a pump before and although I have been sent home with the brochures, I just don’t know where to head from there. I have only ever used Libre cgms. I like the idea of the omnipod but I work with animals and scared they will be ripped off my body before the three days are up. I also have had issues with the libre adhesive staying on all 15 days (especially during the summer) and have had to use a combo of skin prep and skin grip patches. Would I need to do the same thing with that? I like twists ability to have a lower target goal. ILet, well the fact that it’s suppose to make it all a lot easier with no carb counting (yes, I know you still need to count to be mindful) but I am unsure of the control overall.I am also curious about what occurs during the times that I have a pressure outage/bluetooth lag with my libre?Any guidance is appreciated!",2026-06-02,https://old.reddit.com/r/diabetes_t1/comments/1tutw92/ilet_vs_omnipod_vs_twiist/,diabetes_t1,"Never been on a pump before and although I have been sent home with the brochures, I just don t know where to head from there. I have only ever used Libre cgms. I like the idea of the omnipod but I work with animals and scared they will be ripped off my body before the three days are up. I also have had issues with the libre adhesive staying on all 15 days especially during the summer and have had to use a combo of skin prep and skin grip patches. Would I need to do the same thing with that? I like twists ability to have a lower target goal. ILet, well the fact that it s suppose to make it all a lot easier with no carb counting yes, I know you still need to count to be mindful but I am unsure of the control overall.I am also curious about what occurs during the times that I have a pressure outage bluetooth lag with my libre?Any guidance is appreciated!"
What do you eat to keep your blood sugar stable?Nutrition & Diet,"Type 1 diabetics with really stable blood sugars: what do you actually eat?Not looking for perfect numbers, just curious what meals, snacks, and habits make the biggest difference for you.What are your go-to breakfasts, lunches, dinners, and snacks?",2026-06-02,https://old.reddit.com/r/diabetes_t1/comments/1tutmh5/what_do_you_eat_to_keep_your_blood_sugar_stable/,diabetes_t1,"Type 1 diabetics with really stable blood sugars what do you actually eat?Not looking for perfect numbers, just curious what meals, snacks, and habits make the biggest difference for you.What are your go-to breakfasts, lunches, dinners, and snacks?"
Beta Bionics vs Tandem?Seeking Support/Advice,"​Hi all!I, (27 years old, diagnosed T1 for 22 of those years, Tandem X2 use currently) am at a little (lot) bit of a crossroads. Last month, I experienced a pretty rough patch of burnout, and i am still working on getting through it. Between TruSteels being backordered and the autosofts causing allergic reactions and leaking insulin, issues with insurance, and other life stressors happening in my life, it has been a time.I was scrolling on social media when I saw a podcast interview with the founder of BetaBionics talking about their pump, and how it was developed in part to help do a lot of the “thinking” associated with traditional pump therapies. I spoke to a rep from the company and he kind of explained things to me, and it interested me enough for me to consider going through with it and the process kind of got started.Well, my supplier (Edwards) managed to get a shipment of trusteels, some of which are in my possession now (yay!), and I also heard back from them, and in a strange turn of events, my insurance is willing to cover the switch in full, meaning I do not have to pay anything.My main hesitancies with wanting to switch therapies are as such:My A1C fluctuates between high 6’s and low 7’s, with my last being 6.5. Based on what I have read online, the pump is really beneficial for those who have uncontrolled A1C’s, but it I have also heard people being able to maintain that control.It is a new pump/kind of pump that is only second generation- way back, I was on the second generation of the tandem pump and there were some issues that kept it fairly frustrating for younger me to handle.Is the algorithm too good to be true? I don’t know how else to explain it. Since Friday, I have been fighting with having the kind of lows where I kind of just bottom out out of no where and it is a pain to get them up, and I have to correct with around 30-40 carbs to even get things moving upwards. The idea of not having to worry about that as much sounds like a dream come true to me. I live alone, and my family lives 15 minutes away from me. If it works how it is advertised, it shouldn’t be that much of an issue? IDKThe positives are:The idea of not having to think as much about my pump and corrections and whatnot. I already heavily lean into the X2s algorithm to cover any snacks I have, and depending on the carb counts of my meals, I let it catch that as well. When my mental health is not the best, my diabetes management falls to the wayside. Then, when my blood sugars are messed up, I feel worse, and it is just a really unfun cycle, if we are being honest. I am trying not to make decisions in the heat of the moment, but the idea of this pump sounds really good.Since I am getting it under my DME part of my insurance, I do have 90 days to return the pump if it is not compatible with me.I have an endocrinologist appointment on the 19th of this month, and I will be able to speak with my endocrinologist’s PA who is a T1 herself, and I value her opinion a lot.What do you all think? I don't know if I am looking in the right places/platform, but I haven’t seen many people talking about this pump online.Thank you for your time :)",2026-06-02,https://old.reddit.com/r/diabetes_t1/comments/1tusuq4/beta_bionics_vs_tandem/,diabetes_t1,"Hi all!I, 27 years old, diagnosed T1 for 22 of those years, Tandem X2 use currently am at a little lot bit of a crossroads. Last month, I experienced a pretty rough patch of burnout, and i am still working on getting through it. Between TruSteels being backordered and the autosofts causing allergic reactions and leaking insulin, issues with insurance, and other life stressors happening in my life, it has been a time.I was scrolling on social media when I saw a podcast interview with the founder of BetaBionics talking about their pump, and how it was developed in part to help do a lot of the thinking associated with traditional pump therapies. I spoke to a rep from the company and he kind of explained things to me, and it interested me enough for me to consider going through with it and the process kind of got started.Well, my supplier Edwards managed to get a shipment of trusteels, some of which are in my possession now yay! , and I also heard back from them, and in a strange turn of events, my insurance is willing to cover the switch in full, meaning I do not have to pay anything.My main hesitancies with wanting to switch therapies are as such My A1C fluctuates between high 6 s and low 7 s, with my last being 6.5. Based on what I have read online, the pump is really beneficial for those who have uncontrolled A1C s, but it I have also heard people being able to maintain that control.It is a new pump kind of pump that is only second generation- way back, I was on the second generation of the tandem pump and there were some issues that kept it fairly frustrating for younger me to handle.Is the algorithm too good to be true? I don t know how else to explain it. Since Friday, I have been fighting with having the kind of lows where I kind of just bottom out out of no where and it is a pain to get them up, and I have to correct with around 30-40 carbs to even get things moving upwards. The idea of not having to worry about that as much sounds like a dream come true to me. I live alone, and my family lives 15 minutes away from me. If it works how it is advertised, it shouldn t be that much of an issue? IDKThe positives are The idea of not having to think as much about my pump and corrections and whatnot. I already heavily lean into the X2s algorithm to cover any snacks I have, and depending on the carb counts of my meals, I let it catch that as well. When my mental health is not the best, my diabetes management falls to the wayside. Then, when my blood sugars are messed up, I feel worse, and it is just a really unfun cycle, if we are being honest. I am trying not to make decisions in the heat of the moment, but the idea"
Afrezza for Stubborn Highs?Discussion,Just had my routine Endo appointment and I brought up supplementing my pump with Afrezza the inhaled insulin for stubborn highs. He was more than supportive and signed the script immediately. Does anyone here have any experience using it for this purpose? Curious what others experiences have been.,2026-06-02,https://old.reddit.com/r/diabetes_t1/comments/1tura13/afrezza_for_stubborn_highs/,diabetes_t1,Just had my routine Endo appointment and I brought up supplementing my pump with Afrezza the inhaled insulin for stubborn highs. He was more than supportive and signed the script immediately. Does anyone here have any experience using it for this purpose? Curious what others experiences have been.
(Hopefully) Temporary Total Insulin ImmunityDiscussion,"Last night, I had 100% insulin immunity, which is bizarre since I'm generally very insulin sensitive.The numbers I was at yesterday weren't really bad since it was 140 the whole time, but I'm just curious about the rigidity.Normally, I run for 5 minutes or take 1 unit of insulin per 40mg/dL to correct. Yesterday, I was in the 140s all day, and since I do tight control while I'm able, I wanted to lower it in the evening at least before I slept.Last night, however, I was unable to decrease my glucose even by 1 point. I started trying 3 hours after eating spaghetti, which I had prebolused 8 units for with expected results to return me to 140.I ran 5 minutes, failed to drop at all, so I took 1 unit of insulin, ran again 3 times to try and boost it over the next 3 hours, and still was at exactly 140. I verified via blood one more times that I was in the 140s, and took 1 more unit an hour before bed, and still I didn't drop below 140 overnight.Any idea how this is possible? Combining running with a unit usually drops me by 80 points or more, so why didn't I decrease at all? What I did in that window normally would've dropped me a total of 200 points.EDIT: I know some people rise when running, but that has never happened for me. It's always a sharp drop.",2026-06-02,https://old.reddit.com/r/diabetes_t1/comments/1tur00f/hopefully_temporary_total_insulin_immunity/,diabetes_t1,"Last night, I had 100 insulin immunity, which is bizarre since I'm generally very insulin sensitive.The numbers I was at yesterday weren't really bad since it was 140 the whole time, but I'm just curious about the rigidity.Normally, I run for 5 minutes or take 1 unit of insulin per 40mg dL to correct. Yesterday, I was in the 140s all day, and since I do tight control while I'm able, I wanted to lower it in the evening at least before I slept.Last night, however, I was unable to decrease my glucose even by 1 point. I started trying 3 hours after eating spaghetti, which I had prebolused 8 units for with expected results to return me to 140.I ran 5 minutes, failed to drop at all, so I took 1 unit of insulin, ran again 3 times to try and boost it over the next 3 hours, and still was at exactly 140. I verified via blood one more times that I was in the 140s, and took 1 more unit an hour before bed, and still I didn't drop below 140 overnight.Any idea how this is possible? Combining running with a unit usually drops me by 80 points or more, so why didn't I decrease at all? What I did in that window normally would've dropped me a total of 200 points.EDIT I know some people rise when running, but that has never happened for me. It's always a sharp drop."
Bomba tandem,"Despues de muchos dias y llamar y llamar por falta de sensores y canulas etc de todo lo que conlleva la bomba y mandando correo y no cogen el telefono y cuando se cae algun sensor lo reclamo y nada no estan atentos y me falta el tratamiento de de los 6 mese aun no a llegado y reclamado y con retraso y hoy sin sensor ,he vuelto a pincharme normal pesimo servicio",2026-06-02,https://old.reddit.com/r/diabetes_t1/comments/1tuqdpp/bomba_tandem/,diabetes_t1,"Despues de muchos dias y llamar y llamar por falta de sensores y canulas etc de todo lo que conlleva la bomba y mandando correo y no cogen el telefono y cuando se cae algun sensor lo reclamo y nada no estan atentos y me falta el tratamiento de de los 6 mese aun no a llegado y reclamado y con retraso y hoy sin sensor ,he vuelto a pincharme normal pesimo servicio"
Ypsopump went swimming,"So the thing is I know it is waterproof but two weekends ago I went swimming with it and the whole thing where the cartridge went inside was full of water. And even after emptiing and letting it dry for hours water kept coming out for over an day. And the amount of water coming out was defintly more than there could have fit in with an cartridge nearly completely full.Last weekend I wasnt swiming with it but it went a very short time (max two minutes) under water and the same thing happened and now 2 days later there is still water coming out. I went swimming with it multiple times the last three years I had it and this never happened before.So is it nornal and just never happened before or is calling the support worth a try? (I hate their support with all of my heart, my first pump was literally giving me no insulin in the nights and it needed weeks before they agreed with me that I need a new one. And this was by far not the only incident)",2026-06-02,https://old.reddit.com/r/diabetes_t1/comments/1tumrj5/ypsopump_went_swimming/,diabetes_t1,"So the thing is I know it is waterproof but two weekends ago I went swimming with it and the whole thing where the cartridge went inside was full of water. And even after emptiing and letting it dry for hours water kept coming out for over an day. And the amount of water coming out was defintly more than there could have fit in with an cartridge nearly completely full.Last weekend I wasnt swiming with it but it went a very short time max two minutes under water and the same thing happened and now 2 days later there is still water coming out. I went swimming with it multiple times the last three years I had it and this never happened before.So is it nornal and just never happened before or is calling the support worth a try? I hate their support with all of my heart, my first pump was literally giving me no insulin in the nights and it needed weeks before they agreed with me that I need a new one. And this was by far not the only incident"
How long have you been type 1,How long have you been type one and how many times have you been in hospital because of it?,2026-06-02,https://old.reddit.com/r/diabetes_t1/comments/1tuljsx/how_long_have_you_been_type_1/,diabetes_t1,How long have you been type one and how many times have you been in hospital because of it?
Basal insulin inconsistency driving me mad (and ill…)Healthcare,"So i did an experiment this week to see why my basal readings are all over the place. I ate the exact same foods every day and gave myself the same insulin every day and walked my dog for two hours each day. I don’t eat snacks anyway, don’t eat junk food at all, i only drink water and coffee and no other drinks ever (honestly, this isn’t like Secret Eaters) yet my readings make no sense.The last two nights will explain my problem. Two nights ago i went to bed at 6mmol, two hours later it sunk to 2mmol where it stayed all night till i woke at 8. A constant red line all nightLast night i went to bed at 6mmol (sorry for not using or understanding the American units) and after two hours it shout up to 12. Halfway through the night it jumped up to 20 and i woke up and gave myself 6 units of Novo and went back to sleep for a few hours and it was at 10 mmol when i woke. Without that intervention it probably would have reached off the scale numbers at 30 plusDoes anyone know why this happens? Is it rare or common?Again i logged every single thing that went into my mouth including hypo correcting sugars and it was 1850 calories on both days. The same meal exactly at the same time and no snacks whatsoever. It doesn’t make any sense to me. I’m beginning to wonder if I’m not actually T1 but one of these funky newer types (1.5 or whatever)I appreciate i can’t get medical advice here but would appreciate advice on what i should be asking a doctorThanks for reading",2026-06-02,https://old.reddit.com/r/diabetes_t1/comments/1tul6ws/basal_insulin_inconsistency_driving_me_mad_and_ill/,diabetes_t1,"So i did an experiment this week to see why my basal readings are all over the place. I ate the exact same foods every day and gave myself the same insulin every day and walked my dog for two hours each day. I don t eat snacks anyway, don t eat junk food at all, i only drink water and coffee and no other drinks ever honestly, this isn t like Secret Eaters yet my readings make no sense.The last two nights will explain my problem. Two nights ago i went to bed at 6mmol, two hours later it sunk to 2mmol where it stayed all night till i woke at 8. A constant red line all nightLast night i went to bed at 6mmol sorry for not using or understanding the American units and after two hours it shout up to 12. Halfway through the night it jumped up to 20 and i woke up and gave myself 6 units of Novo and went back to sleep for a few hours and it was at 10 mmol when i woke. Without that intervention it probably would have reached off the scale numbers at 30 plusDoes anyone know why this happens? Is it rare or common?Again i logged every single thing that went into my mouth including hypo correcting sugars and it was 1850 calories on both days. The same meal exactly at the same time and no snacks whatsoever. It doesn t make any sense to me. I m beginning to wonder if I m not actually T1 but one of these funky newer types 1.5 or whatever I appreciate i can t get medical advice here but would appreciate advice on what i should be asking a doctorThanks for reading"
Apple Watch worth it?,"I am looking at getting an Apple Watch SE 3 or the series 11 just keep an eye on my sugars while I am working, has anyone had any issues with the Apple Watch’s with the dexcom 7?",2026-06-02,https://old.reddit.com/r/diabetes_t1/comments/1tul22p/apple_watch_worth_it/,diabetes_t1,"I am looking at getting an Apple Watch SE 3 or the series 11 just keep an eye on my sugars while I am working, has anyone had any issues with the Apple Watch s with the dexcom 7?"
Please give me feedback if you use the 780G and Simplera CGM combo,"The Simplera is about to be available in Australia this month!My educator has asked if I want to get a replacement 780G as my current 780G works fine, but it is out of warranty and won't work with the new Simplera since Minimed will not provide me with the compatibility update for an out-of-warranty pump, so I need to replace my 780G with a new one in order to use the Simplera CGM (very annoying but anyway...)I have been T1D about 30 years, on pumps for 20, and CGM for about 3-4 now.I've always used Medtronic. I like their pumps. I do NOT like their CGM (the Guardian 3 was a catastrophe and the Guardian 4 still felt like it was trying to kill me).I can replace my 780G at no cost (Insurance replaces it every 4 years free, and it's now due) so that I can use the Simplera.The real question. Is it worth it? Does anyone have experience going from the 780G/G4 to the Simplera and was it a dramatic improvement?I hated the G4 so much I stopped using them altogether, and use a Dexcom G6 as a standalone sensor. The CGM is the most accurate and reliable one I've ever had. I absolutely love it, but obviously it isn't compatible with Minimed/Medtronic.I would be okay switching to another pump manufcaturer but I have exactly zero experience with other brands and quite frankly the opinons and back/forth of love/hate from people is a lot to consider.TLDR; is it worth sticking with Medtronic to upgrade from my non-linked Dexcom G6/780G combo, to the 780G/Simplera? I have to renew my still-functional pump through insurance first (free) to do so annoyingly...",2026-06-02,https://old.reddit.com/r/diabetes_t1/comments/1tukleb/please_give_me_feedback_if_you_use_the_780g_and/,diabetes_t1,"The Simplera is about to be available in Australia this month!My educator has asked if I want to get a replacement 780G as my current 780G works fine, but it is out of warranty and won't work with the new Simplera since Minimed will not provide me with the compatibility update for an out-of-warranty pump, so I need to replace my 780G with a new one in order to use the Simplera CGM very annoying but anyway... I have been T1D about 30 years, on pumps for 20, and CGM for about 3-4 now.I've always used Medtronic. I like their pumps. I do NOT like their CGM the Guardian 3 was a catastrophe and the Guardian 4 still felt like it was trying to kill me .I can replace my 780G at no cost Insurance replaces it every 4 years free, and it's now due so that I can use the Simplera.The real question. Is it worth it? Does anyone have experience going from the 780G G4 to the Simplera and was it a dramatic improvement?I hated the G4 so much I stopped using them altogether, and use a Dexcom G6 as a standalone sensor. The CGM is the most accurate and reliable one I've ever had. I absolutely love it, but obviously it isn't compatible with Minimed Medtronic.I would be okay switching to another pump manufcaturer but I have exactly zero experience with other brands and quite frankly the opinons and back forth of love hate from people is a lot to consider.TLDR is it worth sticking with Medtronic to upgrade from my non-linked Dexcom G6 780G combo, to the 780G Simplera? I have to renew my still-functional pump through insurance first free to do so annoyingly..."
"New to pump, messed up two infusions sets, recommendations?()","Howdy ya'll ^_^ New to all of this and just got my Tandem mobi. That thing is beyond amazing! I don't think others can understand how much eating can be a hassle, it's not even the math and counting carbs, it is a whole ritual just to eat, at least on mdi. Now I just punch in a number on my phone and eat happily ^_^Had my first site change and that was beyond frustrating. I ruined 2 infusion sets just trying to rock it on my own >_<The first set I slid the set off of the needle trying to take the paper off of the sticky.The second set I had the paper rip half way through and then the sticky folded in on itself, in which I could not fix, at least at my level of experience :/Luckily I managed to get the third set on, the paper ripped half way through but I managed to take the rest off, the set slid a lil and the sticky almost folded but I got it!The guided experience went super smoothly and I had the chance to do it again but it was honestly too simple, I wanted to get it on my own, maybe my own stubbornness was the mistake but now I can see that it is not as simple @_@So here I am my pump friends, asking all fellow T1D's and caregivers, for any tips and tricks on rockin a robo-pancreas that you may have.Wishin you the bestest of health and a delish day! Thank you for hearing me out ^_^",2026-06-02,https://old.reddit.com/r/diabetes_t1/comments/1tujyu2/new_to_pump_messed_up_two_infusions_sets/,diabetes_t1,"Howdy ya'll _ New to all of this and just got my Tandem mobi. That thing is beyond amazing! I don't think others can understand how much eating can be a hassle, it's not even the math and counting carbs, it is a whole ritual just to eat, at least on mdi. Now I just punch in a number on my phone and eat happily _ Had my first site change and that was beyond frustrating. I ruined 2 infusion sets just trying to rock it on my own _ The first set I slid the set off of the needle trying to take the paper off of the sticky.The second set I had the paper rip half way through and then the sticky folded in on itself, in which I could not fix, at least at my level of experience Luckily I managed to get the third set on, the paper ripped half way through but I managed to take the rest off, the set slid a lil and the sticky almost folded but I got it!The guided experience went super smoothly and I had the chance to do it again but it was honestly too simple, I wanted to get it on my own, maybe my own stubbornness was the mistake but now I can see that it is not as simple _ So here I am my pump friends, asking all fellow T1D's and caregivers, for any tips and tricks on rockin a robo-pancreas that you may have.Wishin you the bestest of health and a delish day! Thank you for hearing me out _"
Cure at last? or another 5 years?Discussion,"Hi guys, I’m a guy who lives in Japan.I’ve had t1d for about 3 years now.Recently, the following article caught my attention.ArticleIt’s written in Japanese, so feel free to use AI for translation. TL;DR, one of professors in Tokushima Univ. in Japan, who has been doing research on IPC - Insulin Producing Cell, has conducted the world’s first operation to cure T1d.He took slight amount of fat from patient, and processed it to produce IPC, and planted it to the patient.It says it’s been 2 months from the operation, but neither the article nor the press release mention about the condition of patient afterwards.I’m no expert in medical, but thought it’s interesting. Any thoughts from you guys?",2026-06-02,https://old.reddit.com/r/diabetes_t1/comments/1tuj7pb/cure_at_last_or_another_5_years/,diabetes_t1,"Hi guys, I m a guy who lives in Japan.I ve had t1d for about 3 years now.Recently, the following article caught my attention.ArticleIt s written in Japanese, so feel free to use AI for translation. TL DR, one of professors in Tokushima Univ. in Japan, who has been doing research on IPC - Insulin Producing Cell, has conducted the world s first operation to cure T1d.He took slight amount of fat from patient, and processed it to produce IPC, and planted it to the patient.It says it s been 2 months from the operation, but neither the article nor the press release mention about the condition of patient afterwards.I m no expert in medical, but thought it s interesting. Any thoughts from you guys?"
2 days to go,2 days to go before I start insulin and the fun beginsI wake up in the middle of the night in a panic because of what's to come.I can't handle this.And then in 2 days it gets even worse.,2026-06-02,https://old.reddit.com/r/diabetes_t1/comments/1tuic2d/2_days_to_go/,diabetes_t1,2 days to go before I start insulin and the fun beginsI wake up in the middle of the night in a panic because of what's to come.I can't handle this.And then in 2 days it gets even worse.
I want to spread awareness of T1D through the use of QR code stickers.Seeking Support/Advice,"The intention is to give people information and, crucially, advocate for more affordable insulin and diabetes supplies. Can y’all please link resources that you think I should make this QR route to? I’m thinking maybe some sort of online petition? I thought of creating a linktree, but I want the least friction possible and I worry that people won’t click through if they get to a linktree.I intend to spread these stickers all over my city.Thoughts?",2026-06-02,https://old.reddit.com/r/diabetes_t1/comments/1tuh03m/i_want_to_spread_awareness_of_t1d_through_the_use/,diabetes_t1,"The intention is to give people information and, crucially, advocate for more affordable insulin and diabetes supplies. Can y all please link resources that you think I should make this QR route to? I m thinking maybe some sort of online petition? I thought of creating a linktree, but I want the least friction possible and I worry that people won t click through if they get to a linktree.I intend to spread these stickers all over my city.Thoughts?"
Getting diagnosed in your late teens-early twenties has to be the worstDiscussion,"Just posting this here to vent. I’m 20M and got diagnosed nearly 6 months ago now. My life has taken a turn for the worst since my diagnosis. I was going through a lot before my diagnosis as well and I haven’t been able to adjust to the diagnosis well at all and honestly I’ve been super depressed about it. My parents are amazing but they have been super hard on me for it, always on top of me and have lost trust in me since cause they are always concerned. I’m at the peak of becoming independent and my entire sense of normalcy has changed. I have a feeling only those who were diagnosed late can relate to this, imagine knowing what normal is like then having it stripped from you with no warning and suddenly every decision you make you need to consider more logistics (e.g: will my sugar drop if I do this? Is it worth injecting in public here? My BG is 4.5 mmol should I have sugar before I sleep just in case? And a whole slew of other stuff). Not to mention every simple meal is some complex math problem now.Couple all these issues that t1d gives you and having your sense of feeling normal stripped from you with all the big things that come with entering adulthood (having a serious job, university, more social events and dynamics to consider) and it’s just so hard man. I’ve been doing terribly in university, becoming unreliable at work cause I’m always monitoring/correcting my sugars and I’ve been treating my family poorly and often neglecting them as well due to all this stress and I feel guilty for it. Nobody tells you how hard this is and they sugarcoat it. At the hospital the doctors made it out like it wasn’t a big deal but it is, especially if you’re new to all this stuff. People my age are out working, travelling, utilising social opportunities, dating, building connections etc and I’m not saying I can’t do all this stuff but this condition is just going to be a thorn in my side and a cross I’ll have to carry. I’m currently dealing with intense university stress which diabetes only amplifies. I can’t even enjoy the gym as much anymore cause I’m constantly ensuring I don’t go low. Not to mention it turns out I’ve got Graves’ disease as well.For all you out there who’ve had this disease for ages I sympathise with you heavily. I’m sure it gets better with time but that’s no guarantee. Living with a chronic illness is just hard and that’s the truth of it.",2026-06-02,https://old.reddit.com/r/diabetes_t1/comments/1tuggjj/getting_diagnosed_in_your_late_teensearly/,diabetes_t1,"Just posting this here to vent. I m 20M and got diagnosed nearly 6 months ago now. My life has taken a turn for the worst since my diagnosis. I was going through a lot before my diagnosis as well and I haven t been able to adjust to the diagnosis well at all and honestly I ve been super depressed about it. My parents are amazing but they have been super hard on me for it, always on top of me and have lost trust in me since cause they are always concerned. I m at the peak of becoming independent and my entire sense of normalcy has changed. I have a feeling only those who were diagnosed late can relate to this, imagine knowing what normal is like then having it stripped from you with no warning and suddenly every decision you make you need to consider more logistics e.g will my sugar drop if I do this? Is it worth injecting in public here? My BG is 4.5 mmol should I have sugar before I sleep just in case? And a whole slew of other stuff . Not to mention every simple meal is some complex math problem now.Couple all these issues that t1d gives you and having your sense of feeling normal stripped from you with all the big things that come with entering adulthood having a serious job, university, more social events and dynamics to consider and it s just so hard man. I ve been doing terribly in university, becoming unreliable at work cause I m always monitoring correcting my sugars and I ve been treating my family poorly and often neglecting them as well due to all this stress and I feel guilty for it. Nobody tells you how hard this is and they sugarcoat it. At the hospital the doctors made it out like it wasn t a big deal but it is, especially if you re new to all this stuff. People my age are out working, travelling, utilising social opportunities, dating, building connections etc and I m not saying I can t do all this stuff but this condition is just going to be a thorn in my side and a cross I ll have to carry. I m currently dealing with intense university stress which diabetes only amplifies. I can t even enjoy the gym as much anymore cause I m constantly ensuring I don t go low. Not to mention it turns out I ve got Graves disease as well.For all you out there who ve had this disease for ages I sympathise with you heavily. I m sure it gets better with time but that s no guarantee. Living with a chronic illness is just hard and that s the truth of it."
Why not ragebolus?,"Why do people generally advise against rage bolusing? I feel like being lower most of the time is better (within reason of course, not crashing horribly)",2026-06-02,https://old.reddit.com/r/diabetes_t1/comments/1tufvss/why_not_ragebolus/,diabetes_t1,"Why do people generally advise against rage bolusing? I feel like being lower most of the time is better within reason of course, not crashing horribly"
How reliable is the byod dexcom g7 appSeeking Support/Advice(),"I want to buy the Xiaomi 17 Pro Max, but it’s not on the Dexcom compatibility list. I’m currently using a Samsung S23. I’ve asked ChatGPT if it’s worth it, and it’s saying everything works, but there’s a chance Xiaomi software might prevent the app from properly alerting me when my blood sugar is low. I usually rely on those alarms to wake me up when I go low. I’m also worried that, since it’s a Chinese (CN) version, there might be additional issues or incompatibilities. I know apps like xDrip+ exist, but my clinic syncs the data from my Dexcom app to their clinical database.
Is it worth the risk? Sorry if I sound a bit panicked and paranoid im 17 and been living with diabetes for 15 years and have had extremely bad lows.",2026-06-02,https://old.reddit.com/r/diabetes_t1/comments/1tueoxh/how_reliable_is_the_byod_dexcom_g7_app/,diabetes_t1,"I want to buy the Xiaomi 17 Pro Max, but it s not on the Dexcom compatibility list. I m currently using a Samsung S23. I ve asked ChatGPT if it s worth it, and it s saying everything works, but there s a chance Xiaomi software might prevent the app from properly alerting me when my blood sugar is low. I usually rely on those alarms to wake me up when I go low. I m also worried that, since it s a Chinese CN version, there might be additional issues or incompatibilities. I know apps like xDrip exist, but my clinic syncs the data from my Dexcom app to their clinical database. Is it worth the risk? Sorry if I sound a bit panicked and paranoid im 17 and been living with diabetes for 15 years and have had extremely bad lows."
Do y'all ever wonder how long you went undiagnosed?Discussion,"A thought that's been creeping in my mind lately, is how long I went without being diagnosed. At diagnosis I was 123 lb soaking wet (56kg) at 5'9, 19M.Obviously that's not very healthy, and very indicative that I went undiagnosed for a decent amount of time.I will be approaching my 10-year diaversary in December, and it's bittersweet. But it's always something that's creeped up into my mind and I don't think I've ever been able to let it go.Anybody got studies or anecdotal experience that could help answer that question for me? Love y'all!Edit: thank y'all for so many awesome responses it's nice to hear from my people and your experiences. Y'all make me feel like I'm not alone <3.
I just wasn't expecting this many responses lol",2026-06-02,https://old.reddit.com/r/diabetes_t1/comments/1tucbvm/do_yall_ever_wonder_how_long_you_went_undiagnosed/,diabetes_t1,"A thought that's been creeping in my mind lately, is how long I went without being diagnosed. At diagnosis I was 123 lb soaking wet 56kg at 5'9, 19M.Obviously that's not very healthy, and very indicative that I went undiagnosed for a decent amount of time.I will be approaching my 10-year diaversary in December, and it's bittersweet. But it's always something that's creeped up into my mind and I don't think I've ever been able to let it go.Anybody got studies or anecdotal experience that could help answer that question for me? Love y'all!Edit thank y'all for so many awesome responses it's nice to hear from my people and your experiences. Y'all make me feel like I'm not alone 3. I just wasn't expecting this many responses lol"
Need advice for next pumping systems. My specific concerns in description.Healthcare,"Hi!I have used the Tandem T:slim for 4 years. The warranty is up tomorrow and I meet with my endo in a month.I currently have infusion set problems like never before. I use the Autosoft XC 6mm and rotate best I can, but it seems like every site in every location I have ends up occluded or red, puffy, and just not absorbing.I’ve never tried the Omnipod. I hear the algorithm is worse and I’ll “regret” downgrading from Control IQ, but I like that it has an angled infusion set, I can put it anywhere by myself, and the tubeless benefit is interesting because I’ve been on a tubed pump for 16 years. I also have better pharmacy benefits than hard medical equipment insurance at the moment.I’m tempted to just try a pump break for a bit too.The mobi is… small and screenless. But I’d be using the same infusion sets. I just am not excited by that nor excited to wait for the upcoming Steadiset or tubeless option.I’m extremely active, body builder, inflammatory at times (not diagnosed with any inflammation disorder tho), and calculated as hell. So maybe I wouldn’t mind something more manual because I feel I’m intervening constantly with control iq and my Dexcom g7 anyway.What are your thoughts? What are your experiences? Am I missing something to consider?",2026-06-02,https://old.reddit.com/r/diabetes_t1/comments/1tucb1g/need_advice_for_next_pumping_systems_my_specific/,diabetes_t1,"Hi!I have used the Tandem T slim for 4 years. The warranty is up tomorrow and I meet with my endo in a month.I currently have infusion set problems like never before. I use the Autosoft XC 6mm and rotate best I can, but it seems like every site in every location I have ends up occluded or red, puffy, and just not absorbing.I ve never tried the Omnipod. I hear the algorithm is worse and I ll regret downgrading from Control IQ, but I like that it has an angled infusion set, I can put it anywhere by myself, and the tubeless benefit is interesting because I ve been on a tubed pump for 16 years. I also have better pharmacy benefits than hard medical equipment insurance at the moment.I m tempted to just try a pump break for a bit too.The mobi is small and screenless. But I d be using the same infusion sets. I just am not excited by that nor excited to wait for the upcoming Steadiset or tubeless option.I m extremely active, body builder, inflammatory at times not diagnosed with any inflammation disorder tho , and calculated as hell. So maybe I wouldn t mind something more manual because I feel I m intervening constantly with control iq and my Dexcom g7 anyway.What are your thoughts? What are your experiences? Am I missing something to consider?"
Trouble with Guardian 4 transmitter,"I’m having trouble with my Guardian 4 Transmitter and am wondering if anyone else is having this issue or ever has.I got a new transmitter for my 780G back in January due to my warranty. I started having trouble almost immediately, my sensors would start giving the “searching for sensor signal” a few days into the sensors life and eventually say that no signal was found and I needed to change my sensor. This was NOT a sensor updating alarm, it was a “sensor signal” error. I would change the sensor and it still wouldn’t connect to give me the “sensor connected” screen and I’d have to unpair the CGM and re-pair it again for it to connect at all. It did this 5 more times over the next month and a half until I finally called Medtronic and they sent me a new transmitter in February.Everything was going fine until today. It did it again. Suddenly lost connection for no apparent reason and could not find the signal no matter what I did. Finally decided to change my sensor completely and it wouldn’t even connect to give me the “new sensor connected” screen. So I unpaired and re-paired the CGM and it finally worked.I really don’t want to have to go through this all over again, having to call Medtronic and get a new transmitter less than 6 months after getting my new one because of these connection issues. Has anyone else ever had this happen? If so, what did you do? I’m so confused as to why this keeps happening.I wear my sensor on the back of my arm, by the way.",2026-06-02,https://old.reddit.com/r/diabetes_t1/comments/1tuc102/trouble_with_guardian_4_transmitter/,diabetes_t1,"I m having trouble with my Guardian 4 Transmitter and am wondering if anyone else is having this issue or ever has.I got a new transmitter for my 780G back in January due to my warranty. I started having trouble almost immediately, my sensors would start giving the searching for sensor signal a few days into the sensors life and eventually say that no signal was found and I needed to change my sensor. This was NOT a sensor updating alarm, it was a sensor signal error. I would change the sensor and it still wouldn t connect to give me the sensor connected screen and I d have to unpair the CGM and re-pair it again for it to connect at all. It did this 5 more times over the next month and a half until I finally called Medtronic and they sent me a new transmitter in February.Everything was going fine until today. It did it again. Suddenly lost connection for no apparent reason and could not find the signal no matter what I did. Finally decided to change my sensor completely and it wouldn t even connect to give me the new sensor connected screen. So I unpaired and re-paired the CGM and it finally worked.I really don t want to have to go through this all over again, having to call Medtronic and get a new transmitter less than 6 months after getting my new one because of these connection issues. Has anyone else ever had this happen? If so, what did you do? I m so confused as to why this keeps happening.I wear my sensor on the back of my arm, by the way."
Well one of you is lying(i.redd.it),It’s literally been beeping all day. Any one else having terrible luck with the g7s??,2026-06-01,https://old.reddit.com/r/diabetes_t1/comments/1tua8l2/well_one_of_you_is_lying/,diabetes_t1,It s literally been beeping all day. Any one else having terrible luck with the g7s??
"Had anyone asked dexcom what their suggestion is to check glucose during times when there are ""brief sensor issues""?","The last 5 dexcoms I have worn have all started failing on day 6 or 7 and crap out soon after. The one im.wesring just started that same process. While the issues are on going, the data the sensor gives is highly unreliable. Ive been having to use the good Ole finger prick and blood test, that i have to pay for as an additional cost on top of the dexcom. Has anyone gotten dexcom to start paying for test strips in times like this?",2026-06-01,https://old.reddit.com/r/diabetes_t1/comments/1tua49r/had_anyone_asked_dexcom_what_their_suggestion_is/,diabetes_t1,"The last 5 dexcoms I have worn have all started failing on day 6 or 7 and crap out soon after. The one im.wesring just started that same process. While the issues are on going, the data the sensor gives is highly unreliable. Ive been having to use the good Ole finger prick and blood test, that i have to pay for as an additional cost on top of the dexcom. Has anyone gotten dexcom to start paying for test strips in times like this?"
Have Google borked Libre 2+ sensors AGAIN with an update?Science & Tech,"Downloaded Android 16 a while back and my sensors have not worked properly since. I can still tap the sensor with the phone to get a reading, but either the sensors have stopped transmitting or the app has stopped receiving the signal.This is not the first time this has happened. Previous updates have similarly borked the app, meaning Abbott have to scramble round and hurry out an update before it'll all work again.Fortunately, having my diabetic sensor suddenly turn into a minimally responsive block of plastic has no important health or safety repercussions at all, because what could possibly go wrong?",2026-06-01,https://old.reddit.com/r/diabetes_t1/comments/1tu9t9t/have_google_borked_libre_2_sensors_again_with_an/,diabetes_t1,"Downloaded Android 16 a while back and my sensors have not worked properly since. I can still tap the sensor with the phone to get a reading, but either the sensors have stopped transmitting or the app has stopped receiving the signal.This is not the first time this has happened. Previous updates have similarly borked the app, meaning Abbott have to scramble round and hurry out an update before it'll all work again.Fortunately, having my diabetic sensor suddenly turn into a minimally responsive block of plastic has no important health or safety repercussions at all, because what could possibly go wrong?"
Running out of DexcomsSupplies,I am at a loss for what to do. I currently have g6 but I was supposed to switch to g7 called CCS medical 2x to double check they had everything. They confirmed I did. It was my fault for trusting them because today I have the g6 on my body and 2 more and I checked the portal and they did not ship. Went on the portal and it still says pending documentation. What documentation I have no idea because I called insurance and they said everything is good on their end. I was on hold with CCS for over 2 hours and they hung up at 6pm because that’s when they close. I don’t know what to do I have less than 30 days worth of Dexcoms and I have an iLet which will not run without a cgm. I don’t know how to make these companies care about me or my situation. I’m going to try and call my endo tomorrow and beg for extra sensors but idk how many they will give me.  I’m scared and I’m running out of time.,2026-06-01,https://old.reddit.com/r/diabetes_t1/comments/1tu7zpi/running_out_of_dexcoms/,diabetes_t1,I am at a loss for what to do. I currently have g6 but I was supposed to switch to g7 called CCS medical 2x to double check they had everything. They confirmed I did. It was my fault for trusting them because today I have the g6 on my body and 2 more and I checked the portal and they did not ship. Went on the portal and it still says pending documentation. What documentation I have no idea because I called insurance and they said everything is good on their end. I was on hold with CCS for over 2 hours and they hung up at 6pm because that s when they close. I don t know what to do I have less than 30 days worth of Dexcoms and I have an iLet which will not run without a cgm. I don t know how to make these companies care about me or my situation. I m going to try and call my endo tomorrow and beg for extra sensors but idk how many they will give me. I m scared and I m running out of time.
Honeymoon phase effect on T1D managementDiscussion,"Hello, I am newly diagnosed (late April 2026) and I think I am considered to still be in the honeymoon phase because my c-peptide test reported very low, but a non-zero value.I would really like to hear from others whether they found it to be easier or harder to mange their diabetes after the “honeymoon,” phase ended.  In my very limited experience, I speculate that my body producing some insulin has prevented some highs, but also caused some lows by combining effects of my internal insulin and external insulin.  Thanks!",2026-06-01,https://old.reddit.com/r/diabetes_t1/comments/1tu57ae/honeymoon_phase_effect_on_t1d_management/,diabetes_t1,"Hello, I am newly diagnosed late April 2026 and I think I am considered to still be in the honeymoon phase because my c-peptide test reported very low, but a non-zero value.I would really like to hear from others whether they found it to be easier or harder to mange their diabetes after the honeymoon, phase ended. In my very limited experience, I speculate that my body producing some insulin has prevented some highs, but also caused some lows by combining effects of my internal insulin and external insulin. Thanks!"
insulin pump?Discussion,"i am considering going on a pump waitlist. its around 6 months anyway, but still.Is it worth it? 3 day site changes and being hooked up to something- is it worth it really?I get you don’t have to pull out pens, can take smaller doses etc, but how does it reduce mental load? does it reduce mental load?I wouldn’t want to go on omnipod, i don’t like how they look and having something that big stuck to me actually scares me more than having a wire attached to me, lol.",2026-06-01,https://old.reddit.com/r/diabetes_t1/comments/1tu18gm/insulin_pump/,diabetes_t1,"i am considering going on a pump waitlist. its around 6 months anyway, but still.Is it worth it? 3 day site changes and being hooked up to something- is it worth it really?I get you don t have to pull out pens, can take smaller doses etc, but how does it reduce mental load? does it reduce mental load?I wouldn t want to go on omnipod, i don t like how they look and having something that big stuck to me actually scares me more than having a wire attached to me, lol."
My parents keep telling me to hide my t1d from people / family,"I am someone who a lot of people could consider an iconoclast, or atleast I get framed as one.23M - Got diagnosed with t1d on 17th March 26I’ve posted here before - but that was purely about t1dBut I need advice here.Even tho I’ve made sure to tell everyone that I am a t1d - just out of spite or rebellion against the “advice”  my parents keep pushing on me to hide it.Now they just pass slight tuants / remarks that you’ll figure out the mistake you’re making a couple of years down the road.This is making me us-sure of myself - who I am as a person & this disease that I have now.A lot of you are a lot older here than me - what is it that I will regret down the road or what is this mistake that they keep lecturing me about.How is this is a mistake - I seriously can’t understand why would it be. I am a pretty expressive and open person from the get go, it would kill me internally to live a life in hiding.Am I doing something wrong - please tell me, the ones older than me.",2026-06-01,https://old.reddit.com/r/diabetes_t1/comments/1tu11a8/my_parents_keep_telling_me_to_hide_my_t1d_from/,diabetes_t1,"I am someone who a lot of people could consider an iconoclast, or atleast I get framed as one.23M - Got diagnosed with t1d on 17th March 26I ve posted here before - but that was purely about t1dBut I need advice here.Even tho I ve made sure to tell everyone that I am a t1d - just out of spite or rebellion against the advice my parents keep pushing on me to hide it.Now they just pass slight tuants remarks that you ll figure out the mistake you re making a couple of years down the road.This is making me us-sure of myself - who I am as a person this disease that I have now.A lot of you are a lot older here than me - what is it that I will regret down the road or what is this mistake that they keep lecturing me about.How is this is a mistake - I seriously can t understand why would it be. I am a pretty expressive and open person from the get go, it would kill me internally to live a life in hiding.Am I doing something wrong - please tell me, the ones older than me."
My parents don’t take my burn out seriouslySeeking Support/Advice,"I’m seriously burned out, TD1 for 13 years, managed to be in range over 85-90% of my days. I am really grateful for CGM since this is just helpful and nice, I also wish for  patch pump since my arms are full of bruises from pens and also this might help my stop stressing so much. But even my doctor praising me so much since I’m one of best patients she have.But… to be in range, I live in constant stress, since my teenage years, I live in stress and pressure to be in range and now I am burned out for few months already. My ED not helping since every hypo makes me stressing even more and panic attacks. I wake up and start shaking to see my glucose, at work when my phone ring I again shake, while studying I sometimes cry when I have low and can’t even finish what I reading now. This also goes for highs and I always see it as sign of being bad at diabetes, for giving too little insulin or just not do enough. I often also crying just that I daily need to do all this and not be healthy. I am simply… tired of everything.I not told my doctor yet since I need to get pump and I am already market as risky owner of pump (my country has free pumps but only for good patients) for having long time receipt of being anorexic, the only what saving me is that I have hypoglicemia unawareness syndrome and brilliant range. If i tell her, I am scared I not get pump.My parents know but they laughing at me. Especially my mom say “im too” like wdym?? She never cared care of me or my diabetes and cant even change neddle in pen or scan my CGM. Its all my work for years. She even said why Im crying when have no reason and its all their work (isnt). Mind her im the only person fully managing everything around my illness and only thing that they do is that my dad counting how many pens I have in fridge. That’s all. They view diabetes burn out as bs and not possible for me.How to explain this to them? How to explain that this makes me to the edge of just do something to end in hospital so I not take care of myself for once? And that i work hard daily?",2026-06-01,https://old.reddit.com/r/diabetes_t1/comments/1tu0rit/my_parents_dont_take_my_burn_out_seriously/,diabetes_t1,"I m seriously burned out, TD1 for 13 years, managed to be in range over 85-90 of my days. I am really grateful for CGM since this is just helpful and nice, I also wish for patch pump since my arms are full of bruises from pens and also this might help my stop stressing so much. But even my doctor praising me so much since I m one of best patients she have.But to be in range, I live in constant stress, since my teenage years, I live in stress and pressure to be in range and now I am burned out for few months already. My ED not helping since every hypo makes me stressing even more and panic attacks. I wake up and start shaking to see my glucose, at work when my phone ring I again shake, while studying I sometimes cry when I have low and can t even finish what I reading now. This also goes for highs and I always see it as sign of being bad at diabetes, for giving too little insulin or just not do enough. I often also crying just that I daily need to do all this and not be healthy. I am simply tired of everything.I not told my doctor yet since I need to get pump and I am already market as risky owner of pump my country has free pumps but only for good patients for having long time receipt of being anorexic, the only what saving me is that I have hypoglicemia unawareness syndrome and brilliant range. If i tell her, I am scared I not get pump.My parents know but they laughing at me. Especially my mom say im too like wdym?? She never cared care of me or my diabetes and cant even change neddle in pen or scan my CGM. Its all my work for years. She even said why Im crying when have no reason and its all their work isnt . Mind her im the only person fully managing everything around my illness and only thing that they do is that my dad counting how many pens I have in fridge. That s all. They view diabetes burn out as bs and not possible for me.How to explain this to them? How to explain that this makes me to the edge of just do something to end in hospital so I not take care of myself for once? And that i work hard daily?"
"Besides not producing insulin, do some people with type 1 diabetes also not produce glucose?",I saw some people with type 1 diabetes who said that their body can’t produce sugar so they have to consume external sugar like junk food or chocolate.Does this mean that their pancreas doesn’t produce insulin but also their liver doesn’t produce glucose? Am I right?I know this is not the case for everyone because I also have type 1 diabetes and I’ve noticed that my blood sugar can increase on its own. So that means my liver can still produce glucose.,2026-06-01,https://old.reddit.com/r/diabetes_t1/comments/1ttztfk/besides_not_producing_insulin_do_some_people_with/,diabetes_t1,I saw some people with type 1 diabetes who said that their body can t produce sugar so they have to consume external sugar like junk food or chocolate.Does this mean that their pancreas doesn t produce insulin but also their liver doesn t produce glucose? Am I right?I know this is not the case for everyone because I also have type 1 diabetes and I ve noticed that my blood sugar can increase on its own. So that means my liver can still produce glucose.
Omnipod and CGM connection,"This may be a bit of a weird one. But I am trying to decide whether or not this is an absurd request for my Endo.I am currently 11 weeks pregnant. I use omnipod 5 and Dexcom G7 10 day. I have had an ABSURD amount of issues with my CGM. I’ve had at least 20 replaced in the last 2 months. Nearly every time I change it, it’s 3-5 days of hell and at least 3 CGMS. I give them time to “soak” before hand, so they’re on my body for 24 hours before activating, and still the readings are all over the place. Calibrating has been completely useless and does not fix the issue. Normally by the third or fourth try I’ll get an accurate one.Lately, I haven’t even bothered connecting my Dexcom to my OP5. I can barely handle all of the false low alerts, and to get double alerts on my pump just send me right over the edge. I’m on manual mode anyways, so it doesn’t make a huge difference for me. Only thing I have to do differently is just enter my blood glucose instead of just press the button on the app.I have been heavily considering changing pumps for a while now, but because my A1c is 5.3 and I have confidence using omnipod, I don’t want to make a huge change during pregnancy. However, I am beyond over G7. I wanted to swap to eversense/TWIIST before I found out I was expecting.I was going to ask my Endo if I can continue to use omnipod and get an eversense CGM since they are far more accurate, and just continue doing what I have been doing. Is this crazy? Again, it’s no different from what I am doing now so I don’t see a huge difference aside from likely having way more reliable/accurate readings.",2026-06-01,https://old.reddit.com/r/diabetes_t1/comments/1ttxmql/omnipod_and_cgm_connection/,diabetes_t1,"This may be a bit of a weird one. But I am trying to decide whether or not this is an absurd request for my Endo.I am currently 11 weeks pregnant. I use omnipod 5 and Dexcom G7 10 day. I have had an ABSURD amount of issues with my CGM. I ve had at least 20 replaced in the last 2 months. Nearly every time I change it, it s 3-5 days of hell and at least 3 CGMS. I give them time to soak before hand, so they re on my body for 24 hours before activating, and still the readings are all over the place. Calibrating has been completely useless and does not fix the issue. Normally by the third or fourth try I ll get an accurate one.Lately, I haven t even bothered connecting my Dexcom to my OP5. I can barely handle all of the false low alerts, and to get double alerts on my pump just send me right over the edge. I m on manual mode anyways, so it doesn t make a huge difference for me. Only thing I have to do differently is just enter my blood glucose instead of just press the button on the app.I have been heavily considering changing pumps for a while now, but because my A1c is 5.3 and I have confidence using omnipod, I don t want to make a huge change during pregnancy. However, I am beyond over G7. I wanted to swap to eversense TWIIST before I found out I was expecting.I was going to ask my Endo if I can continue to use omnipod and get an eversense CGM since they are far more accurate, and just continue doing what I have been doing. Is this crazy? Again, it s no different from what I am doing now so I don t see a huge difference aside from likely having way more reliable accurate readings."
I have an idea for a CGM accessory(v.redd.it),"How about we make a clip on that's a spinning sun from rapunzel? and make it a clip on because it won't be fun sleeping on it lol.I tried to make sort of a prototype but i'm not super resourceful. So i'm attaching 2 videos. One of the spinning sun inspo and one of the prototype I made.I also think if someone of us pulls this off, this would open so many doors to more fun cgm and pump accessories. Looking forward to your inputs 😄diy spinning sun inspo",2026-06-01,https://old.reddit.com/r/diabetes_t1/comments/1ttv232/i_have_an_idea_for_a_cgm_accessory/,diabetes_t1,"How about we make a clip on that's a spinning sun from rapunzel? and make it a clip on because it won't be fun sleeping on it lol.I tried to make sort of a prototype but i'm not super resourceful. So i'm attaching 2 videos. One of the spinning sun inspo and one of the prototype I made.I also think if someone of us pulls this off, this would open so many doors to more fun cgm and pump accessories. Looking forward to your inputs diy spinning sun inspo"
Donating plasma?,Hello!I was wondering if it’s safe to donate blood/plasma and if anyone has any tips on regulating blood sugar before/during/after the processes?I really want to donate but also don’t want to harm myself or give myself a harder time than necessary.Thank you! Any advice would be greatly appreciated!,2026-06-01,https://old.reddit.com/r/diabetes_t1/comments/1ttu24o/donating_plasma/,diabetes_t1,Hello!I was wondering if it s safe to donate blood plasma and if anyone has any tips on regulating blood sugar before during after the processes?I really want to donate but also don t want to harm myself or give myself a harder time than necessary.Thank you! Any advice would be greatly appreciated!
Sugar pixel,Just wondering if anyone uses anything like a sugar pixel ?Do you think it's beneficial or does it just make you check more?I'm thinking about one for bed so I can just look at it instead of having to open my phone if I wake up in the middle of the night for any reason.Thank-you,2026-06-01,https://old.reddit.com/r/diabetes_t1/comments/1tttqva/sugar_pixel/,diabetes_t1,Just wondering if anyone uses anything like a sugar pixel ?Do you think it's beneficial or does it just make you check more?I'm thinking about one for bed so I can just look at it instead of having to open my phone if I wake up in the middle of the night for any reason.Thank-you
Aortic aneurysms?,"Today I had a medical exam and doctor told me that I have a slightly enlarged aorta.I was confused because I have normal blood sugar most of the time. My last A1C was 6.4 and my previous A1C levels were also around that range so I rarely have hyperglycemia.I am 19 years old and when I was diagnosed at 15, I had high blood sugar and my A1C was around 20 but that was only then and after that I have never had an A1C that high again. I believe that high blood sugar for a short period of time should not cause permanent damage to blood vassels?",2026-06-01,https://old.reddit.com/r/diabetes_t1/comments/1ttqc2a/aortic_aneurysms/,diabetes_t1,"Today I had a medical exam and doctor told me that I have a slightly enlarged aorta.I was confused because I have normal blood sugar most of the time. My last A1C was 6.4 and my previous A1C levels were also around that range so I rarely have hyperglycemia.I am 19 years old and when I was diagnosed at 15, I had high blood sugar and my A1C was around 20 but that was only then and after that I have never had an A1C that high again. I believe that high blood sugar for a short period of time should not cause permanent damage to blood vassels?"
start insulin tomorrowDiscussion,"welp.after 3 months on gliclizide, i start insulin tomorrow. my tir is 95% on tablets but i guess i don’t want to burn my pancreas out with them! I don’t know if ill just be put on long acting or the full blown regimen, but here we go.honestly, im terrified. with the tablets, i felt like i didnt really think about my diabetes as ‘high stakes’ much (unsure if being in the green often contributed to that), so i didn’t really think if it much at all except the hourly check or on walks/ before a snack etc. They sent me low a lot, but no severe hypos as i caught them before.It didn’t bother me at all much, i lived my life and enjoyed it alongside the things i had to do and i thought yeah i could do this (lol).Now im starting insulin, i feel like my whole life will be upended and overall bad. It is the unknown, sure. But its also how hard and scary everyone on here says it will be. Waking up every night? not being able to exercise without a low? No long walks, never not thinking about diabetes? The joys.I can deal with an annoyance and inconvenience,  but i draw the line at misery…",2026-06-01,https://old.reddit.com/r/diabetes_t1/comments/1ttmf5p/start_insulin_tomorrow/,diabetes_t1,"welp.after 3 months on gliclizide, i start insulin tomorrow. my tir is 95 on tablets but i guess i don t want to burn my pancreas out with them! I don t know if ill just be put on long acting or the full blown regimen, but here we go.honestly, im terrified. with the tablets, i felt like i didnt really think about my diabetes as high stakes much unsure if being in the green often contributed to that , so i didn t really think if it much at all except the hourly check or on walks before a snack etc. They sent me low a lot, but no severe hypos as i caught them before.It didn t bother me at all much, i lived my life and enjoyed it alongside the things i had to do and i thought yeah i could do this lol .Now im starting insulin, i feel like my whole life will be upended and overall bad. It is the unknown, sure. But its also how hard and scary everyone on here says it will be. Waking up every night? not being able to exercise without a low? No long walks, never not thinking about diabetes? The joys.I can deal with an annoyance and inconvenience, but i draw the line at misery"
T1D role model- newly diagnosedDiscussion,"there is this you tuber i like that has been diagnosed just over a year. I have just been diagnosed recently a couple months ago.Looking at her videos, she travels solo internationally and is constantly walking around cities alone for hours, partying, travelling worldwide for modelling and DANCING jobs by herself and stopping in hotels alone. She never really mentions her diabetes, but she did say she cant believe its been a year, that everything works out and she remembers how scared she was…im putting this here because i feel all of what she is doing is impossible, so she is really inspiring me. I dont know if ive spent too much time online, but i thought my life would be over and very difficult/ miserable, and alas i had people on this subreddit telling me so (and some amazing people telling me otherwise!!).Obviously who knows what she is going through behind the camera, but it doesnt seem like it has ruined her life at all or stopped her doing absolutely anything, so i feel hopeful",2026-06-01,https://old.reddit.com/r/diabetes_t1/comments/1ttm68l/t1d_role_model_newly_diagnosed/,diabetes_t1,"there is this you tuber i like that has been diagnosed just over a year. I have just been diagnosed recently a couple months ago.Looking at her videos, she travels solo internationally and is constantly walking around cities alone for hours, partying, travelling worldwide for modelling and DANCING jobs by herself and stopping in hotels alone. She never really mentions her diabetes, but she did say she cant believe its been a year, that everything works out and she remembers how scared she was im putting this here because i feel all of what she is doing is impossible, so she is really inspiring me. I dont know if ive spent too much time online, but i thought my life would be over and very difficult miserable, and alas i had people on this subreddit telling me so and some amazing people telling me otherwise!! .Obviously who knows what she is going through behind the camera, but it doesnt seem like it has ruined her life at all or stopped her doing absolutely anything, so i feel hopeful"
Insulin Pump supplies issue and any advice is always appreciated.Discussion,"Hello there!Just some background information. I have had Type One diabetes since November of 2019. And have been on an insulin pump for ~3 years. I have been on the Tslim x2 insulin pump for all the years I have been on a pump. But recently, I got the wrong infusion set for my pump. I usually use a steal infusion set, but Tslim sent me a soft infusion set. I hope this is making sense, please lmk if I need to clarify anything!I tried calling customer service, on 3 separate occasions, trying to see why they sent me a new infusion set without telling me. Each time they said that my infusion set that I was using was “out of stock”, and decided to send an infusion set closest to the one I have been using. I have been on this particular set for ALMOST 3 YEARS, and this has NEVER happened before. I have been using my emergency injection pens for insulin for going on 2 weeks now (I have tried using the infusion sets they sent me, but I just don’t feel comfortable using them and have major sensory issues when trying to use the ones that were sent).Further background, I just graduated from University with my bachelors degree. And I was going to a pediatrics endocrinologist (the one I went to allowed college students to go to them until they graduate, so students don’t need to worry about having to transition out while in college). And I see my new endocrinologist in early January 2027 (this was the soonest available appointment that I could go to. And I can’t go back to my pediatric one because I graduated college).Any advice will be greatly appreciated. And please lmk if you or someone you know is or has experience something similar to what I am going through. I am kinda at a standstill at the moment and don’t know what to do.",2026-06-01,https://old.reddit.com/r/diabetes_t1/comments/1ttkn22/insulin_pump_supplies_issue_and_any_advice_is/,diabetes_t1,"Hello there!Just some background information. I have had Type One diabetes since November of 2019. And have been on an insulin pump for 3 years. I have been on the Tslim x2 insulin pump for all the years I have been on a pump. But recently, I got the wrong infusion set for my pump. I usually use a steal infusion set, but Tslim sent me a soft infusion set. I hope this is making sense, please lmk if I need to clarify anything!I tried calling customer service, on 3 separate occasions, trying to see why they sent me a new infusion set without telling me. Each time they said that my infusion set that I was using was out of stock , and decided to send an infusion set closest to the one I have been using. I have been on this particular set for ALMOST 3 YEARS, and this has NEVER happened before. I have been using my emergency injection pens for insulin for going on 2 weeks now I have tried using the infusion sets they sent me, but I just don t feel comfortable using them and have major sensory issues when trying to use the ones that were sent .Further background, I just graduated from University with my bachelors degree. And I was going to a pediatrics endocrinologist the one I went to allowed college students to go to them until they graduate, so students don t need to worry about having to transition out while in college . And I see my new endocrinologist in early January 2027 this was the soonest available appointment that I could go to. And I can t go back to my pediatric one because I graduated college .Any advice will be greatly appreciated. And please lmk if you or someone you know is or has experience something similar to what I am going through. I am kinda at a standstill at the moment and don t know what to do."
What happens when I run out of injection sites?Seeking Support/Advice,"I gained wait very quickly before being diagnosed with type 1 diabetes (yes they triple checked it is type 1) because I was actively trying to drink myself to death.As a result I now have wide red stretch marks all around my belly and hips. Now since diagnosis I have been struggling with rotating injection sites, and injecting in the same locations repeatedly, and I'm worried I'm already building scar tissue (6 months post diagnosis).I'm trying to inject in legs and arms as well but I just struggle to remember where I should inject next, and no matter where I inject the pain seems to get worse every injection.I'm on MDI now but is it true that pumps are actually worse for damage and scar tissue formation? Kind of just looking for any hope",2026-06-01,https://old.reddit.com/r/diabetes_t1/comments/1ttitet/what_happens_when_i_run_out_of_injection_sites/,diabetes_t1,"I gained wait very quickly before being diagnosed with type 1 diabetes yes they triple checked it is type 1 because I was actively trying to drink myself to death.As a result I now have wide red stretch marks all around my belly and hips. Now since diagnosis I have been struggling with rotating injection sites, and injecting in the same locations repeatedly, and I'm worried I'm already building scar tissue 6 months post diagnosis .I'm trying to inject in legs and arms as well but I just struggle to remember where I should inject next, and no matter where I inject the pain seems to get worse every injection.I'm on MDI now but is it true that pumps are actually worse for damage and scar tissue formation? Kind of just looking for any hope"
Anyone Else Feel Worse Mentally After Getting Their Sugars Under Control?Mental Health,"Im type 1 in honeymoon phase, diagnosed the beginning of last year. Since my diagnosis, I've been living with my sugars going relatively unmanaged, fasting in the 140s+, 200s+ overnight, 250s after meals, etc. However, my pancreas is still creating, and dumping, insulin, so I go from 200+ to 60s-70s, making my endo very hesitant to start me on any kind on insulin.Recently, my endo started me on a GLP-1 just to try something. Just took my second dose today, so 1 week in. My sugars are pretty much fixed as far as graphs go, but I miss having a appetite and the sleep issues have gotten worse. More importantly though, it feels like the mental health issues I had, specifically the depression, has slammed full force.Now, instead of only becoming overwhelmed by the void every few days and it being in the background otherwise, its just a constant presence. Which has me curious if my body braving wild blood sugars came with the side effect of covering up a good portion of the mental stuff.So I ask, anyone experience something similar? Did ""fixing"" my sugars get rid of whatever was running mental defense for me?",2026-06-01,https://old.reddit.com/r/diabetes_t1/comments/1ttf4sl/anyone_else_feel_worse_mentally_after_getting/,diabetes_t1,"Im type 1 in honeymoon phase, diagnosed the beginning of last year. Since my diagnosis, I've been living with my sugars going relatively unmanaged, fasting in the 140s , 200s overnight, 250s after meals, etc. However, my pancreas is still creating, and dumping, insulin, so I go from 200 to 60s-70s, making my endo very hesitant to start me on any kind on insulin.Recently, my endo started me on a GLP-1 just to try something. Just took my second dose today, so 1 week in. My sugars are pretty much fixed as far as graphs go, but I miss having a appetite and the sleep issues have gotten worse. More importantly though, it feels like the mental health issues I had, specifically the depression, has slammed full force.Now, instead of only becoming overwhelmed by the void every few days and it being in the background otherwise, its just a constant presence. Which has me curious if my body braving wild blood sugars came with the side effect of covering up a good portion of the mental stuff.So I ask, anyone experience something similar? Did ""fixing"" my sugars get rid of whatever was running mental defense for me?"
Any T1D parents with T1D kids here?Seeking Support/Advice,"I’m a dad of two girls (2y 8m and a newborn) and have had T1D for 26 years this year. Was generally nervous about having kids for fear of them having to carry the burden I/we all deal with.My worst fears were realized today with my 2yo getting diagnosed. One random day of potty training with having to pee six times in an hour this week, and just to be sure checked her blood sugar. 252.I know my wife and I are the best people to deal with this, but - doesn’t change the fact that the guilt is incredibly heavy and am sad that my daughter didn’t even get to experience life without this weight.Any advice from parent/kid combos or words of encouragement would be greatly appreciated",2026-06-01,https://old.reddit.com/r/diabetes_t1/comments/1tte5c5/any_t1d_parents_with_t1d_kids_here/,diabetes_t1,"I m a dad of two girls 2y 8m and a newborn and have had T1D for 26 years this year. Was generally nervous about having kids for fear of them having to carry the burden I we all deal with.My worst fears were realized today with my 2yo getting diagnosed. One random day of potty training with having to pee six times in an hour this week, and just to be sure checked her blood sugar. 252.I know my wife and I are the best people to deal with this, but - doesn t change the fact that the guilt is incredibly heavy and am sad that my daughter didn t even get to experience life without this weight.Any advice from parent kid combos or words of encouragement would be greatly appreciated"
Guess I’m going no sensor until tomorrow(i.redd.it),Had a sensor spontaneously fail after several days of use and then this little shit decides to do this,2026-06-01,https://old.reddit.com/r/diabetes_t1/comments/1tte0qo/guess_im_going_no_sensor_until_tomorrow/,diabetes_t1,Had a sensor spontaneously fail after several days of use and then this little shit decides to do this
"Huge request, and feel like poo for asking. But does anyone by chance have an extra 1-2 omnipod 5?Healthcare","I personally have had issues with insurance, and the fact I went from 90 day supply to 30 day.I have 1 pod to put on, pray it works. I just removed my last one. If this one fucks up I’m out till tomorrow, when I can once pick up again.I feel guilty, but it’s the USA, so I falsely tell Omnipod the pod failed, as a way to stock up. But idk how often I can without them getting sus, so I try to do like 1.5/month. Yet I got only 1 pod stockpiled… that I’m about to use. I will say, tomorrow I do get my refill tho.If anyone is lucky enough to be stockpiled, I would love a headstart on any type of stockpile. Because just a few months ago I was stressing to get my pods.",2026-06-01,https://old.reddit.com/r/diabetes_t1/comments/1ttcizu/huge_request_and_feel_like_poo_for_asking_but/,diabetes_t1,"I personally have had issues with insurance, and the fact I went from 90 day supply to 30 day.I have 1 pod to put on, pray it works. I just removed my last one. If this one fucks up I m out till tomorrow, when I can once pick up again.I feel guilty, but it s the USA, so I falsely tell Omnipod the pod failed, as a way to stock up. But idk how often I can without them getting sus, so I try to do like 1.5 month. Yet I got only 1 pod stockpiled that I m about to use. I will say, tomorrow I do get my refill tho.If anyone is lucky enough to be stockpiled, I would love a headstart on any type of stockpile. Because just a few months ago I was stressing to get my pods."
"Midnight snacks were great as a kid, now not so much.Rant","Another low where it dropped quick enough to make me throw up, the worse time when you need to eat/drink something.I just want sleep, but no I need to stay awake to monitor for the next 30 minutes or so.",2026-06-01,https://old.reddit.com/r/diabetes_t1/comments/1ttbpu6/midnight_snacks_were_great_as_a_kid_now_not_so/,diabetes_t1,"Another low where it dropped quick enough to make me throw up, the worse time when you need to eat drink something.I just want sleep, but no I need to stay awake to monitor for the next 30 minutes or so."
Retatrutide curious,"hi there, I am curious to know if there’s anyone out there taking retatrutide as a T1  I’m an adult with adult onset type one. I’m also an athlete. I do struggle to keep my A1c around the sixes no matter what I do and a couple of my a type one friends have been taking this and say it’s lowered their A1c. I am not obese and around a size 4. I would love to lose 7 pounds but I’m a little scared to try this. However sure would love to lower my AIC and such. I have the Omnipod and Dexcom 7 and my endo and. do change the settings to see how I can lower it. He is not a fan of me taking this because it’s not FDA or even for T1. Appreciate any feedback!",2026-05-31,https://old.reddit.com/r/diabetes_t1/comments/1ttajcg/retatrutide_curious/,diabetes_t1,"hi there, I am curious to know if there s anyone out there taking retatrutide as a T1 I m an adult with adult onset type one. I m also an athlete. I do struggle to keep my A1c around the sixes no matter what I do and a couple of my a type one friends have been taking this and say it s lowered their A1c. I am not obese and around a size 4. I would love to lose 7 pounds but I m a little scared to try this. However sure would love to lower my AIC and such. I have the Omnipod and Dexcom 7 and my endo and. do change the settings to see how I can lower it. He is not a fan of me taking this because it s not FDA or even for T1. Appreciate any feedback!"
"So I’m thinking of splitting Lantus dose, any advice(i.redd.it)","If you want to improve your health and life with t1d, get a cgm and pump.
If you want to take it a step further, read into AAPS (android) or loop (ios).
Pumps beat most stuff you can achieve with mdi",2026-05-31,https://old.reddit.com/r/diabetes_t1/comments/1tt6ige/so_im_thinking_of_splitting_lantus_dose_any_advice/,diabetes_t1,"If you want to improve your health and life with t1d, get a cgm and pump. If you want to take it a step further, read into AAPS android or loop ios . Pumps beat most stuff you can achieve with mdi"
Mexico for InsulinDiscussion,"My insurance has been trying to price me out for years and they might’ve finally won. However, I can probably hop on my wife’s insurance through her job. We’ve always avoided that just in case she ever lost her job, I’d still have my personal insurance plan.But we live quite close to Mexico, and I’ve always thought that if I lost my insurance coverage I could theoretically take a drive over the border, find a pharmacy and stock up on insulin for the next few months and then just make it a regular trip every 6 months or so.Has anyone else done this? Is it feasible, or are there factors I’m not thinking of?",2026-05-31,https://old.reddit.com/r/diabetes_t1/comments/1tt57yg/mexico_for_insulin/,diabetes_t1,"My insurance has been trying to price me out for years and they might ve finally won. However, I can probably hop on my wife s insurance through her job. We ve always avoided that just in case she ever lost her job, I d still have my personal insurance plan.But we live quite close to Mexico, and I ve always thought that if I lost my insurance coverage I could theoretically take a drive over the border, find a pharmacy and stock up on insulin for the next few months and then just make it a regular trip every 6 months or so.Has anyone else done this? Is it feasible, or are there factors I m not thinking of?"
TIR Goal Achieved; TIR Stretch Goal Not AchievedGraphs & Data(i.redd.it),"I hit 86% time in range, and I’ll take it.My stress level is high. Let’s hope that decreases soon.My knee is probably as good as it’s going to get without building muscle. I’ve been conservative because if I go back and hurt it, then it’s doctor visit time. I don’t want that. I wear the brace consistently just to be safe.What’s nice is my insulin sensitivity has stayed high even rolling back exercise. That’s surprising; I’ll take it.Onward.",2026-05-31,https://old.reddit.com/r/diabetes_t1/comments/1tt3d6z/tir_goal_achieved_tir_stretch_goal_not_achieved/,diabetes_t1,"I hit 86 time in range, and I ll take it.My stress level is high. Let s hope that decreases soon.My knee is probably as good as it s going to get without building muscle. I ve been conservative because if I go back and hurt it, then it s doctor visit time. I don t want that. I wear the brace consistently just to be safe.What s nice is my insulin sensitivity has stayed high even rolling back exercise. That s surprising I ll take it.Onward."
Diabetes FatigueDiscussion,I’m in a slump where I’m having major diabetes fatigue lately. I do deal with depression but I see a doctor for that and have it under control. But the fatigue of dealing with my diabetes and having to treat it is really taking a toll on me. I hate this disease and so badly just want to not feel the weight of it for a while. I’ve been diabetic for over 20 years but for some reason this is hitting me harder right now. I just wanted to know if anyone else has/is dealing with it too and how did you get past it?Edit-Thank you all for the advice and support. It’s nice to know I’m not alone.,2026-05-31,https://old.reddit.com/r/diabetes_t1/comments/1tt38v0/diabetes_fatigue/,diabetes_t1,I m in a slump where I m having major diabetes fatigue lately. I do deal with depression but I see a doctor for that and have it under control. But the fatigue of dealing with my diabetes and having to treat it is really taking a toll on me. I hate this disease and so badly just want to not feel the weight of it for a while. I ve been diabetic for over 20 years but for some reason this is hitting me harder right now. I just wanted to know if anyone else has is dealing with it too and how did you get past it?Edit-Thank you all for the advice and support. It s nice to know I m not alone.
My mom read jelly beans are good to treat lowsMeme & Humor(i.redd.it),"I was diagnosed with T1 in 2024 at 37 years old. My mom lives across the country and constantly worries about my sugars. She read that jelly beans are good for treating lows, so I came home to an Amazon package on my porch the other day, and inside was 6kg of jelly beans. God love her haha",2026-05-31,https://old.reddit.com/r/diabetes_t1/comments/1tt1k2n/my_mom_read_jelly_beans_are_good_to_treat_lows/,diabetes_t1,"I was diagnosed with T1 in 2024 at 37 years old. My mom lives across the country and constantly worries about my sugars. She read that jelly beans are good for treating lows, so I came home to an Amazon package on my porch the other day, and inside was 6kg of jelly beans. God love her haha"
Extra Dexcom G7 OverpatchsSupplies(i.redd.it),I never use the overpatches that come with my Dexcoms but wanted to see if anyone else would have a use for them before I toss them.I know there’s quite a bit of mixed feelings on them but I’d rather ship them out somewhere (if it’s useful) rather than tossing them in the trash. Currently have 39 extras 😂,2026-05-31,https://old.reddit.com/r/diabetes_t1/comments/1tt12aa/extra_dexcom_g7_overpatchs/,diabetes_t1,I never use the overpatches that come with my Dexcoms but wanted to see if anyone else would have a use for them before I toss them.I know there s quite a bit of mixed feelings on them but I d rather ship them out somewhere if it s useful rather than tossing them in the trash. Currently have 39 extras
"Starting gym soon, any tips?Exercise & Sport",My main goals are:1) Increase TIR2) Body recomp(I'm overweight so wanna lose weight and gain muscle)I'm worried of sugars going low/very high.I also am not gonna go for a personal trainer so any beginner tips would be wonderful :),2026-05-31,https://old.reddit.com/r/diabetes_t1/comments/1tt04gc/starting_gym_soon_any_tips/,diabetes_t1,My main goals are 1 Increase TIR2 Body recomp I'm overweight so wanna lose weight and gain muscle I'm worried of sugars going low very high.I also am not gonna go for a personal trainer so any beginner tips would be wonderful
T1D + GLP-1 best practices?Nutrition & Diet,"Starting a GLP-1 this week and I am hopeful for any best practices you might have in managing the two! I am on a CGM and insulin pump. Would love to hear your tips for what worked well while managing your glucose and basal rates, etc.  Specific diet that worked for you, exercise precautions. I know a lot of people had to had some success so I’d love to hear about your approach.",2026-05-31,https://old.reddit.com/r/diabetes_t1/comments/1tszpi2/t1d_glp1_best_practices/,diabetes_t1,"Starting a GLP-1 this week and I am hopeful for any best practices you might have in managing the two! I am on a CGM and insulin pump. Would love to hear your tips for what worked well while managing your glucose and basal rates, etc. Specific diet that worked for you, exercise precautions. I know a lot of people had to had some success so I d love to hear about your approach."
2mg dose to much,"I recently was prescribed a 2mg weekly dose that my system didn't tolerate. Now that ive been returned to the 1mg dose the insurance company won't cover the overlap and I'll have to wait until this Friday, putting me at 2 weeks off of the prescribed dose. Anybody else had this type of overlap problem or a dose that's too large to use? Ive suffered headaches and extreme nausea for the week that I was on the 2mg dose.",2026-06-09,https://old.reddit.com/r/diabetes_t2/comments/1u1k9nx/2mg_dose_to_much/,diabetes_t2,"I recently was prescribed a 2mg weekly dose that my system didn't tolerate. Now that ive been returned to the 1mg dose the insurance company won't cover the overlap and I'll have to wait until this Friday, putting me at 2 weeks off of the prescribed dose. Anybody else had this type of overlap problem or a dose that's too large to use? Ive suffered headaches and extreme nausea for the week that I was on the 2mg dose."
Mounjaro and Ryze mushroom coffee.(),Does anyone drink RYZE mushroom coffee while taking MOUNJARO?I was considering it because I get a lot of bloating and constipation. I am 64 f t2d I have been diabetic for over 50 years. MOUNJARO. Mainly works for blood sugar control appetite control. And weight gain. But was wondering about taking it for inflammation and bloating thanks in advance.!,2026-06-09,https://old.reddit.com/r/diabetes_t2/comments/1u1jc35/mounjaro_and_ryze_mushroom_coffee/,diabetes_t2,Does anyone drink RYZE mushroom coffee while taking MOUNJARO?I was considering it because I get a lot of bloating and constipation. I am 64 f t2d I have been diabetic for over 50 years. MOUNJARO. Mainly works for blood sugar control appetite control. And weight gain. But was wondering about taking it for inflammation and bloating thanks in advance.!
"7.1 to 5.7 a1c (CGM), 240 to 232 lbs, and 150 to 90 fasting glucose in 4 weeks, no glucose meds()","male white 43, 5’ 10. prediabetic for a year, diagnosed at 7.1 a1c a month a ago.took me quite a while to find a diet that worked for me, with the key being that there was no way I could eat less (i’m a stress eater) so I’d have to find a way to get full faster. but here it is:1-2 chicken breasts and 6-10 hard boiled eggs whites (more eggs if less chicken) OR 2 tins of fish and hard boiled eggs. 2-3 egg yolks per week (I’m a cholesterol hyperabsorber) or sashimi2 cups nonfat Greek yogurt mixed with about 2 total pints of blackberries and/or raspberries1-2 cups 1% cottage cheese2-3 T sunflower and/or pumpkin seeds5-10 almondsfew pickle spears1 avocadoa salad or some kind of sautéed greenslotta water / seltzer1-2 cups coffee1 “cheat” per week - a slice of pizza, some ice cream, steak instead of chicken, etc, but only after I’m loaded with protein to keep down the spike and I take a 15 min walk after. Might go up to 150-160 at most. and I don’t do a whole cheat day just because it makes the carb cravings come back and it’s easy to then lose a week’s worth of calorie deficit in just a few hours!this comes out to 1800-2300 calories per day.main downside of the diet is the salt is on the high side, but my BP meds are keeping me ok and losing the weight and getting sugar under control ASAP was more important. also it’s pretty expensive (b/c of quantity of meat and berries) but i am fortunately able to swing it (though not by much!)",2026-06-09,https://old.reddit.com/r/diabetes_t2/comments/1u1j7mr/71_to_57_a1c_cgm_240_to_232_lbs_and_150_to_90/,diabetes_t2,"male white 43, 5 10. prediabetic for a year, diagnosed at 7.1 a1c a month a ago.took me quite a while to find a diet that worked for me, with the key being that there was no way I could eat less i m a stress eater so I d have to find a way to get full faster. but here it is 1-2 chicken breasts and 6-10 hard boiled eggs whites more eggs if less chicken OR 2 tins of fish and hard boiled eggs. 2-3 egg yolks per week I m a cholesterol hyperabsorber or sashimi2 cups nonfat Greek yogurt mixed with about 2 total pints of blackberries and or raspberries1-2 cups 1 cottage cheese2-3 T sunflower and or pumpkin seeds5-10 almondsfew pickle spears1 avocadoa salad or some kind of sautéed greenslotta water seltzer1-2 cups coffee1 cheat per week - a slice of pizza, some ice cream, steak instead of chicken, etc, but only after I m loaded with protein to keep down the spike and I take a 15 min walk after. Might go up to 150-160 at most. and I don t do a whole cheat day just because it makes the carb cravings come back and it s easy to then lose a week s worth of calorie deficit in just a few hours!this comes out to 1800-2300 calories per day.main downside of the diet is the salt is on the high side, but my BP meds are keeping me ok and losing the weight and getting sugar under control ASAP was more important. also it s pretty expensive b c of quantity of meat and berries but i am fortunately able to swing it though not by much!"
"Metformin, diet and exercise only?","Has anybody tried Metformin and lifestyle (diet, fasting, exercise) only to lower insulin resistance and increase insulin sensitivity?My doctor has me on both, but the Metformin actually seems to work better than the insulin at keeping  blood sugars down.",2026-06-09,https://old.reddit.com/r/diabetes_t2/comments/1u1hqkc/metformin_diet_and_exercise_only/,diabetes_t2,"Has anybody tried Metformin and lifestyle diet, fasting, exercise only to lower insulin resistance and increase insulin sensitivity?My doctor has me on both, but the Metformin actually seems to work better than the insulin at keeping blood sugars down."
Ate a whole pizza and peaked at 120mg/dl,"This was my first real indulgence. It felt like when I was in university and dropped some acid. You ingest something and you don't know where you'll end up.I expected to test at around 150-160 and I was so relieved that the highest test was at 120. I checked at 60, 90 and 120 minutes post meal.For context:I was diagnosed 3 months ago with an a1c of 8.9 and a fasting glucose of 300mg/dl. Dropped 14kg since then, added some kind of exercise everyday and left out carbs unfil recently. Now 3 months later I tested with an a1c of 4.8 and average 90mg/dl fasted.",2026-06-09,https://old.reddit.com/r/diabetes_t2/comments/1u1gfo6/ate_a_whole_pizza_and_peaked_at_120mgdl/,diabetes_t2,"This was my first real indulgence. It felt like when I was in university and dropped some acid. You ingest something and you don't know where you'll end up.I expected to test at around 150-160 and I was so relieved that the highest test was at 120. I checked at 60, 90 and 120 minutes post meal.For context I was diagnosed 3 months ago with an a1c of 8.9 and a fasting glucose of 300mg dl. Dropped 14kg since then, added some kind of exercise everyday and left out carbs unfil recently. Now 3 months later I tested with an a1c of 4.8 and average 90mg dl fasted."
Is it normal to have this much range with readings?(i.redd.it),"These were taken a minute apart, on different fingers. Is this much fluctuation acceptable?",2026-06-09,https://old.reddit.com/r/diabetes_t2/comments/1u1fsog/is_it_normal_to_have_this_much_range_with_readings/,diabetes_t2,"These were taken a minute apart, on different fingers. Is this much fluctuation acceptable?"
exerises ffor blind diabetics?,"Hi all. I know this might be a long shot, but ffigured I'd post here.  I’ve been a type two diabetic for just over a year, diagnoses in December of 2024. Besides walking after every meal. What other exercises can a blind diabetic do independently? Right now, walking is kind of difficult in the house ware I live because of how small and cluttered it is.",2026-06-09,https://old.reddit.com/r/diabetes_t2/comments/1u1fgpm/exerises_ffor_blind_diabetics/,diabetes_t2,"Hi all. I know this might be a long shot, but ffigured I'd post here. I ve been a type two diabetic for just over a year, diagnoses in December of 2024. Besides walking after every meal. What other exercises can a blind diabetic do independently? Right now, walking is kind of difficult in the house ware I live because of how small and cluttered it is."
sobre as complicações da diabetes tipo 2,"Quem tem diabetes tipo 2 e inevitável ter complicações? ou se tomar cuidado fazer exames de rotina pode prevenir as complicações futuras?  sou diabético ja tem um ano e meio ate agora so tive um problema na visao por conta que a glicemia estava muito elevada mas depois que normalizou, a vista embaçada voltou ao normal , mas vejo muita gente que relata problemas relacionado ao tipo 2 mas podemos evitar isso nos cuidando?",2026-06-09,https://old.reddit.com/r/diabetes_t2/comments/1u1f880/sobre_as_complicações_da_diabetes_tipo_2/,diabetes_t2,"Quem tem diabetes tipo 2 e inevitável ter complicações? ou se tomar cuidado fazer exames de rotina pode prevenir as complicações futuras? sou diabético ja tem um ano e meio ate agora so tive um problema na visao por conta que a glicemia estava muito elevada mas depois que normalizou, a vista embaçada voltou ao normal , mas vejo muita gente que relata problemas relacionado ao tipo 2 mas podemos evitar isso nos cuidando?"
Metformine diarrhea,"I have a glycemia that is not so so bad (101/102) but still my Doc prescribed me metformine because all of my family on my dad side turned diabetic T2 around 35 (even the skinny ones), and I am 37 and my glycemia has gone up those days, so here I am.What he didn't told me though, is that I would be shitting burning acid with awful spams, and damn I've runned to the toilet at least 10 times today and barely made it. My rectum had basically turned inside out to the point I am thinking of renaming it lone sock, and I am bleeding. The alien's acid each time I am going to the toilet doesn't help.I am on a low dose I believe (that's 425mg/3 times a day, I am cutting a 850 pill in half) but damnnnn I can say I am butthurt.",2026-06-09,https://old.reddit.com/r/diabetes_t2/comments/1u1e5gz/metformine_diarrhea/,diabetes_t2,"I have a glycemia that is not so so bad 101 102 but still my Doc prescribed me metformine because all of my family on my dad side turned diabetic T2 around 35 even the skinny ones , and I am 37 and my glycemia has gone up those days, so here I am.What he didn't told me though, is that I would be shitting burning acid with awful spams, and damn I've runned to the toilet at least 10 times today and barely made it. My rectum had basically turned inside out to the point I am thinking of renaming it lone sock, and I am bleeding. The alien's acid each time I am going to the toilet doesn't help.I am on a low dose I believe that's 425mg 3 times a day, I am cutting a 850 pill in half but damnnnn I can say I am butthurt."
Ozempic,"Hey guys, I don’t think Ozempic is working the same for me. I’m 33 years old I’m a male, diabetic type 2.I started treatment in December 2025 with the minimal dose .25mg then stopped the treatment for insurance bureaucracy in end January 2026. Then I restarted back at the end of February 2026. So far I can see better results on my HbA1c currently at 6.3 and in November 2025 was at 8.8. Right now the dose I take is once a week 1mg. When I started the treatment I used to weight 129.4kg right now I’m at 124.6kg I don’t think I’m loosing weight at all even if I’m pretty active since January 2026.3 times a week gym, walking the days off gym + bicycle.It could be that I’m doing something wrong? I’m on the wrong dose? I don’t know what to to but I’ll be nicer to lost a bit more weight fast.",2026-06-09,https://old.reddit.com/r/diabetes_t2/comments/1u1ajz8/ozempic/,diabetes_t2,"Hey guys, I don t think Ozempic is working the same for me. I m 33 years old I m a male, diabetic type 2.I started treatment in December 2025 with the minimal dose .25mg then stopped the treatment for insurance bureaucracy in end January 2026. Then I restarted back at the end of February 2026. So far I can see better results on my HbA1c currently at 6.3 and in November 2025 was at 8.8. Right now the dose I take is once a week 1mg. When I started the treatment I used to weight 129.4kg right now I m at 124.6kg I don t think I m loosing weight at all even if I m pretty active since January 2026.3 times a week gym, walking the days off gym bicycle.It could be that I m doing something wrong? I m on the wrong dose? I don t know what to to but I ll be nicer to lost a bit more weight fast."
Newly diagnosed and kind of overwhelmed,"I had a visit to the ER after an accident and my blood sugar was 500. They did not test my A1C. I was given insulin and metformin then discharged.I have been reading up on diabetes, diabetic diets and basic info. This community is full of information and I appreciate it.I followed up with my PCP and A1C was 13. He added Lantus and ordered test meter and strips, which i have to pick up later this afternoon.I began a diet change the day after I was discharged from the ER. There wasn't enough time between the ER and appointment, so I am hopeful that the changes I have already made will make a difference. They are pretty basic. I cut out all sugary drinks and sugary/carb filled snacks. Lean protein, high fiber, minimal carbs. I now eat my meals fiber first, protein then carbs (if any). I exercise after meals.This will be a journey for sure. I have read so many positive stories and real life guidance and suggestions in this community. I am a little overwhelmed with the severity but hopeful and determined to get handle on my diabetes.",2026-06-09,https://old.reddit.com/r/diabetes_t2/comments/1u195d2/newly_diagnosed_and_kind_of_overwhelmed/,diabetes_t2,"I had a visit to the ER after an accident and my blood sugar was 500. They did not test my A1C. I was given insulin and metformin then discharged.I have been reading up on diabetes, diabetic diets and basic info. This community is full of information and I appreciate it.I followed up with my PCP and A1C was 13. He added Lantus and ordered test meter and strips, which i have to pick up later this afternoon.I began a diet change the day after I was discharged from the ER. There wasn't enough time between the ER and appointment, so I am hopeful that the changes I have already made will make a difference. They are pretty basic. I cut out all sugary drinks and sugary carb filled snacks. Lean protein, high fiber, minimal carbs. I now eat my meals fiber first, protein then carbs if any . I exercise after meals.This will be a journey for sure. I have read so many positive stories and real life guidance and suggestions in this community. I am a little overwhelmed with the severity but hopeful and determined to get handle on my diabetes."
Can someone help me understand the actual mechanism behind insulin resistance?,"I'm new to this and trying to learn more about the science behind it. I've got a good handle on most of the fundamental principles,  but the one thing I keep bumping up against, is insulin resistance.The problem is,  basically, I keep hearing ""and these cells become insulin resistant "" but when I try to understand why I just keep finding contributing factors, not the actual underlying mechanism by which the cell becomes insulin resistant.Like I get that things like genetics, obesity etc can CAUSE it, but what is actually happening on a cellular level, and what is causing that specifically? Like if someone is obese, how exactly is that causing the mechanism to fail compared to if it's genetic for instance?EDIT: I'm not looking for another metaphor explaining how insulin works. I want to know, on a cellular level, what is happening to the cell that's causing it to not respond to insulin.",2026-06-09,https://old.reddit.com/r/diabetes_t2/comments/1u14idg/can_someone_help_me_understand_the_actual/,diabetes_t2,"I'm new to this and trying to learn more about the science behind it. I've got a good handle on most of the fundamental principles, but the one thing I keep bumping up against, is insulin resistance.The problem is, basically, I keep hearing ""and these cells become insulin resistant "" but when I try to understand why I just keep finding contributing factors, not the actual underlying mechanism by which the cell becomes insulin resistant.Like I get that things like genetics, obesity etc can CAUSE it, but what is actually happening on a cellular level, and what is causing that specifically? Like if someone is obese, how exactly is that causing the mechanism to fail compared to if it's genetic for instance?EDIT I'm not looking for another metaphor explaining how insulin works. I want to know, on a cellular level, what is happening to the cell that's causing it to not respond to insulin."
I’ve finally figured out how to convert mmol/L into mg/dl! It is embarrassingly easy,"So my eyes used to gloss over any numbers stated in mg/dl on this sub (and not just because of the diabetic retinopathy and macula edema lol) as something unreadable and non-interpretable. But then I remembered all I need to do is multiply by 18 (or divide by 18 if going the other way). Also, that 5.5 mmol/L (dead perfect) translates to a dead perfect (or easily rememberable) 100 mg/dl. I think. If my maths is right. Ok. Now I’m inviting you all to tell me if I’m wrong.",2026-06-09,https://old.reddit.com/r/diabetes_t2/comments/1u119y5/ive_finally_figured_out_how_to_convert_mmoll_into/,diabetes_t2,"So my eyes used to gloss over any numbers stated in mg dl on this sub and not just because of the diabetic retinopathy and macula edema lol as something unreadable and non-interpretable. But then I remembered all I need to do is multiply by 18 or divide by 18 if going the other way . Also, that 5.5 mmol L dead perfect translates to a dead perfect or easily rememberable 100 mg dl. I think. If my maths is right. Ok. Now I m inviting you all to tell me if I m wrong."
Hey everyone..I am 30 yr Female.. Iwas having extreme fatigue and muscle pain a week ago.. Went for blood tests and found out that along with Vitamin D severe deficiency I have Hba1c of 8.2.. Feeling extreme anxious about my future.. I don't know how to deal with it.. I am feeling depressed..,"Honestly, just breathe. You're young, and hurting right now is completely okay. I got diagnosed three months ago (31M), and I'll be honest the first few weeks I thought my life was over. I had this really intense phase of panic attacks, which I'd dealt with before. There was a lot of grief, which I still think is completely valid, but it also pushed me to better myself, and my numbers have come a long way since. Try not to measure yourself against anyone else's pace, though. The early months are the hardest part for everyone.Your relationship with food and movement is going to change, and at first that feels like everything. But honestly, that's just about the only thing that does change. It takes time to sink in, but once you find your groove, life starts to feel a lot like it did before the diagnosis.And that vitamin D deficiency isn't doing you any favours either. The good news is it's a huge lever for how you feel, and an easy one to fix. You should notice a real difference once that's sorted.",2026-06-09,https://old.reddit.com/r/diabetes_t2/comments/1u0zg7a/hey_everyonei_am_30_yr_female_iwas_having_extreme/,diabetes_t2,"Honestly, just breathe. You're young, and hurting right now is completely okay. I got diagnosed three months ago 31M , and I'll be honest the first few weeks I thought my life was over. I had this really intense phase of panic attacks, which I'd dealt with before. There was a lot of grief, which I still think is completely valid, but it also pushed me to better myself, and my numbers have come a long way since. Try not to measure yourself against anyone else's pace, though. The early months are the hardest part for everyone.Your relationship with food and movement is going to change, and at first that feels like everything. But honestly, that's just about the only thing that does change. It takes time to sink in, but once you find your groove, life starts to feel a lot like it did before the diagnosis.And that vitamin D deficiency isn't doing you any favours either. The good news is it's a huge lever for how you feel, and an easy one to fix. You should notice a real difference once that's sorted."
A1C disappointment,"I had my 9 month A1C done today and I’m struggling to figure out why it hasn’t changed in 6 months. When I was diagnosed I was 11.4 with 616 blood glucose that caused multiple very painful seizures and two separate ambulance rides. 2 nights in the hospital they sent me home with insulin that I ditched after a couple weeks because I was going too low.  2 months later with a home A1C test I was at 5.5 a month later at my physical I was 5.5. So, in the six months since I have gone over 140 maybe 3 times. My spikes are in the teens or if I have toast or blueberries in the 130s. According to my CGM my daily average fluctuates 95-97 and thats backed up by two different glucose monitors.  So, why am I at 5.5 again?  Should I push for medication? My fear is it will slowly move up before down.Some good news is my blood pressure has gone down. So I won’t need medication for that.",2026-06-09,https://old.reddit.com/r/diabetes_t2/comments/1u0tbbw/a1c_disappointment/,diabetes_t2,"I had my 9 month A1C done today and I m struggling to figure out why it hasn t changed in 6 months. When I was diagnosed I was 11.4 with 616 blood glucose that caused multiple very painful seizures and two separate ambulance rides. 2 nights in the hospital they sent me home with insulin that I ditched after a couple weeks because I was going too low. 2 months later with a home A1C test I was at 5.5 a month later at my physical I was 5.5. So, in the six months since I have gone over 140 maybe 3 times. My spikes are in the teens or if I have toast or blueberries in the 130s. According to my CGM my daily average fluctuates 95-97 and thats backed up by two different glucose monitors. So, why am I at 5.5 again? Should I push for medication? My fear is it will slowly move up before down.Some good news is my blood pressure has gone down. So I won t need medication for that."
Traveling Internationally....,Hello! How do you prepare to travel internationally with insulin and snacks? I will be traveling to Asia and its a total of 23 hours. Any tips and must-have? Thank you.,2026-06-09,https://old.reddit.com/r/diabetes_t2/comments/1u0sppu/traveling_internationally/,diabetes_t2,Hello! How do you prepare to travel internationally with insulin and snacks? I will be traveling to Asia and its a total of 23 hours. Any tips and must-have? Thank you.
Newly diagnosed,"Hello everybody! I was diagnosed in the hospital as type 2 a couple of weeks ago. I had an infection but sugars 300-400, A1C of 9.2. I don’t have insurance, but thankfully found Lantus & Humalog coupons and got a monitor, strips, lancets, etc as well as 2 Libre 3+ with the manufacturer offers.That being said, I was discharged with very, VERY little education or instruction. Pharmacist showed how to use the pen, not where or anything else. Basic instructions on the Humalog to add units to my mealtime insulin based on sugars before the meal. 18 units of the Lantus in the morning.That being said, our insurance doesn’t start until July and I feel so lost. I have been researching so much over the last couple of weeks but I can’t afford to go to the doctor until July. Any sites that have great information I can trust? Maybe tips and tricks? I have so many bruises from the injections I feel like a pin cushion!I have been told over the years I am insulin resistant, and I think I see that based on what I’m reading, because my sugars don’t seem to respond like they should to the insulin I’m bolusing. Maybe it’s my meals, I have no idea how to calculate those either.I am so lost. Any help is appreciated!!!",2026-06-08,https://old.reddit.com/r/diabetes_t2/comments/1u0otzg/newly_diagnosed/,diabetes_t2,"Hello everybody! I was diagnosed in the hospital as type 2 a couple of weeks ago. I had an infection but sugars 300-400, A1C of 9.2. I don t have insurance, but thankfully found Lantus Humalog coupons and got a monitor, strips, lancets, etc as well as 2 Libre 3 with the manufacturer offers.That being said, I was discharged with very, VERY little education or instruction. Pharmacist showed how to use the pen, not where or anything else. Basic instructions on the Humalog to add units to my mealtime insulin based on sugars before the meal. 18 units of the Lantus in the morning.That being said, our insurance doesn t start until July and I feel so lost. I have been researching so much over the last couple of weeks but I can t afford to go to the doctor until July. Any sites that have great information I can trust? Maybe tips and tricks? I have so many bruises from the injections I feel like a pin cushion!I have been told over the years I am insulin resistant, and I think I see that based on what I m reading, because my sugars don t seem to respond like they should to the insulin I m bolusing. Maybe it s my meals, I have no idea how to calculate those either.I am so lost. Any help is appreciated!!!"
A general post,"Rather than making a comment on a dozen different posts, I decided to make a general one.I have seen several posts where people have shared their meters reading in the HIGH HUNDREDS (US readings) or 25+ (Canada and UK)I feel ""bad"" as in disappointed if I test at 6.2 (111.6).... I cant imagine seing some of the numbers thrown around in this post.  While I know diabetes is never a straightforward disease, I didnt realise people could experience massive spikes that high on a regular basis.While I feel my type 2 is mild (at least by comparison) I wish everyone that isnt all the luck in theirs becoming more manageable.",2026-06-08,https://old.reddit.com/r/diabetes_t2/comments/1u0kqlv/a_general_post/,diabetes_t2,"Rather than making a comment on a dozen different posts, I decided to make a general one.I have seen several posts where people have shared their meters reading in the HIGH HUNDREDS US readings or 25 Canada and UK I feel ""bad"" as in disappointed if I test at 6.2 111.6 .... I cant imagine seing some of the numbers thrown around in this post. While I know diabetes is never a straightforward disease, I didnt realise people could experience massive spikes that high on a regular basis.While I feel my type 2 is mild at least by comparison I wish everyone that isnt all the luck in theirs becoming more manageable."
BG is in range all day for weeks now thanks to meds paired with diet and exercise…but I am more tired than ever. I’m struggling with my ambitions to become a powerlifter and how to nourish this body following a diet that works for me.(i.redd.it),"I take 7.5mg of Mounjaro and 1000 mg of metformin 2x a day and have been on this regimen for a couple of months now. Goal is to drop weight and hopefully lower meds over time.I was a teen athlete but have been sedentary in my 20s and getting back into it in my early 30s. Dx’d diabetic at 19 and finally taking it seriously after living with an A1C between 6-7 for a while. I want to get around 5-5.5 and lose weight while gaining muscle.I got a trainer in January and was going pretty hard in the gym. 3x a week lifting as heavy as possible. I have been able to keep my BG in range for months but had a lot of post-meal spikes. It was challenging to prioritize cardio, which is best with managing my BG as you see in the pic above because my weight lifting sessions took it out of me.A couple of weeks ago, my trainer had me go from 3 to 2 training sessions a week (which include dynamics and full-body strength training) so I could recover. I added 3 days of cardio in the gym (just fast walks on the treadmill for now) plus walks after 1-2 meals a day and things have been steady.Diet is good where I pair everything with fat, fiber, and protein. Small treats don’t spike me or I eat them on walks or before huge workouts. But otherwise, I feel happy about my diet and eat to my CGM and body. I just think I could be eating more and am waiting to see a dietitian to discuss being a type 2 diabetic athlete. I don’t really know where to start when it comes to it all.Biggest issue is how fatigued I have been. I am sleepy. So tired and brain foggy. I wondering if I am not eating enough or if my body is getting used to stuff. I’m in range, not low, but I’m in the 80s - 100s most days and I find my concentration and attention slipping.I’m not sure how to feed this more active body. I am strong af but I don’t think what I’m doing is sustainable long term.(note: I’m not interested in diets like IF or keto because I’ve already tried them and they were when I was at my sickest and most orthorexic.  Happy if they work for you, they don’t for me. I do best when eating a lot of veggies and doing so at consistent times).I’m not looking for medical advice but am wondering if anyone had similar experiences/lifestyles and what helped them. Did things get better over time? Will waiting it out help?",2026-06-08,https://old.reddit.com/r/diabetes_t2/comments/1u0f34b/bg_is_in_range_all_day_for_weeks_now_thanks_to/,diabetes_t2,"I take 7.5mg of Mounjaro and 1000 mg of metformin 2x a day and have been on this regimen for a couple of months now. Goal is to drop weight and hopefully lower meds over time.I was a teen athlete but have been sedentary in my 20s and getting back into it in my early 30s. Dx d diabetic at 19 and finally taking it seriously after living with an A1C between 6-7 for a while. I want to get around 5-5.5 and lose weight while gaining muscle.I got a trainer in January and was going pretty hard in the gym. 3x a week lifting as heavy as possible. I have been able to keep my BG in range for months but had a lot of post-meal spikes. It was challenging to prioritize cardio, which is best with managing my BG as you see in the pic above because my weight lifting sessions took it out of me.A couple of weeks ago, my trainer had me go from 3 to 2 training sessions a week which include dynamics and full-body strength training so I could recover. I added 3 days of cardio in the gym just fast walks on the treadmill for now plus walks after 1-2 meals a day and things have been steady.Diet is good where I pair everything with fat, fiber, and protein. Small treats don t spike me or I eat them on walks or before huge workouts. But otherwise, I feel happy about my diet and eat to my CGM and body. I just think I could be eating more and am waiting to see a dietitian to discuss being a type 2 diabetic athlete. I don t really know where to start when it comes to it all.Biggest issue is how fatigued I have been. I am sleepy. So tired and brain foggy. I wondering if I am not eating enough or if my body is getting used to stuff. I m in range, not low, but I m in the 80s - 100s most days and I find my concentration and attention slipping.I m not sure how to feed this more active body. I am strong af but I don t think what I m doing is sustainable long term. note I m not interested in diets like IF or keto because I ve already tried them and they were when I was at my sickest and most orthorexic. Happy if they work for you, they don t for me. I do best when eating a lot of veggies and doing so at consistent times .I m not looking for medical advice but am wondering if anyone had similar experiences lifestyles and what helped them. Did things get better over time? Will waiting it out help?"
Implant CGM-thoughts?,Been seeing this come up in my ads recently- has anyone here tried them? Saying can be good for up to a year. Just curious,2026-06-08,https://old.reddit.com/r/diabetes_t2/comments/1u0cxpn/implant_cgmthoughts/,diabetes_t2,Been seeing this come up in my ads recently- has anyone here tried them? Saying can be good for up to a year. Just curious
Has anyone in Vyvanse seen a serious deterioration linked to your diabetes as opposed to other ADHD meds?,"I just noticed that when I skip days taking vyvanse, my blood sugar is much lower (eating and doing the same activities) .I switched more than two years ago from an other medication and had never had any BS issues in my life. Then, the last year and a half started to have neuropathy issues and vision loss and learned that I had developed type 2.Anyone else going through this?",2026-06-08,https://old.reddit.com/r/diabetes_t2/comments/1u0asjo/has_anyone_in_vyvanse_seen_a_serious/,diabetes_t2,"I just noticed that when I skip days taking vyvanse, my blood sugar is much lower eating and doing the same activities .I switched more than two years ago from an other medication and had never had any BS issues in my life. Then, the last year and a half started to have neuropathy issues and vision loss and learned that I had developed type 2.Anyone else going through this?"
Has anyone experienced a sharp A1c increase with primary hyperparathyroidism that improved after parathyroidectomy?(old.reddit.com),"Looking for others who may have gone through something similar.Background: Diagnosed with primary hyperparathyroidism after calcium levels were found to be persistently elevated over several years, eventually peaking in the 11.6-11.7 mg/dL range. Had a parathyroidectomy earlier this year.My A1c history over the past several years looked like this:(See attached)The 6.7 was drawn shortly after surgery during a period of significant physical and psychological stress. The most recent draw — taken fasted, roughly 3.5 months post-surgery — came back at 5.7, with a fasting glucose of 94 mg/dL. Both normal by standard metrics, though the 5.7 sits at the technical floor of the prediabetes classification.The calcium chart over the same period is almost a mirror image — years of elevated values climbing toward 11.7, then dropping immediately to normal range after surgery and staying there.I've read that primary hyperparathyroidism can impair insulin secretion and increase insulin resistance, and that some patients see glucose metabolism improve after parathyroidectomy. The temporal relationship in my case is hard to ignore, though I recognize multiple things changed simultaneously — surgery, weight loss, dietary changes, increased activity — so I can't isolate the exact contribution of each factor.A few questions for anyone with similar experience:Did your endocrinologist or surgeon connect your glucose control to the hyperparathyroidism?Did you see A1c or fasting glucose improve after parathyroidectomy?Was the improvement attributed to the surgery, lifestyle factors, or both?Did anyone get pushback from doctors who treated the elevated A1c as independent of the hyperparathyroidism?Not looking for medical advice — just curious whether others have navigated this and what their experience was with how doctors interpreted the relationship between the two conditions.",2026-06-08,https://old.reddit.com/r/diabetes_t2/comments/1u0ao92/has_anyone_experienced_a_sharp_a1c_increase_with/,diabetes_t2,"Looking for others who may have gone through something similar.Background Diagnosed with primary hyperparathyroidism after calcium levels were found to be persistently elevated over several years, eventually peaking in the 11.6-11.7 mg dL range. Had a parathyroidectomy earlier this year.My A1c history over the past several years looked like this See attached The 6.7 was drawn shortly after surgery during a period of significant physical and psychological stress. The most recent draw taken fasted, roughly 3.5 months post-surgery came back at 5.7, with a fasting glucose of 94 mg dL. Both normal by standard metrics, though the 5.7 sits at the technical floor of the prediabetes classification.The calcium chart over the same period is almost a mirror image years of elevated values climbing toward 11.7, then dropping immediately to normal range after surgery and staying there.I've read that primary hyperparathyroidism can impair insulin secretion and increase insulin resistance, and that some patients see glucose metabolism improve after parathyroidectomy. The temporal relationship in my case is hard to ignore, though I recognize multiple things changed simultaneously surgery, weight loss, dietary changes, increased activity so I can't isolate the exact contribution of each factor.A few questions for anyone with similar experience Did your endocrinologist or surgeon connect your glucose control to the hyperparathyroidism?Did you see A1c or fasting glucose improve after parathyroidectomy?Was the improvement attributed to the surgery, lifestyle factors, or both?Did anyone get pushback from doctors who treated the elevated A1c as independent of the hyperparathyroidism?Not looking for medical advice just curious whether others have navigated this and what their experience was with how doctors interpreted the relationship between the two conditions."
General Question,"I was diagnosed with type 2 in February with A1c of 13.2and on medication metformin glimperide and DapagfligozinA1c report in April shows improvement with 6.4And I am taking care of my diet and 99 percent I avoid the things I should avoid and exercising and also trying to build muscles.But some days like today I feel totally lost with thisDoes it get easier ever??I mean will there be a day when we can see a cure or a drug near to cure which can make it bit easier??? 
And also I am not straight, and unmarried 
It really worries me, I think nobody is going to be with me because of my condition",2026-06-08,https://old.reddit.com/r/diabetes_t2/comments/1u08y02/general_question/,diabetes_t2,"I was diagnosed with type 2 in February with A1c of 13.2and on medication metformin glimperide and DapagfligozinA1c report in April shows improvement with 6.4And I am taking care of my diet and 99 percent I avoid the things I should avoid and exercising and also trying to build muscles.But some days like today I feel totally lost with thisDoes it get easier ever??I mean will there be a day when we can see a cure or a drug near to cure which can make it bit easier??? And also I am not straight, and unmarried It really worries me, I think nobody is going to be with me because of my condition"
"diabetic socks vs compression socks, what's the actual difference and which do you need?","I got diagnosed type 2 last year, my doc casually mentioned ""you should wear diabetic socks"" and another time said ""you might benefit from compression"". I assumed they meant the same thing for months. Now I'm reading more and they're apparently different things and I have no idea which one I actually need or if I need bothCan someone explain the practical difference and how you decided which to buy? I've got mild ankle swelling at the end of the day but no diagnosed neuropathy yet. My legs feel fine most of the time and my budget is conscious so I'd rather not buy both if one would do the job.",2026-06-08,https://old.reddit.com/r/diabetes_t2/comments/1u03akv/diabetic_socks_vs_compression_socks_whats_the/,diabetes_t2,"I got diagnosed type 2 last year, my doc casually mentioned ""you should wear diabetic socks"" and another time said ""you might benefit from compression"". I assumed they meant the same thing for months. Now I'm reading more and they're apparently different things and I have no idea which one I actually need or if I need bothCan someone explain the practical difference and how you decided which to buy? I've got mild ankle swelling at the end of the day but no diagnosed neuropathy yet. My legs feel fine most of the time and my budget is conscious so I'd rather not buy both if one would do the job."
Nausea,Been on Metformin slow release for about five days.  Taking it in the evening with a meal but for a few hours in the morning have waves of nausea and slight dizziness.  How soon does this normally take to die down please,2026-06-08,https://old.reddit.com/r/diabetes_t2/comments/1u023st/nausea/,diabetes_t2,Been on Metformin slow release for about five days. Taking it in the evening with a meal but for a few hours in the morning have waves of nausea and slight dizziness. How soon does this normally take to die down please
Just diagnosed can you help me with replacements,"I was just diagnosed last week. I trying to find replacements for energy drinks, Coca-Cola and isotonic drinks.Would the Holy Energy and Holy Hydration be good replacements to keep my crappy energy levels up without messing up my Blood Sugar Levels?https://uk.holy.com/pages/our-ingredients",2026-06-08,https://old.reddit.com/r/diabetes_t2/comments/1u01d86/just_diagnosed_can_you_help_me_with_replacements/,diabetes_t2,"I was just diagnosed last week. I trying to find replacements for energy drinks, Coca-Cola and isotonic drinks.Would the Holy Energy and Holy Hydration be good replacements to keep my crappy energy levels up without messing up my Blood Sugar Levels?"
Fractured my toe,I fractured the proximal phalanx my big toe and am absolutely terrified that it isn’t gonna heal properly and I’m gonna have all these problems. I went to the urgent care this morning and she put me in a boot and referred to me to an ortho doctor.My diabetes is uncontrolled with an a1c of 9.1 when last checked a couple months ago. I am 35 and have a little boy- I need to get my health together…idk what it is that makes me seem to not care when making poor food choices that I know spike my sugar! Ugh I wish there was some kind of support group in my area for this. I’m having such a hard time.,2026-06-08,https://old.reddit.com/r/diabetes_t2/comments/1tzxb3w/fractured_my_toe/,diabetes_t2,I fractured the proximal phalanx my big toe and am absolutely terrified that it isn t gonna heal properly and I m gonna have all these problems. I went to the urgent care this morning and she put me in a boot and referred to me to an ortho doctor.My diabetes is uncontrolled with an a1c of 9.1 when last checked a couple months ago. I am 35 and have a little boy- I need to get my health together idk what it is that makes me seem to not care when making poor food choices that I know spike my sugar! Ugh I wish there was some kind of support group in my area for this. I m having such a hard time.
Diabetes,I am trying to find exercises that is good for diabetics. Does anyone have suggestions?,2026-06-08,https://old.reddit.com/r/diabetes_t2/comments/1tzume3/diabetes/,diabetes_t2,I am trying to find exercises that is good for diabetics. Does anyone have suggestions?
White rice is my mortal enemy. I know this. And yet…(i.redd.it),"…sometimes I just can’t resist a sushi roll. I did mostly carb friendly stuff at dinner tonight…miso soup, kani salad (crab and cucumber), edamame (which I usually tolerate well), but I caved and got a single mango and crab roll.Watched my CGM climbing and decided it was time for my newly initiated nightly resistance band session.  Always a good reminder of just how effective even a short stint of exercise can be!",2026-06-08,https://old.reddit.com/r/diabetes_t2/comments/1tztpcf/white_rice_is_my_mortal_enemy_i_know_this_and_yet/,diabetes_t2,"sometimes I just can t resist a sushi roll. I did mostly carb friendly stuff at dinner tonight miso soup, kani salad crab and cucumber , edamame which I usually tolerate well , but I caved and got a single mango and crab roll.Watched my CGM climbing and decided it was time for my newly initiated nightly resistance band session. Always a good reminder of just how effective even a short stint of exercise can be!"
Has anyone had success with a GLP-1 medication after struggling with other diabetes medications?,"I have Type 2 diabetes and have been trying to get my blood sugar under better control. I've had some issues with side effects from certain medications, and my insurance has made getting GLP-1 medications challenging.For those of you who have taken GLP-1 medications like Ozempic, Wegovy, Mounjaro, Victoza, Trulicity, or others:Which one worked best for you?What side effects did you experience?How long did it take before you noticed improvements in your blood sugar or weight?Would you choose the same medication again?I'd love to hear real-world experiences from others with Type 2 diabetes.",2026-06-08,https://old.reddit.com/r/diabetes_t2/comments/1tzsjqt/has_anyone_had_success_with_a_glp1_medication/,diabetes_t2,"I have Type 2 diabetes and have been trying to get my blood sugar under better control. I've had some issues with side effects from certain medications, and my insurance has made getting GLP-1 medications challenging.For those of you who have taken GLP-1 medications like Ozempic, Wegovy, Mounjaro, Victoza, Trulicity, or others Which one worked best for you?What side effects did you experience?How long did it take before you noticed improvements in your blood sugar or weight?Would you choose the same medication again?I'd love to hear real-world experiences from others with Type 2 diabetes."
How much water was everyone drinking when first diagnosed?(),"My thirst is unquenchable. I can knock down a 20oz bottle of water in seconds, a 1L bottle in minutes.I also constantly have a bad taste in my mouth and tongue.Probably drinking too much water but I hope it improves with sustained diet changes and meds.",2026-06-07,https://old.reddit.com/r/diabetes_t2/comments/1tzpjqq/how_much_water_was_everyone_drinking_when_first/,diabetes_t2,"My thirst is unquenchable. I can knock down a 20oz bottle of water in seconds, a 1L bottle in minutes.I also constantly have a bad taste in my mouth and tongue.Probably drinking too much water but I hope it improves with sustained diet changes and meds."
"Recently diagnosed with a 7.9 A1C and prescribed 1000mg Metformen 2x a day, dropped about 25 lbs., stopped all the junk food and started eating right and looks like I coming back in line with the A1C based on daily readings. What are the chances of getting off Metformen 100%?",just stay on it if its working.,2026-06-07,https://old.reddit.com/r/diabetes_t2/comments/1tzofah/recently_diagnosed_with_a_79_a1c_and_prescribed/,diabetes_t2,just stay on it if its working.
Day 2 of struggle (family)(i.redd.it),"Today has not been any better for my mom. I thought we were going somewhere when she was finally rising to near 160 around noon but then it went back to roller coaster again. We have now had to buy another jug of juice, some m&ms for the lows, cookies. She had protein for breakfast. And we are having protein for dinner. Her lantus(long term) ran out so her caretaker gave us another and it was past her time to take it. Probably not the best choice but we decided to hold it. (Not take it today) We’ve been giving her snacks. We seriously have no clue what is suddenly causing this and it’s scaring everyone. I’m scared and we were told that because she is still responsive and everything that she doesn’t need to go to the hospital. But how long can this possibly be going on before needing to go if we are doing everything correctly",2026-06-07,https://old.reddit.com/r/diabetes_t2/comments/1tznykm/day_2_of_struggle_family/,diabetes_t2,"Today has not been any better for my mom. I thought we were going somewhere when she was finally rising to near 160 around noon but then it went back to roller coaster again. We have now had to buy another jug of juice, some m ms for the lows, cookies. She had protein for breakfast. And we are having protein for dinner. Her lantus long term ran out so her caretaker gave us another and it was past her time to take it. Probably not the best choice but we decided to hold it. Not take it today We ve been giving her snacks. We seriously have no clue what is suddenly causing this and it s scaring everyone. I m scared and we were told that because she is still responsive and everything that she doesn t need to go to the hospital. But how long can this possibly be going on before needing to go if we are doing everything correctly"
Recent bloodwork for a1c,I went from an 8.2 to 6.4. I know that’s not major progress but I’m still grateful. I just need to continue lowering it and doing what I need to do.,2026-06-07,https://old.reddit.com/r/diabetes_t2/comments/1tznx9k/recent_bloodwork_for_a1c/,diabetes_t2,I went from an 8.2 to 6.4. I know that s not major progress but I m still grateful. I just need to continue lowering it and doing what I need to do.
Super irritated at 2 am(),"Started getting low alerts around 1 am. Finger prick and I'm showing in the 160s.Readings went from the 40s to ""brief sensor issue"" to 160 to 202.  Called dexcom and got hung up on. On hold again. I'm 4 months post stroke. Super frustrated.",2026-06-07,https://old.reddit.com/r/diabetes_t2/comments/1tzcdfl/super_irritated_at_2_am/,diabetes_t2,"Started getting low alerts around 1 am. Finger prick and I'm showing in the 160s.Readings went from the 40s to ""brief sensor issue"" to 160 to 202. Called dexcom and got hung up on. On hold again. I'm 4 months post stroke. Super frustrated."
Protein Bread(i.redd.it),"I bought this protein bread at Aldi the other day. So far it hasn’t caused any spikes. I’m still cautious about eating it. I’ve had a BLT, a ham sandwich and peanut butter. So far my glucose hasn’t had much of a spike. Anyone else have similar experiences?Full disclosure: I am on a 5 mg dose of Mounjaro",2026-06-07,https://old.reddit.com/r/diabetes_t2/comments/1tzc4ay/protein_bread/,diabetes_t2,"I bought this protein bread at Aldi the other day. So far it hasn t caused any spikes. I m still cautious about eating it. I ve had a BLT, a ham sandwich and peanut butter. So far my glucose hasn t had much of a spike. Anyone else have similar experiences?Full disclosure I am on a 5 mg dose of Mounjaro"
Hi,"​I had surgery last week, and the doctor asked if I wanted to run routine labs while I was already hooked up to the IV. Since it’s been years since I've seen a doctor—and even longer since I’ve had blood work done—I figured, why not?​Apart from being plus-size, I always assumed I was pretty healthy. My blood pressure is always amazing, so I was under the impression that I was doing just fine.​Boy, was I wrong.​I have always had a deep fear of becoming ""the fat girl with diabetes."" You would think that fear would have driven me to take steps to prevent it. Nope. I could give you a million excuses—how my mental health makes self-care feel impossible, how easily I fell into a delivery food addiction, or how I’m becoming increasingly agoraphobic. But the truth is, I let this happen.​Type 2 Diabetes.​What does that even mean? How? Why me? Is this my breaking point? It feels like everyone else was right, and I’m just a stereotype now.​I know I’m incredibly lucky in one aspect: I have a husband who loves and supports the hell out of me. He’s already started changing our grocery habits and is doing everything he can to ease me into this new reality. But I still can’t shake the feeling that this is the thing that’s going to break me. Right now, it feels like my mind is going to do way more damage than my body ever could.​All this to say... hi. I don't really know why I joined this subreddit today, but I'm hoping maybe something good will come of it.",2026-06-07,https://old.reddit.com/r/diabetes_t2/comments/1tzb6rv/hi/,diabetes_t2,"I had surgery last week, and the doctor asked if I wanted to run routine labs while I was already hooked up to the IV. Since it s been years since I've seen a doctor and even longer since I ve had blood work done I figured, why not? Apart from being plus-size, I always assumed I was pretty healthy. My blood pressure is always amazing, so I was under the impression that I was doing just fine. Boy, was I wrong. I have always had a deep fear of becoming ""the fat girl with diabetes."" You would think that fear would have driven me to take steps to prevent it. Nope. I could give you a million excuses how my mental health makes self-care feel impossible, how easily I fell into a delivery food addiction, or how I m becoming increasingly agoraphobic. But the truth is, I let this happen. Type 2 Diabetes. What does that even mean? How? Why me? Is this my breaking point? It feels like everyone else was right, and I m just a stereotype now. I know I m incredibly lucky in one aspect I have a husband who loves and supports the hell out of me. He s already started changing our grocery habits and is doing everything he can to ease me into this new reality. But I still can t shake the feeling that this is the thing that s going to break me. Right now, it feels like my mind is going to do way more damage than my body ever could. All this to say... hi. I don't really know why I joined this subreddit today, but I'm hoping maybe something good will come of it."
Got my A1C results back and I can't take any credit but...,Mounjaro has got me from 9.2% to 6.2% in 3 months bringing me to prediabetic levels apparently.Huge result but I haven't really made any dramatic lifestyle changes.,2026-06-07,https://old.reddit.com/r/diabetes_t2/comments/1tz7264/got_my_a1c_results_back_and_i_cant_take_any/,diabetes_t2,Mounjaro has got me from 9.2 to 6.2 in 3 months bringing me to prediabetic levels apparently.Huge result but I haven't really made any dramatic lifestyle changes.
My A1c just went back out of range - here's why I don't mind it,"(just barely out of *non-diabetic range, a number I was originally aiming for)Hemoglobin is the protein molecule inside your Red Blood Cells (RBCs) which transports oxygen from where it enters the simple squamous epithelial tissue that forms the alveoli in your lungs which makes them function to the tissues in the rest of your body that need access to that oxygen but are too far away for passive diffusion. That is to say, your red blood cells have this special ingredient which holds onto oxygen that passively diffuses into them from your lungs and holds on until the conditions are right for it to dump that oxygen where it's needed and pick up some of the CO2 for return to the lungs to exhale the waste product (most becomes bicarbonate and just rides in the plasma but I digress).What am I going on about hemoglobin for? Well, that protein makes up 97% of RBC’s dry weight. Hemoglobin A is the primary constituent in adults, and through a process called chromatographic fractioning you can use ionic charge to separate different groups of hemoglobin A from hemolyzed erythrocytes (RBCs broken open to release the hemoglobin). There are 5 minor components you find as a result of this chromatography, HBA1a-HBA1e (1 a - e).In 1968 Dr. Samuel Rahbar MD, PhD was evaluating blood samples for the detection of hemoglobinopathies when he made the discovery that HBA1c (Commonly shortened to A1c) was elevated in the diabetic patients whose blood he tested. That variant of hemoglobin was confirmed to be hemoglobin with a hexose (in this case glucose) attached, but later research with radioactive iron would confirm that the fraction of HBA1c increased 2.8x faster in diabetic mice than controls. This is non-enzymatic glycation, exposure to high blood glucose levels causes chance interactions that leave hemoglobin glycated, hence the measure being a powerful measure for average blood glucose levels in diabetic patients over the 3-month average lifespan of RBCs.A1c now dominates Diabetes from diagnosis to management to bragging rights on the internet, and that last one is where I arrive on this scene. In September of 2025 I was diagnosed with Type 2 Diabetes Mellitus, a family heirloom. I managed accelerating the diagnosis to an early 30 years old in part because I was employed as a Software Engineer (a perfectly sedentary life if you so choose) and in another part because I am a diagnosed high functioning autist with a lot of comfort foods (sour patch kids) that I was eating with reckless abandon. But after finally managing to get diagnosed with an A1c of 12.2% (very high, normal is 4.5-5.6%) I found myself on Reddit, a place I generally dislike, enjoying the company of my fellow diabetics and the starkly contrasting supportive nature of the t2 subreddits.There’s a concerning problem though: I don’t know if my peers know what A1c actually is, or I suspect some of them would brag less and others would worry less. These groups are the frail or anemic and athletes, respectively. These populations will see artificially deflated or inflated A1c levels because of the factors that confound (interfere with) this lab result. Specifically, an A1c of 4.5% is not an uncommon sight in these forums. I’ve learned hemolytic anemia is a concern beyond the low end of normal A1c range because excessive turnover in red blood cells can artificially deflate A1c. You might get a lower, better-looking number for a very bad reason.On the flipside, I see posts like one (now deleted) titled “25F A1C 5.8%, anxious about consuming anything sugar now”. In the body of the post (now inaccessible) I remember the user explaining that they are a very active athlete and they constantly engage in strenuous activity. If you frequent this subreddit, you’ll know that 5.6% is the cutoff for “normal” and that 5.8% falls into the pre-diabetic range, but if you happen to hang around long enoughyou might run into other insightful articles that can clue you in on exactly why that’s not a real concern.In high-stress environments like competitive team sports, glucocorticoids can temporarily inhibit insulin and strenuous aerobic exercise can trigger glycogenolysis - your body releases stores of glucose for you to use and those levels can stay high for long periods while you’re engaged in health-improving activities, a confusing paradox indeed.Humans aren’t populations, and lab results aren’t patients. In fact, in medicine there’s a frequent refrain: “Treat the patient, not the lab result” because this kind of absolute-seeming metric can be very misleading if you anchor your treatment around it and disregard other in-range but indicative markers of poor or good health.I’ve seen this error made over and over and over, but yesterday it really saved me: I got my A1c result back for the 3rd check after my initial diagnosis: my A1c went UP (just barely, perhaps within error) despite continuing to lose weight (now over 100 lbs down), trying very hard to control my blood glucose levels using a continuous glucose monitor (CGM) and only very minor decreases in medication dosage, roughly proportional to weight loss. There’s a couple confounding biometrics in the room with me though: GMI and o2 saturation.Alongside my increasing A1c (up to 5.7% from 5.6%) my GMI (glucose management indicator, something like an A1c but calculated based on CGM data independent of A1c) remains the same (5.5%) as it did when my A1c was slightly lower. Blood oxygen saturation also continues to trend into a higher, tighter range as the months drag on. It seems intuitive to me that blood oxygen levels will increase with the health of RBCs. I also expect the lifespan of the cells will increase with their health, and with this increase of lifespan glycation will increase without any actual change in average blood glucose levels. I’m almost certain this points to an improvement in overall health superseding any concerns that could be had by taking A1c too seriously.Anywho, don’t measure yourself against numbers that you can’t explain. That’s a recipe for failure without a path to success. Even aiming for the middle of the range is probably a mistake, as you can see it is for our deleted post’s OP and would be for the athletes spoken about in the article linked above. And as people are reminded so frequently in these subreddits, don’t get your medical advice online and don’t try to diagnose yourself based on numbers alone. Consult your prescriber or care team instead.",2026-06-07,https://old.reddit.com/r/diabetes_t2/comments/1tz2pex/my_a1c_just_went_back_out_of_range_heres_why_i/,diabetes_t2,"just barely out of non-diabetic range, a number I was originally aiming for Hemoglobin is the protein molecule inside your Red Blood Cells RBCs which transports oxygen from where it enters the simple squamous epithelial tissue that forms the alveoli in your lungs which makes them function to the tissues in the rest of your body that need access to that oxygen but are too far away for passive diffusion. That is to say, your red blood cells have this special ingredient which holds onto oxygen that passively diffuses into them from your lungs and holds on until the conditions are right for it to dump that oxygen where it's needed and pick up some of the CO2 for return to the lungs to exhale the waste product most becomes bicarbonate and just rides in the plasma but I digress .What am I going on about hemoglobin for? Well, that protein makes up 97 of RBC s dry weight. Hemoglobin A is the primary constituent in adults, and through a process called chromatographic fractioning you can use ionic charge to separate different groups of hemoglobin A from hemolyzed erythrocytes RBCs broken open to release the hemoglobin . There are 5 minor components you find as a result of this chromatography, HBA1a-HBA1e 1 a - e .In 1968 Dr. Samuel Rahbar MD, PhD was evaluating blood samples for the detection of hemoglobinopathies when he made the discovery that HBA1c Commonly shortened to A1c was elevated in the diabetic patients whose blood he tested. That variant of hemoglobin was confirmed to be hemoglobin with a hexose in this case glucose attached, but later research with radioactive iron would confirm that the fraction of HBA1c increased 2.8x faster in diabetic mice than controls. This is non-enzymatic glycation, exposure to high blood glucose levels causes chance interactions that leave hemoglobin glycated, hence the measure being a powerful measure for average blood glucose levels in diabetic patients over the 3-month average lifespan of RBCs.A1c now dominates Diabetes from diagnosis to management to bragging rights on the internet, and that last one is where I arrive on this scene. In September of 2025 I was diagnosed with Type 2 Diabetes Mellitus, a family heirloom. I managed accelerating the diagnosis to an early 30 years old in part because I was employed as a Software Engineer a perfectly sedentary life if you so choose and in another part because I am a diagnosed high functioning autist with a lot of comfort foods sour patch kids that I was eating with reckless abandon. But after finally managing to get diagnosed with an A1c of 12.2 very high, normal is 4.5-5.6 I found myself on Reddit, a place I generally dislike, enjoying the company of my fellow diabetics and the starkly contrasting supportive nature of the t2 subreddits.There s a concerning problem though I don t know if my peers know what A1c actually is, or I suspect some of them would brag less and others would worry less. These groups are the frail or anemic and athletes, respectively. These populations"
My journey (so far),"Since my diagnosis, I've been a lurker on these forums mostly, searching for any information I can get, reading stories for inspiration, etc.  I wanted to share my story as it just hit the first (of hopefully many) big milestone.TLDR: 3 months ago I was diagnosed with T2 and an A1C was 9.3, according to yesterday's test results it's been 5.6 since I've been trying to control it.I wanted to preface this post with a few items:1) I got diagnosed with T2 diabetes 3 months ago.  I know this is just the first leg of my journey and that it's a marathon not a sprint.  3 months ago I honestly didn't know if my passion to control this condition and claw back my health would last even this long.2) Like in just about any success story I owe a lot to tons of amazing support I've had.  From doctors who got me a CGM on day 1 after my diagnosis, the local hospital running a diabetes education course, and most of all my wife who has made being completely supportive without being overbearing look easy, I've been incredibly lucky to have had amazing people help me figure this out.With that out of the way...I got hospitalized in early March with a bad infection that doctors figured pretty easily was made worse by undiagnosed diabetes.  I wasn't surprised when they detemined I had type 2 diabetes (A1C of 9.3) as I'd ton a terrible job over at least a whole decade of taking care of myself.  I hadn't seen a doctor regularly in at least 9 years, overate, ate what in hindsight is obviously way too many carbohydrates, and ever since the pandemic I couldn't stick to a regular exercise routine.  Between my surgery recovery and the diabetes diagnosis, March was a real low point in my life.  I felt the weight of a decade or more of my own bad decisions crashing down on me and the idea of relearning my entire relationship with food while enduring a ~3 week recovery following a surgery was a bit overwhelming.For me the worst part was lack of information.  What's a bad spike?  What's an acceptable spike?  What goals are realistic or even achievable?  How am I gonna find anything other than eggs to eat for breakfast?  Why does my body hate bread more all other starches?  I'm very lucky that the hospital that diagnosed me slapped a CGM on me because the info from that device has been my life-line, allowing me to see with great accuracy what any given food does to me, but also letting me gamify my own health.I started a food journal almost immediately.  Tracking every meal and snack and the starting and high point of my blood sugar level corresponding to each.  This helped me figure out what worked but also get a growing record of meals I could rely on not to spike my blood sugar.  I worried a lot initially because I was recovery from surgery and couldn't exercise the first 3 weeks.My doctor was encouraging and helped me make sure early on I got my eyes and feet tested to make sure there wasn't any damage.  The local hospital ran an accredited course over 5 weeks that provided a bounty of solid information.  By that time I was back to the gym every other day no exceptions and had a solid plan for my diet.  I kinda settled on what feels like a mix of an extremely low carb diet + mediterrean diet.  Not intentionally, I just kept looking for foods I would want to eat.  I still probably eat too much protein and not quite enough veggies, but its way more healthy than my constant unintentional carb loading of the past.Fast forward to this past week.  I've lost over 40 pounds (was over 260lb when this happened) and at 44 years old I'm almost as light as I was in college when I'd play 2+ hours of frisbee almost daily.  I had my first A1C test scheduled for this week, and discovered that my A1C these past 3 months has been 5.6.  When the hospital gave me an initial diabetes education, they told me to target 7.0, and I wanted to do better, but no part of me realistically thought I get myself below 6.0.I'm skipping over a lot of boring hard work, and I'm not foolish to not credit the Metformin for its part in lowering my levels.  There have a been a lot of tedious conversations as I talked out my thoughts and plans that my wife endured as this effort dominated my thoughts.  There have also been a lot of moments of doubt or frustration.  I've wanted to just scream at the top of my lungs sometimes over how hard it feels to have any variety for breakfast.  And I found it odd that finding food I'd like to eat isn't the real chore, it's having to think about each meal, and that mental load.  I can't just raid the pantry and cobble something together on a busy day when I want to just refuel ASAP and get back to more important mattes.I can remember getting upset as my sugar levels trended up for a few days while I was sick and shouting at the CGM because of course this condition even punishes you for being mad at it.  But in the end, in a very weird way, getting diagnosed with diabetes is turning into one of the best things to happen to my health.  It got me to stop abusing my body and take my own health seriously.  It also got me back into cooking.  I loved to cook when I was younger, but I stopped for a variety of silly reasons.  Now I'm learning new recipes and rediscovering an old skillset.I wish I didn't need the threat of losing years off my life to get me to take this stuff seriously, but I feel better than I have since my 20's and if my routine continues doing what it's been doing so far, I might be in the best shape of my life in time for my 45th birthday.",2026-06-07,https://old.reddit.com/r/diabetes_t2/comments/1tz0c0e/my_journey_so_far/,diabetes_t2,"Since my diagnosis, I've been a lurker on these forums mostly, searching for any information I can get, reading stories for inspiration, etc. I wanted to share my story as it just hit the first of hopefully many big milestone.TLDR 3 months ago I was diagnosed with T2 and an A1C was 9.3, according to yesterday's test results it's been 5.6 since I've been trying to control it.I wanted to preface this post with a few items 1 I got diagnosed with T2 diabetes 3 months ago. I know this is just the first leg of my journey and that it's a marathon not a sprint. 3 months ago I honestly didn't know if my passion to control this condition and claw back my health would last even this long.2 Like in just about any success story I owe a lot to tons of amazing support I've had. From doctors who got me a CGM on day 1 after my diagnosis, the local hospital running a diabetes education course, and most of all my wife who has made being completely supportive without being overbearing look easy, I've been incredibly lucky to have had amazing people help me figure this out.With that out of the way...I got hospitalized in early March with a bad infection that doctors figured pretty easily was made worse by undiagnosed diabetes. I wasn't surprised when they detemined I had type 2 diabetes A1C of 9.3 as I'd ton a terrible job over at least a whole decade of taking care of myself. I hadn't seen a doctor regularly in at least 9 years, overate, ate what in hindsight is obviously way too many carbohydrates, and ever since the pandemic I couldn't stick to a regular exercise routine. Between my surgery recovery and the diabetes diagnosis, March was a real low point in my life. I felt the weight of a decade or more of my own bad decisions crashing down on me and the idea of relearning my entire relationship with food while enduring a 3 week recovery following a surgery was a bit overwhelming.For me the worst part was lack of information. What's a bad spike? What's an acceptable spike? What goals are realistic or even achievable? How am I gonna find anything other than eggs to eat for breakfast? Why does my body hate bread more all other starches? I'm very lucky that the hospital that diagnosed me slapped a CGM on me because the info from that device has been my life-line, allowing me to see with great accuracy what any given food does to me, but also letting me gamify my own health.I started a food journal almost immediately. Tracking every meal and snack and the starting and high point of my blood sugar level corresponding to each. This helped me figure out what worked but also get a growing record of meals I could rely on not to spike my blood sugar. I worried a lot initially because I was recovery from surgery and couldn't exercise the first 3 weeks.My doctor was encouraging"
Diagnosis with “normal” a1c?,"Hi all! I’m seeing my doctor next week and I was wondering if anyone has gotten a diabetes diagnosis with normal a1c. Mine is around 5, however I have a strong reason to believe that I have something brewing and probably something in the universe of insulin resistance that will turn into diabetes sooner rather than later. If I can get a diagnosis and get medication support, I think it would be easier to keep up the lifestyle changes I’ve been implementing and maintain better health for longer (although I know that’s not how the US medical system works.)For reference:• I have a parent and grandparent who were both diagnosed with t2d around my current age• I had genetic testing that confirmed a genetic predisposition to t2d (whereas my sibling did not)• sugary foods and big meals consistently lead to gi issues and fatigue• even though I have lots of other indicators that my cardiovascular health is good. I exercise regularly, and my diet is fairly healthy, my triglycerides are crazy highAny thoughts or guidance would be appreciated!",2026-06-07,https://old.reddit.com/r/diabetes_t2/comments/1tyzt6b/diagnosis_with_normal_a1c/,diabetes_t2,"Hi all! I m seeing my doctor next week and I was wondering if anyone has gotten a diabetes diagnosis with normal a1c. Mine is around 5, however I have a strong reason to believe that I have something brewing and probably something in the universe of insulin resistance that will turn into diabetes sooner rather than later. If I can get a diagnosis and get medication support, I think it would be easier to keep up the lifestyle changes I ve been implementing and maintain better health for longer although I know that s not how the US medical system works. For reference I have a parent and grandparent who were both diagnosed with t2d around my current age I had genetic testing that confirmed a genetic predisposition to t2d whereas my sibling did not sugary foods and big meals consistently lead to gi issues and fatigue even though I have lots of other indicators that my cardiovascular health is good. I exercise regularly, and my diet is fairly healthy, my triglycerides are crazy highAny thoughts or guidance would be appreciated!"
Tough day for my mom(i.redd.it),"I’m absolutely exhausted. My mom had her ozempic yesterday instead of Thursday because of her nurse not being available Thursday. Because her blood sugar is sort of out of controlShe’s on a bunch of medication in addition to the ozempic. We’ve gotten her a lot more stable than in the past but today has been a total nightmare. First it started with a cgm issue giving a false low and then midday after some carbs and chicken she peaked around 217. Then for the past 4 hours I’ve been unable to keep her above 120 for more than an hour without dipping back down to 65 within the next hour or two. We had a meatball sub for dinner, I’ve given her 2 glasses of orange juice in total and 4 cookies (a glass of oj and 2 cookies per low) but nothing is working. I’m exhausted and I have a horrible feeling this is going to go all night. I just don’t know why it’s happening or how to make it stop. And her aide definitely won’t be coming by overnight and I don’t know when the morning person is supposed to be here for her tomorrow. I’m also scared this she’ll throw everything up because of the ozempic and I’m just tiredEDIT: still having trouble managing it this morning",2026-06-07,https://old.reddit.com/r/diabetes_t2/comments/1tyz5fq/tough_day_for_my_mom/,diabetes_t2,"I m absolutely exhausted. My mom had her ozempic yesterday instead of Thursday because of her nurse not being available Thursday. Because her blood sugar is sort of out of controlShe s on a bunch of medication in addition to the ozempic. We ve gotten her a lot more stable than in the past but today has been a total nightmare. First it started with a cgm issue giving a false low and then midday after some carbs and chicken she peaked around 217. Then for the past 4 hours I ve been unable to keep her above 120 for more than an hour without dipping back down to 65 within the next hour or two. We had a meatball sub for dinner, I ve given her 2 glasses of orange juice in total and 4 cookies a glass of oj and 2 cookies per low but nothing is working. I m exhausted and I have a horrible feeling this is going to go all night. I just don t know why it s happening or how to make it stop. And her aide definitely won t be coming by overnight and I don t know when the morning person is supposed to be here for her tomorrow. I m also scared this she ll throw everything up because of the ozempic and I m just tiredEDIT still having trouble managing it this morning"
Newly diagnosed T2 and trying to find a path,"Hello, I was diagnosed on Friday with T2 and now that the shock has started to subside I’m looking to hear other people’s stories or paths so I can get an idea of what my practical management path might look like.For context: we are going through an elevated stressful time at the moment with a redundancy in the household the same week as diagnosis and buying our first home. All is well with the financial side of things and the job prospects of my partner but it’s all crazy biscuits as you can imagine! I am in the UK and 39 years old. My HbA1c was 103, I have been put on slow release Metaformin (1 tab per day this week upping to two next week if ‘I feel I need it’?). My partner is the home cook and has been excellent about immediately adjusting our meals and we are getting a plan together for the problem times re: choices (mostly me at work where I need convenience and speed at lunch times).If I’m honestly I’m kind of in limbo, I had a five minute call with the doctor who asked me to come in immediately and told me my levels, because it was an emergency appointment I only had 15 minutes with the nurse and it was a lot to take in. She has mentioned the medication and diet and exercise but not really in any kind of detail.We also don’t know anything about whether it’s a good idea for me to be monitoring blood sugar ourselves at home.I’ve been doing my research online and there is lots of information, some of it a little conflicting with what the nurse said.I’d be hugely grateful for any stories about how you found the right path for you?",2026-05-24,https://old.reddit.com/r/diabetes_t2/comments/1tm8h41/newly_diagnosed_t2_and_trying_to_find_a_path/,diabetes_t2,"Hello, I was diagnosed on Friday with T2 and now that the shock has started to subside I m looking to hear other people s stories or paths so I can get an idea of what my practical management path might look like.For context we are going through an elevated stressful time at the moment with a redundancy in the household the same week as diagnosis and buying our first home. All is well with the financial side of things and the job prospects of my partner but it s all crazy biscuits as you can imagine! I am in the UK and 39 years old. My HbA1c was 103, I have been put on slow release Metaformin 1 tab per day this week upping to two next week if I feel I need it ? . My partner is the home cook and has been excellent about immediately adjusting our meals and we are getting a plan together for the problem times re choices mostly me at work where I need convenience and speed at lunch times .If I m honestly I m kind of in limbo, I had a five minute call with the doctor who asked me to come in immediately and told me my levels, because it was an emergency appointment I only had 15 minutes with the nurse and it was a lot to take in. She has mentioned the medication and diet and exercise but not really in any kind of detail.We also don t know anything about whether it s a good idea for me to be monitoring blood sugar ourselves at home.I ve been doing my research online and there is lots of information, some of it a little conflicting with what the nurse said.I d be hugely grateful for any stories about how you found the right path for you?"
Lean T2Ders?(),"Hi, I was diagnosed post-COVID with lean insulin deficient T2D. I just searched this forum and it looks like there hasn’t been much discussion lately about lean T2D. Anyone else in this boat?",2026-05-24,https://old.reddit.com/r/diabetes_t2/comments/1tm238b/lean_t2ders/,diabetes_t2,"Hi, I was diagnosed post-COVID with lean insulin deficient T2D. I just searched this forum and it looks like there hasn t been much discussion lately about lean T2D. Anyone else in this boat?"
Do you eat corn?,"I thought it was off limits as a starchy veg, but I looked it up and jt seems like a medium ear has less than 20 net carbs. So half an ear paired with some protein seems more than reasonable, but am I missing some GI thing?I have been gifted some fresh sweetcorn and would so love to eat it...",2026-05-24,https://old.reddit.com/r/diabetes_t2/comments/1tlzy06/do_you_eat_corn/,diabetes_t2,"I thought it was off limits as a starchy veg, but I looked it up and jt seems like a medium ear has less than 20 net carbs. So half an ear paired with some protein seems more than reasonable, but am I missing some GI thing?I have been gifted some fresh sweetcorn and would so love to eat it..."
"will be going to podiatrist a in a few weeks, what to expect at ffirst appointment?","Hi all. In a few weeks, I will be going to a podiatrist  for the first time. What can I expect at my first appointment? Is there anything I should do before arriving at the office?",2026-05-23,https://old.reddit.com/r/diabetes_t2/comments/1tlvgok/will_be_going_to_podiatrist_a_in_a_few_weeks_what/,diabetes_t2,"Hi all. In a few weeks, I will be going to a podiatrist for the first time. What can I expect at my first appointment? Is there anything I should do before arriving at the office?"
I walked for a year and half most of the days. And it brought down my A1C levels. But now I am exhausted. What do you do when you have no energy left for any aerobic exercises?,"My diet is fine, by the way.",2026-05-23,https://old.reddit.com/r/diabetes_t2/comments/1tlud6p/i_walked_for_a_year_and_half_most_of_the_days_and/,diabetes_t2,"My diet is fine, by the way."
Managing without Insurance?,"I recently got prescribed januvia for my diabetes. I'm always interested in finding out how much stuff costs without insurance.I saw this med costs around 1,000 dollars. I also use a CGM that costs nearly 600 dollars.Are there people here managing their diabetes without insurance? If so, how? What are your numbers like?EDIT: To clarify, I have insurance. I'm just curious how people manage without it.",2026-05-23,https://old.reddit.com/r/diabetes_t2/comments/1tltp9b/managing_without_insurance/,diabetes_t2,"I recently got prescribed januvia for my diabetes. I'm always interested in finding out how much stuff costs without insurance.I saw this med costs around 1,000 dollars. I also use a CGM that costs nearly 600 dollars.Are there people here managing their diabetes without insurance? If so, how? What are your numbers like?EDIT To clarify, I have insurance. I'm just curious how people manage without it."
Spiking Questions(),"if you spike to 200 within thirty minutes of eating, but then you are back to below 140 an hour after, and then below 120 within two hours, is it still a concern?",2026-05-23,https://old.reddit.com/r/diabetes_t2/comments/1tloiur/spiking_questions/,diabetes_t2,"if you spike to 200 within thirty minutes of eating, but then you are back to below 140 an hour after, and then below 120 within two hours, is it still a concern?"
My little success story,"I am constantly amazed by all the success stories here but some of the really big ones didn't really relate to me because of where I am in my journey.  I don't have any weight to lose and already watch what I eat.  And I've been hovering in the A1C range of 7 for a while, struggling to bring that down.I was diagnosed back in 2007 or 2008 as T2.  Been keeping it under control until the pandemic hit, and everything went out the window.  I had an A1C of over 10 in 2021.  Worked at it and brought it down to 7.3 in 2023.  But it went up to 7.5 in 2025 and that's on me - I just hate to exercise and never got back into the habit after I took a work-from-home job in 2024.Well, in January 2026, it jumped to 7.9.  Ok, time to buckle down because I do not want to go on insulin, and I think I read somewhere that over 8 is when that starts to be needed.  I already eat fairly well, but yes, I can do a little more there.  I cut out snacks while I watch TV in the evenings.  That was a huge thing for me.The other is not exercising at all.  So, I started to do a 10-minute moderately fast walking workout after each meal that I found on YouTube (Get Fit With Rick, if you're wondering).  I did it every weekday in March, then started to be less consistent in April due to traveling.Well, last week, I got my latest A1C and it's down to 7.2!  I know I need to bring it lower, but I figure that if I had continued to be consistent with the walking workouts, maybe it would be even lower.I just thought I'd share this for those of us who are struggling with an A1C in the 7 range that just won't budge.  Small, consistent changes do have an effect over the long haul.  Sounds like that should be common sense, but it wasn't to me until I saw it.  Now I am motivated to work more at bringing my A1C to below 7 because I saw that my changes were working!",2026-05-23,https://old.reddit.com/r/diabetes_t2/comments/1tloa51/my_little_success_story/,diabetes_t2,"I am constantly amazed by all the success stories here but some of the really big ones didn't really relate to me because of where I am in my journey. I don't have any weight to lose and already watch what I eat. And I've been hovering in the A1C range of 7 for a while, struggling to bring that down.I was diagnosed back in 2007 or 2008 as T2. Been keeping it under control until the pandemic hit, and everything went out the window. I had an A1C of over 10 in 2021. Worked at it and brought it down to 7.3 in 2023. But it went up to 7.5 in 2025 and that's on me - I just hate to exercise and never got back into the habit after I took a work-from-home job in 2024.Well, in January 2026, it jumped to 7.9. Ok, time to buckle down because I do not want to go on insulin, and I think I read somewhere that over 8 is when that starts to be needed. I already eat fairly well, but yes, I can do a little more there. I cut out snacks while I watch TV in the evenings. That was a huge thing for me.The other is not exercising at all. So, I started to do a 10-minute moderately fast walking workout after each meal that I found on YouTube Get Fit With Rick, if you're wondering . I did it every weekday in March, then started to be less consistent in April due to traveling.Well, last week, I got my latest A1C and it's down to 7.2! I know I need to bring it lower, but I figure that if I had continued to be consistent with the walking workouts, maybe it would be even lower.I just thought I'd share this for those of us who are struggling with an A1C in the 7 range that just won't budge. Small, consistent changes do have an effect over the long haul. Sounds like that should be common sense, but it wasn't to me until I saw it. Now I am motivated to work more at bringing my A1C to below 7 because I saw that my changes were working!"
Advice needed,"Hi everyone,I’m 50 and developed type 2 diabetes around the same time I entered perimenopause. I have a glucose monitor that I’ve never used because it feels too complicated, and I’m intimidated by the finger-pricking.Lately, I’ve been struggling. My BMI is 31.5, and I experience foot pain every evening. My legs feel swollen, and I’ve noticed dark spots on my thighs without sun exposure. Although my blood pressure is optimal, I have strong sugar cravings and find myself addicted to unhealthy foods—I’ve always loved orange juice, bread, and Brie cheese. Changing my eating habits has been incredibly challenging.Two and a half years ago, I was working out with a partner, but after I twisted my ankle and had a falling out with them, I lost my motivation. I haven’t found a new workout partner and feel hesitant to go alone. I also have ADHD, which makes it hard for me to stay motivated or even go out, like to the beach. I’ve had a treadmill at home for two years, but I’ve never used it.I miss being in shape and feeling like my old self. I feel heavy and puffy, and it seems to be getting worse each day. I feel really stuck and miserable.",2026-05-23,https://old.reddit.com/r/diabetes_t2/comments/1tlo6hr/advice_needed/,diabetes_t2,"Hi everyone,I m 50 and developed type 2 diabetes around the same time I entered perimenopause. I have a glucose monitor that I ve never used because it feels too complicated, and I m intimidated by the finger-pricking.Lately, I ve been struggling. My BMI is 31.5, and I experience foot pain every evening. My legs feel swollen, and I ve noticed dark spots on my thighs without sun exposure. Although my blood pressure is optimal, I have strong sugar cravings and find myself addicted to unhealthy foods I ve always loved orange juice, bread, and Brie cheese. Changing my eating habits has been incredibly challenging.Two and a half years ago, I was working out with a partner, but after I twisted my ankle and had a falling out with them, I lost my motivation. I haven t found a new workout partner and feel hesitant to go alone. I also have ADHD, which makes it hard for me to stay motivated or even go out, like to the beach. I ve had a treadmill at home for two years, but I ve never used it.I miss being in shape and feeling like my old self. I feel heavy and puffy, and it seems to be getting worse each day. I feel really stuck and miserable."
Morning spike(old.reddit.com),Hello I am on 1000 mg metformin for 4 weeks.Just got myself cgm and noticed that other than some food spikes my levels spike between 9am - 10:30 am. I only have boiled eggs and premium protein shake. On day it rose to 205 I had a bread slice in morning that got accumulated with morning spike.I informed my pcp but he thinks this is normal. Endo is only available in August,2026-05-23,https://old.reddit.com/r/diabetes_t2/comments/1tllc7h/morning_spike/,diabetes_t2,Hello I am on 1000 mg metformin for 4 weeks.Just got myself cgm and noticed that other than some food spikes my levels spike between 9am - 10 30 am. I only have boiled eggs and premium protein shake. On day it rose to 205 I had a bread slice in morning that got accumulated with morning spike.I informed my pcp but he thinks this is normal. Endo is only available in August
Evaluate my plan,"prediabetic for about a year, officially over the limit now, so time to make this a priority.daily diet:2 cups fresh berries1 grapefruitpackage of frozen fruit6 oz low mercury fish2 cups whole fat greek2 cups whole fat cottage cheeseblock of tofu or package of tempehbag of frozen vegetables1 T olive oil, 1 T sriracha, 1/2 T low sodium soy sauce3-4 glasses of watera treat (scoop of ice cream, popsicle, slice of pizza, 2-3 oz cheese) 2-3 times per week. Fruit of course eaten in small quantities throughout day and at the end of eating other things with lower glycemic load.i also have a grazing bowl in the living room usually with baby carrots or cucumbers. Im a stress eater so its good to mindlessly fill myself up on these.comes out to about 2k calories per day (except on treat days, add 200-300 more), 80 fat, 150 protein, 180 carbs2 hours or so of cleaning / housework, cooking per day, 15 min walk, 10 pushups, mostly sedentary otherwise. 8 hours sleep.im 5’11 240 at start with fasting 163 and 7.3 a1cmy goal is to get to 165 in 18 months. so far i’m easily adherent for a week and down to 233 (i know that’s mostly glycogen water weight).thoughts? Anyone do similar?PS thank you for all formyour thoughtful input!",2026-05-23,https://old.reddit.com/r/diabetes_t2/comments/1tlkix8/evaluate_my_plan/,diabetes_t2,"prediabetic for about a year, officially over the limit now, so time to make this a priority.daily diet 2 cups fresh berries1 grapefruitpackage of frozen fruit6 oz low mercury fish2 cups whole fat greek2 cups whole fat cottage cheeseblock of tofu or package of tempehbag of frozen vegetables1 T olive oil, 1 T sriracha, 1 2 T low sodium soy sauce3-4 glasses of watera treat scoop of ice cream, popsicle, slice of pizza, 2-3 oz cheese 2-3 times per week. Fruit of course eaten in small quantities throughout day and at the end of eating other things with lower glycemic load.i also have a grazing bowl in the living room usually with baby carrots or cucumbers. Im a stress eater so its good to mindlessly fill myself up on these.comes out to about 2k calories per day except on treat days, add 200-300 more , 80 fat, 150 protein, 180 carbs2 hours or so of cleaning housework, cooking per day, 15 min walk, 10 pushups, mostly sedentary otherwise. 8 hours sleep.im 5 11 240 at start with fasting 163 and 7.3 a1cmy goal is to get to 165 in 18 months. so far i m easily adherent for a week and down to 233 i know that s mostly glycogen water weight .thoughts? Anyone do similar?PS thank you for all formyour thoughtful input!"
"Go home, Libre, you’re drunk.(i.redd.it)","It’s 6am, I work overnights so I am sitting up, and my finger stick says 113. I never see false lows normally unless I sleep on that arm.It’s been doing this for a few days and it’s annoying. But what’s even more annoying is reporting a sensor issue to them and having to ship the old one back, so I will tolerate it.",2026-05-23,https://old.reddit.com/r/diabetes_t2/comments/1tlcc4q/go_home_libre_youre_drunk/,diabetes_t2,"It s 6am, I work overnights so I am sitting up, and my finger stick says 113. I never see false lows normally unless I sleep on that arm.It s been doing this for a few days and it s annoying. But what s even more annoying is reporting a sensor issue to them and having to ship the old one back, so I will tolerate it."
Bgl 99 after eating dinner and not walking at all. .,Hi guys my bgl has been all over the place..april 2026 i got diagnosed with t2d..fasting was 300 pp was 400.A1c-13.6Tsh-8After a month of treatment from endocrinologist fasting -112Pp 82Bcoz of low pp levels endo changed the medicine ...and since last 15days i m taking new medicine...i walk evenings 1hr ...then have dinner and then walk again...30mins...After that i feel dizzy..i did not know why that was happening but yestrday  I did not walk after dinner and my blood glucose level was 99...is it that without walking if my bgl is 99 then what about the day when I walk ?It must be 20-30 less i guess..hence the dizziness?Yesterday I felt fine coz I  did not walk at all.Is walking making my blood glucose level on the lower side?,2026-05-23,https://old.reddit.com/r/diabetes_t2/comments/1tlaezg/bgl_99_after_eating_dinner_and_not_walking_at_all/,diabetes_t2,Hi guys my bgl has been all over the place..april 2026 i got diagnosed with t2d..fasting was 300 pp was 400.A1c-13.6Tsh-8After a month of treatment from endocrinologist fasting -112Pp 82Bcoz of low pp levels endo changed the medicine ...and since last 15days i m taking new medicine...i walk evenings 1hr ...then have dinner and then walk again...30mins...After that i feel dizzy..i did not know why that was happening but yestrday I did not walk after dinner and my blood glucose level was 99...is it that without walking if my bgl is 99 then what about the day when I walk ?It must be 20-30 less i guess..hence the dizziness?Yesterday I felt fine coz I did not walk at all.Is walking making my blood glucose level on the lower side?
Homemade cottage cheese,"Just wondering how many people make there own cottage cheese ""farmers cheese"". I just started today after you get done making it doesn't save you money but at least you can control what is added to it.",2026-05-22,https://old.reddit.com/r/diabetes_t2/comments/1tkuanm/homemade_cottage_cheese/,diabetes_t2,"Just wondering how many people make there own cottage cheese ""farmers cheese"". I just started today after you get done making it doesn't save you money but at least you can control what is added to it."
My result,"Three months ago, I started a regular diet on the advice of a dietitian. I walked 8-10 thousand steps every day. For the last two months, I used a Linx CGM sensor. Becoming more informed to me.https://preview.redd.it/g1xqs5rrwp2h1.png?width=2788&format=png&auto=webp&s=4686836e847eb7862e1435e99776195a1b3b47c4",2026-05-22,https://old.reddit.com/r/diabetes_t2/comments/1tkoind/my_result/,diabetes_t2,"Three months ago, I started a regular diet on the advice of a dietitian. I walked 8-10 thousand steps every day. For the last two months, I used a Linx CGM sensor. Becoming more informed to me."
Need Advice Badly,"For breakfast I had Greek yogurt and berries and a protein shake.  I was still hungry so I made oat meal.  My blood sugar went up to 224 about 9:30 and is staying there.  It's noon. And I'm hungry.I'm on Monjouro 2.5 and insulin.  About 12 long acting ad 3 units short acting.If I eat enough my blood sugar spikes.  If I eat light I'm starving.  I don't know what to do.I'm a basket case.  It seems all I can eat is eggs, chicken, salad, vegetables, hamburger and protein shake and yogurt and berries.  That leaves me hungry.  I don't know what to do.",2026-05-22,https://old.reddit.com/r/diabetes_t2/comments/1tknfm1/need_advice_badly/,diabetes_t2,"For breakfast I had Greek yogurt and berries and a protein shake. I was still hungry so I made oat meal. My blood sugar went up to 224 about 9 30 and is staying there. It's noon. And I'm hungry.I'm on Monjouro 2.5 and insulin. About 12 long acting ad 3 units short acting.If I eat enough my blood sugar spikes. If I eat light I'm starving. I don't know what to do.I'm a basket case. It seems all I can eat is eggs, chicken, salad, vegetables, hamburger and protein shake and yogurt and berries. That leaves me hungry. I don't know what to do."
Horarios,"Amigos, me pueden decir qué horarios tienen para sus comidas. Generalmente tengo desayuno a las 8:00am, una colación como a las 10:00am, Comida entre 1:00-2:00pm, otra colación como a las 5:00pm y la Cena a las 10:00pm",2026-05-22,https://old.reddit.com/r/diabetes_t2/comments/1tkkzkk/horarios/,diabetes_t2,"Amigos, me pueden decir qué horarios tienen para sus comidas. Generalmente tengo desayuno a las 8 00am, una colación como a las 10 00am, Comida entre 1 00-2 00pm, otra colación como a las 5 00pm y la Cena a las 10 00pm"
"cutting Carbs (bread , Rice , Pasta)","Hey,After 11 years living with type 2 diabetes, I’ve decided to reduce carbs for a while and monitor the impact using my CGM.For the past 4 days, I’ve completely avoided bread, rice, and pasta. My meals are mostly things like steak with vegetables. I’m not strictly cutting all carbs, just those starchy sources.I’ve noticed on my CGM that my blood sugar hasn’t been spiking much at all over the last 3 days it hasn’t gone above 200 mg/dL.I wanted to ask if this approach makes sense, and whether it’s okay long-term. Also, if I reintroduce carbs later, will my body still be able to handle them normally or will my response change?",2026-05-22,https://old.reddit.com/r/diabetes_t2/comments/1tkhe4v/cutting_carbs_bread_rice_pasta/,diabetes_t2,"Hey,After 11 years living with type 2 diabetes, I ve decided to reduce carbs for a while and monitor the impact using my CGM.For the past 4 days, I ve completely avoided bread, rice, and pasta. My meals are mostly things like steak with vegetables. I m not strictly cutting all carbs, just those starchy sources.I ve noticed on my CGM that my blood sugar hasn t been spiking much at all over the last 3 days it hasn t gone above 200 mg dL.I wanted to ask if this approach makes sense, and whether it s okay long-term. Also, if I reintroduce carbs later, will my body still be able to handle them normally or will my response change?"
G7 Prior Auth Requirements Changed,"I just want to come here and invent a little bit. I no longer qualify for the G7 that i've been wearing to monitor my sugar. My husband and I specifically switched to my health insurance. Because of the diabetic coverage. Now, half way through the year, the insurance changed the prior auth requirements for the G7 and I no longer qualify. This is so frustrating because you can't even change insurance halfway through the year.Has this happened to anyone else? Is there any way to get it covered? Or am I just SOL? I was diagnosed in 2022 and currently under control, because I was able to continuously monitor my sugar levels without finger pricking. But now I'm seriously scared about my current situation.",2026-05-22,https://old.reddit.com/r/diabetes_t2/comments/1tkesv1/g7_prior_auth_requirements_changed/,diabetes_t2,"I just want to come here and invent a little bit. I no longer qualify for the G7 that i've been wearing to monitor my sugar. My husband and I specifically switched to my health insurance. Because of the diabetic coverage. Now, half way through the year, the insurance changed the prior auth requirements for the G7 and I no longer qualify. This is so frustrating because you can't even change insurance halfway through the year.Has this happened to anyone else? Is there any way to get it covered? Or am I just SOL? I was diagnosed in 2022 and currently under control, because I was able to continuously monitor my sugar levels without finger pricking. But now I'm seriously scared about my current situation."
Really worried about my progressively worse fasting sugar(),"As the title suggests I am 30, have an invasive hereditary form of PCOS (PMOS) and my lifestyle didn't help. I never had regular natural periods until I had metformin. Was pretty irregular on that medicine too until I got my type 2 diabetes diagnosis last year. That shook me to the core and I could only get started on treatment of Mounjaro on April 2nd. My fs at that time was 161. It came down to 145 on my first 10 days of 2.5mg progressively going to 131, 121 till my fourth dose. Then my doc titrated me up to 5mg after a month. I am currently on my 3rd dose and my fs went to 94 with the first dose. I was ecstatic .. but since then I've seen it steadily climb to 121 and 131 this week. I'm really worried about how this could happen . . Is the med not working? I'm worried sick and feel my doc will blame me..or give up on me.. for context I had reduced 3 kgs going from 73.3 to 70.5 through gym before I took MJ and then about 3.5-4 kg on MJ. I know it's slow considering I'm on almost 2 months but I was keeping my nerves intact thinking atleast sugars are down and now that hope has been snatched away too.. what do I do.. I am gymming eating clean and staying active.. I'm just feeling hopeless please help.",2026-05-22,https://old.reddit.com/r/diabetes_t2/comments/1tk9szm/really_worried_about_my_progressively_worse/,diabetes_t2,"As the title suggests I am 30, have an invasive hereditary form of PCOS PMOS and my lifestyle didn't help. I never had regular natural periods until I had metformin. Was pretty irregular on that medicine too until I got my type 2 diabetes diagnosis last year. That shook me to the core and I could only get started on treatment of Mounjaro on April 2nd. My fs at that time was 161. It came down to 145 on my first 10 days of 2.5mg progressively going to 131, 121 till my fourth dose. Then my doc titrated me up to 5mg after a month. I am currently on my 3rd dose and my fs went to 94 with the first dose. I was ecstatic .. but since then I've seen it steadily climb to 121 and 131 this week. I'm really worried about how this could happen . . Is the med not working? I'm worried sick and feel my doc will blame me..or give up on me.. for context I had reduced 3 kgs going from 73.3 to 70.5 through gym before I took MJ and then about 3.5-4 kg on MJ. I know it's slow considering I'm on almost 2 months but I was keeping my nerves intact thinking atleast sugars are down and now that hope has been snatched away too.. what do I do.. I am gymming eating clean and staying active.. I'm just feeling hopeless please help."
Requesting Advice from Diabetics: Using an Insulin Pump for a different medication/condition,"Hi there. I have a unique medical situation where my nephrologist, custom pharmacist, and I are leaning towards using an insulin pump for the experimental use of infusing subcutaneous magnesium.I have a port in my chest and get magnesium IV infusions daily for my rare condition.We have determined that I need to have magnesium infused constantly all day, and that the rapidness of IV distribution actually isn't an ideal fit for this. Although it is better than oral supplementation.I'd like to ask the diabetic community for their advice on insulin pump modelsand if you can even imagine what you currently use being used for something other than insulin; in terms of the settings, user interface guided towards diabetes, and how the vials are reloaded/filled into the machine.Essentially, I'm wondering if there are agnostic options out there that may be a better fit to be used with an alternative medication.Since these devices are specifically built for diabetics, it's difficult for me to even begin my research without speaking to a diabetic or seeing a machine in person.This post is recognizably nuanced, and I hope it doesn't get removed, sinceI'm trying to reach the opinions of people specifically with diabetes (insulin pump users).Any thoughts, feedback, or suggestions would be appreciated as a first step of me beginning my research into pump options.",2026-05-22,https://old.reddit.com/r/diabetes_t2/comments/1tk7ch7/requesting_advice_from_diabetics_using_an_insulin/,diabetes_t2,"Hi there. I have a unique medical situation where my nephrologist, custom pharmacist, and I are leaning towards using an insulin pump for the experimental use of infusing subcutaneous magnesium.I have a port in my chest and get magnesium IV infusions daily for my rare condition.We have determined that I need to have magnesium infused constantly all day, and that the rapidness of IV distribution actually isn't an ideal fit for this. Although it is better than oral supplementation.I'd like to ask the diabetic community for their advice on insulin pump modelsand if you can even imagine what you currently use being used for something other than insulin in terms of the settings, user interface guided towards diabetes, and how the vials are reloaded filled into the machine.Essentially, I'm wondering if there are agnostic options out there that may be a better fit to be used with an alternative medication.Since these devices are specifically built for diabetics, it's difficult for me to even begin my research without speaking to a diabetic or seeing a machine in person.This post is recognizably nuanced, and I hope it doesn't get removed, sinceI'm trying to reach the opinions of people specifically with diabetes insulin pump users .Any thoughts, feedback, or suggestions would be appreciated as a first step of me beginning my research into pump options."
Red Wine,"54f (130lbs/5’2”) T2 and was sober for months before diagnosis because I thought a glass or two of red wine at night was killing me. Turns out it was my high fat/carb diet and bad genetics.I am on an HSA plan so everything I pay is out of pocket until I hit an absurd deductible so no CGM but I’m using strips.Every time when I drink a glass of wine with dinner my glucose is better than it’s ever been for days it seems.I have been doing research and I’m a bit lost because everything says my liver is just prioritizing the alcohol and not releasing glucose but is that how it works? I’m so confused about everything and it sucks that medical anything (USA) is shit here and super expensive.My numbers aren’t horrible but I have a ton of issues like neuropathy in arms and legs, eyesight issues if I eat ice cream/cake/etc, brain fog, fatigue, depression, gah!6.6 a1cFasting glucose sits around 140 unless I drink wine with dinner then it’s 116-122On 500mg of metformin for three weeks now but numbers haven’t budged.I have drastically increased fiber and started walking a lot more and cut out dairy which spiked tf out of me and bananas and all simple carbs and cut most animal products.Thanks for ANY advice. At this stage I’ll take whatever you’ve got!!",2026-05-21,https://old.reddit.com/r/diabetes_t2/comments/1tjzvzm/red_wine/,diabetes_t2,"54f 130lbs 5 2 T2 and was sober for months before diagnosis because I thought a glass or two of red wine at night was killing me. Turns out it was my high fat carb diet and bad genetics.I am on an HSA plan so everything I pay is out of pocket until I hit an absurd deductible so no CGM but I m using strips.Every time when I drink a glass of wine with dinner my glucose is better than it s ever been for days it seems.I have been doing research and I m a bit lost because everything says my liver is just prioritizing the alcohol and not releasing glucose but is that how it works? I m so confused about everything and it sucks that medical anything USA is shit here and super expensive.My numbers aren t horrible but I have a ton of issues like neuropathy in arms and legs, eyesight issues if I eat ice cream cake etc, brain fog, fatigue, depression, gah!6.6 a1cFasting glucose sits around 140 unless I drink wine with dinner then it s 116-122On 500mg of metformin for three weeks now but numbers haven t budged.I have drastically increased fiber and started walking a lot more and cut out dairy which spiked tf out of me and bananas and all simple carbs and cut most animal products.Thanks for ANY advice. At this stage I ll take whatever you ve got!!"
Where do you store your diabetes supplies?(),"If you're like me, you try to stock up as best you can in case of emergencies, as well as just to be on the safe side when things fail (and we know they do). That leaves me with a lot of diabetes supplies, especially because of all the medical waste (which is obviously necessary for the most part for safety and cleanliness).With that said, where do you guys store your supplies?For me, my backups are stored in my closet, and my daily use items are stored in my kitchen near my cupboard (first floor, easy access for when I'm running in and out of the house).",2026-05-21,https://old.reddit.com/r/diabetes_t2/comments/1tjxb4m/where_do_you_store_your_diabetes_supplies/,diabetes_t2,"If you're like me, you try to stock up as best you can in case of emergencies, as well as just to be on the safe side when things fail and we know they do . That leaves me with a lot of diabetes supplies, especially because of all the medical waste which is obviously necessary for the most part for safety and cleanliness .With that said, where do you guys store your supplies?For me, my backups are stored in my closet, and my daily use items are stored in my kitchen near my cupboard first floor, easy access for when I'm running in and out of the house ."
Glucose monitoring,"I'm newly diagnosed and began testing my sugars while awaiting my endocrinologist appointment. It's 6 months away 🙃. I'm not on medication as metformin caused severe stomach pain, but I did meet with a nutritionist who gave me a plan on how to eat. Today my fasting was 126 and 2 hours after lunch was 124. I haven't had any counseling on what good goal ranges are and unsure what numbers are good? All I know that when I first started tracking, my fasting was in the 140s and post meals 150/160s. The changes I made are definately working but I don't know where I should be.",2026-05-21,https://old.reddit.com/r/diabetes_t2/comments/1tjufen/glucose_monitoring/,diabetes_t2,"I'm newly diagnosed and began testing my sugars while awaiting my endocrinologist appointment. It's 6 months away . I'm not on medication as metformin caused severe stomach pain, but I did meet with a nutritionist who gave me a plan on how to eat. Today my fasting was 126 and 2 hours after lunch was 124. I haven't had any counseling on what good goal ranges are and unsure what numbers are good? All I know that when I first started tracking, my fasting was in the 140s and post meals 150 160s. The changes I made are definately working but I don't know where I should be."
Is testing closer to 3 hours after eating giving inaccurate results?,"Hello. I sadly got diagnosed almost exactly a week ago. I got a finger stick kit and have been trying to test at one hour and two hours after eating.I know that they say two hours is an important metric, but a few times I’ve gotten busy at work (especially after breakfast) and have been unable to test until ~3 hours out. Is that still accurate for post meal testing?",2026-05-21,https://old.reddit.com/r/diabetes_t2/comments/1tjqile/is_testing_closer_to_3_hours_after_eating_giving/,diabetes_t2,"Hello. I sadly got diagnosed almost exactly a week ago. I got a finger stick kit and have been trying to test at one hour and two hours after eating.I know that they say two hours is an important metric, but a few times I ve gotten busy at work especially after breakfast and have been unable to test until 3 hours out. Is that still accurate for post meal testing?"
Oh god I miss the starch sticks(i.redd.it),After making fun of the folks who buy Almond Milk...I have become one of you...,2026-05-21,https://old.reddit.com/r/diabetes_t2/comments/1tjjybf/oh_god_i_miss_the_starch_sticks/,diabetes_t2,After making fun of the folks who buy Almond Milk...I have become one of you...
Soft Diet,"Hey,I’m hoping someone can help me. I was diagnosed type 2 a few years ago (currently on alogliptin but it’s making me incredibly nauseous). I’m really struggling with depression after having all of my teeth removed (7 years of dentures making me vomit and are intolerable, dentist can’t help).  & so looking after myself has been very much sidelined and I haven’t changed my diet at all since diagnosis other than cutting out fizzy drinks. I also have quite severe anaemia (on medication for this) - I need to focus on my diet and losing weight but without teeth it’s incredibly difficult chewing, I can’t eat anything such as chewy meat (steak, pork etc), leafy greens or salad greens, anything too slippery, crunchy (nuts etc), my diet is very limited and restricted to soft foods but I’m finding a lot of these are unhealthy or too carb heavy (mashed potato, pasta, bread). Does anyone have any kind of meal ideas that can help get my levels more under control and shift a bit of weight?",2026-05-21,https://old.reddit.com/r/diabetes_t2/comments/1tjgro8/soft_diet/,diabetes_t2,"Hey,I m hoping someone can help me. I was diagnosed type 2 a few years ago currently on alogliptin but it s making me incredibly nauseous . I m really struggling with depression after having all of my teeth removed 7 years of dentures making me vomit and are intolerable, dentist can t help . so looking after myself has been very much sidelined and I haven t changed my diet at all since diagnosis other than cutting out fizzy drinks. I also have quite severe anaemia on medication for this - I need to focus on my diet and losing weight but without teeth it s incredibly difficult chewing, I can t eat anything such as chewy meat steak, pork etc , leafy greens or salad greens, anything too slippery, crunchy nuts etc , my diet is very limited and restricted to soft foods but I m finding a lot of these are unhealthy or too carb heavy mashed potato, pasta, bread . Does anyone have any kind of meal ideas that can help get my levels more under control and shift a bit of weight?"
Blood sugar level was 110 an hour after eating pancakes and sugar free syrup,"Is this bad ? I felt really sleepy after eating them .I had three small pancakes with sugar free syrup.Another question I had , should I do away with almost all packaged food? Sometimes I don't feel like cooking from scratch and that shit is expensive so sometimes I eat a frozen pizza or tv dinner.What range should my blood sugar be in an hour after eating ?",2026-05-21,https://old.reddit.com/r/diabetes_t2/comments/1tjdyxr/blood_sugar_level_was_110_an_hour_after_eating/,diabetes_t2,"Is this bad ? I felt really sleepy after eating them .I had three small pancakes with sugar free syrup.Another question I had , should I do away with almost all packaged food? Sometimes I don't feel like cooking from scratch and that shit is expensive so sometimes I eat a frozen pizza or tv dinner.What range should my blood sugar be in an hour after eating ?"
Newly diagnosed and depressed.,"Hello.Im 45. Female.I have cerebral palsy and for years my doctors blamed everything on my Cerebral palsy.   Anxiety?  Well you have CP.  Any issue was. ""Well. You have CP.""I finally got a new doctor after moving and she found that I have type 2 diabetes.   As well as low iron and PCOS.I had suspected PCOS for years but my then doctor and my gyno all said no.  I have regular cycles so I couldn't possibly have PCOS.How wrong they were.Im so disappointed with myself for not changing doctors.  For not demanding answers and not just taking my doctors at their word.But I didn't.   And now my life is finger pricking and diabetes.Im too much of a chicken to prick my finger yet. ( i just got my monitor today along with my diagnosis.)I just feel so overwhelmed and hurt and angry at myself.   Thanks for letting me vent.",2026-05-21,https://old.reddit.com/r/diabetes_t2/comments/1tj79fu/newly_diagnosed_and_depressed/,diabetes_t2,"Hello.Im 45. Female.I have cerebral palsy and for years my doctors blamed everything on my Cerebral palsy. Anxiety? Well you have CP. Any issue was. ""Well. You have CP.""I finally got a new doctor after moving and she found that I have type 2 diabetes. As well as low iron and PCOS.I had suspected PCOS for years but my then doctor and my gyno all said no. I have regular cycles so I couldn't possibly have PCOS.How wrong they were.Im so disappointed with myself for not changing doctors. For not demanding answers and not just taking my doctors at their word.But I didn't. And now my life is finger pricking and diabetes.Im too much of a chicken to prick my finger yet. i just got my monitor today along with my diagnosis. I just feel so overwhelmed and hurt and angry at myself. Thanks for letting me vent."
Supporting Someone with a New Diagnosis(),"Hello!I work in a small office, there are 4 of us. We are quite close as far as people you work with go. Just to clarify in advance, this absolutely is someone who would want this type of support and interaction.One of my employees has struggled with their health for a while. I would never ask questions, but they volunteer stuff sometimes and I try to be supportive. This person loves treats and surprises, and over the 5 years we have worked together I have frequently brought them things when I come in (favorite fruit, drinks, coffee, baked goods, juice, candy). Today, they let me know they just found out they had type 2 diabetes and they specifically mentioned they were sad that they wouldn't be able to have the treats I bring in.Obviously I can ask them what they want, but they really enjoy the surprises and I don't want to take that away from them! I'm looking for suggestions. They don't even know what type of things they are interested in, as they're saying they're going to have to completely change their diet. I'm interested in suggestions of T2D friendly things they might like to try. That would be mostly caffeinated beverages and premade snacks you can buy at the store, although I do occasionally bake as well. There are of course obvious things but I'm sure there are also niche things that people discover.I'm also open to anything an employer could do to be supportive in this situation.  In the past, they have asked for support in lifestyle changes which I have happily accommodated but I'm sure there are more. For example, they spoke about being concerned that sitting at a desk all day could be contributing to their issues and we found some more active tasks that could be done if they felt up for it.",2026-05-21,https://old.reddit.com/r/diabetes_t2/comments/1tj4wcz/supporting_someone_with_a_new_diagnosis/,diabetes_t2,"Hello!I work in a small office, there are 4 of us. We are quite close as far as people you work with go. Just to clarify in advance, this absolutely is someone who would want this type of support and interaction.One of my employees has struggled with their health for a while. I would never ask questions, but they volunteer stuff sometimes and I try to be supportive. This person loves treats and surprises, and over the 5 years we have worked together I have frequently brought them things when I come in favorite fruit, drinks, coffee, baked goods, juice, candy . Today, they let me know they just found out they had type 2 diabetes and they specifically mentioned they were sad that they wouldn't be able to have the treats I bring in.Obviously I can ask them what they want, but they really enjoy the surprises and I don't want to take that away from them! I'm looking for suggestions. They don't even know what type of things they are interested in, as they're saying they're going to have to completely change their diet. I'm interested in suggestions of T2D friendly things they might like to try. That would be mostly caffeinated beverages and premade snacks you can buy at the store, although I do occasionally bake as well. There are of course obvious things but I'm sure there are also niche things that people discover.I'm also open to anything an employer could do to be supportive in this situation. In the past, they have asked for support in lifestyle changes which I have happily accommodated but I'm sure there are more. For example, they spoke about being concerned that sitting at a desk all day could be contributing to their issues and we found some more active tasks that could be done if they felt up for it."
Why are my numbers seemingly getting worse when I’ve added more workouts and have lost more weight?,"Previously I was working out 3 days a week bc I had a foot injury and even just walking was painful. I’ve rehabbed my foot and have added more workouts, walking 3 miles per day now and going to Pilates 2-3 days a week as well. More active than I have been in the past 7 months since I have way less pain now. So why are my numbers looking worse? I was getting 150-154 readings and now this week they’re more like 167–173 ish. This disease is baffling and I’m sick of it.",2026-05-20,https://old.reddit.com/r/diabetes_t2/comments/1tj3hnt/why_are_my_numbers_seemingly_getting_worse_when/,diabetes_t2,"Previously I was working out 3 days a week bc I had a foot injury and even just walking was painful. I ve rehabbed my foot and have added more workouts, walking 3 miles per day now and going to Pilates 2-3 days a week as well. More active than I have been in the past 7 months since I have way less pain now. So why are my numbers looking worse? I was getting 150-154 readings and now this week they re more like 167 173 ish. This disease is baffling and I m sick of it."
Mounjaro and insulin,Does anyone on here take mounjaro and insulin?If so how do you get on with it.,2026-05-20,https://old.reddit.com/r/diabetes_t2/comments/1tj2i3d/mounjaro_and_insulin/,diabetes_t2,Does anyone on here take mounjaro and insulin?If so how do you get on with it.
inserting new CGM sensor day affter tetniss shot,"I went for my anual wellniss visit yesterday. While there, I got a tetniss shot in my right arm. My Dexcom sensor expired a few hours ago, but I was on a Zoom call at the time nd couldn't replace it. I need to insert the new sensor into my right arm, the same one they gave me the tetniss shot in. Is it okay to insert the sensor a day after getting a tetniss shot?",2026-05-20,https://old.reddit.com/r/diabetes_t2/comments/1tj22zb/inserting_new_cgm_sensor_day_affter_tetniss_shot/,diabetes_t2,"I went for my anual wellniss visit yesterday. While there, I got a tetniss shot in my right arm. My Dexcom sensor expired a few hours ago, but I was on a Zoom call at the time nd couldn't replace it. I need to insert the new sensor into my right arm, the same one they gave me the tetniss shot in. Is it okay to insert the sensor a day after getting a tetniss shot?"
"Frustrated by food, blood sugar, mental health, and everything between","Hello. I have had T2 diabetes for a while now and have been working on things like eating better and moving more. I don't prick my fingers because it triggers the temptation to self-harm. My doctor knows this and has been fine with this. My doctor recently introduced me to the Freestyle Libre program where I can get 2 sensors a month for $75 since my insurance won't cover them unless I'm on insulin. Now I'm able to see better what foods really skyrocket my blood sugar and that sort of thing.On top of T2 diabetes, I have several mental illnesses, including Dissociative Identity Disorder (formerly multiple personalities). Having DID means that I have parts who can simply take control of the body and eat what they want. It also means that I have parts that are under the age of 10 - several of them are 4 and under. This plays havoc with the average age of my palate and what we like to eat. I'm also neurodivergent and have problems with textures. On top of it all, I have chronic fatigue which puts a limit on how much exercise I can do without putting myself in bed for 3 days. I currently do some walking, but I can't do too much or then I can't get outta bed. It's frustrating.  Someone said walking 10K a day helps them keep their sugar in line. I'm happy if I consistently get 1200 steps in a day thanks to chronic fatigue.My A1c went up a little in February from 7.5 to 8.4. I knew it was going to go up based on some family health issues & me being overwhelmed from caregiving that occurred toward the end of 2025. I actually thought I got off easy. I expected it to possibly even hit 9 as for about 5-6 weeks I was living on sugar and caffeine. It was the only way to do everything I had to do at home and still stay awake at work.  Since February, we have been really working on eating better. Most of our DID parts have been working together to do this. However, we're having trouble with which things make our blood sugar go up or down. It seems like the only time our sugar is ""in range"" (70-180) is first thing in the morning and if we haven't eaten anything in more than 4 hours.I have always been a huge fruit person. Apples, canteloupe, grapes, berries, cherries, bananas and more. In the summer I practically live on fruit. And now we're realizing that we can't eat as much fruit because it skyrockets the sugar. It's been really hard on us. We use the terms ""growing foods"" and ""just because foods"" so there is no morality to food. Being that fruit is a ""growing"" food, my little ones don't understand why they can't eat it more. They really like grapes and apples and canteloupe. Many of them are very little - 4 and under. They just don't understand.My doctor says ""You can eat all the vegetables you want"". With 9 DID parts under the age of 10, plus serious aversions to textures, that sentence holds no joy for us.  We're trying. There are a few veggies we like, but even those aren't easy to eat a lot. Carrots cut into matchsticks or chips are okay, but baby carrots and regular carrot sticks are ""too crunchy"". Red bell peppers are okay - but not the other colors. Cucumbers are hit or miss. Mushrooms are hit or miss. Sugar snap peas raw are okay in small numbers, but not a favorite. Tomatoes I'm super picky on type and juice ratio.  I've tried bribing the little ones to eat the veggies with M&Ms (i.e. eat 7 peapods and get 5 M&Ms type thing). It doesn't work. I've tried several different types of treats and none of them entices the kiddos to eat the veggies. So, I eat the veggies, but they aren't my favorite either so I have to force myself to choose veggies.Having the CGM and knowing my sugar levels better now and being able to see what makes it go higher/lower was supposed to make choosing foods to eat easier. So far all it's done is taken all the joy out of eating. It's just a chore now. I feel like I must stuff something in so the body has fuel - yippie.  More times than not, we just end up not eating much. I know that's not a great solution, but we feel pretty hopeless about it all at this point.I'm hoping maybe some of you have helpful, gentle advice you can give.",2026-05-20,https://old.reddit.com/r/diabetes_t2/comments/1tj1pig/frustrated_by_food_blood_sugar_mental_health_and/,diabetes_t2,"Hello. I have had T2 diabetes for a while now and have been working on things like eating better and moving more. I don't prick my fingers because it triggers the temptation to self-harm. My doctor knows this and has been fine with this. My doctor recently introduced me to the Freestyle Libre program where I can get 2 sensors a month for 75 since my insurance won't cover them unless I'm on insulin. Now I'm able to see better what foods really skyrocket my blood sugar and that sort of thing.On top of T2 diabetes, I have several mental illnesses, including Dissociative Identity Disorder formerly multiple personalities . Having DID means that I have parts who can simply take control of the body and eat what they want. It also means that I have parts that are under the age of 10 - several of them are 4 and under. This plays havoc with the average age of my palate and what we like to eat. I'm also neurodivergent and have problems with textures. On top of it all, I have chronic fatigue which puts a limit on how much exercise I can do without putting myself in bed for 3 days. I currently do some walking, but I can't do too much or then I can't get outta bed. It's frustrating. Someone said walking 10K a day helps them keep their sugar in line. I'm happy if I consistently get 1200 steps in a day thanks to chronic fatigue.My A1c went up a little in February from 7.5 to 8.4. I knew it was going to go up based on some family health issues me being overwhelmed from caregiving that occurred toward the end of 2025. I actually thought I got off easy. I expected it to possibly even hit 9 as for about 5-6 weeks I was living on sugar and caffeine. It was the only way to do everything I had to do at home and still stay awake at work. Since February, we have been really working on eating better. Most of our DID parts have been working together to do this. However, we're having trouble with which things make our blood sugar go up or down. It seems like the only time our sugar is ""in range"" 70-180 is first thing in the morning and if we haven't eaten anything in more than 4 hours.I have always been a huge fruit person. Apples, canteloupe, grapes, berries, cherries, bananas and more. In the summer I practically live on fruit. And now we're realizing that we can't eat as much fruit because it skyrockets the sugar. It's been really hard on us. We use the terms ""growing foods"" and ""just because foods"" so there is no morality to food. Being that fruit is a ""growing"" food, my little ones don't understand why they can't eat it more. They really like grapes and apples and canteloupe. Many of them are very little - 4 and under. They just don't understand.My doctor says ""You can eat all the vegetables you"
Metformin ER,"Hi i just was diagnosed with t2 diabetes less than a month ago. My a1C was 11.1. Blood sugars were in the 300s close to 400s. I had no idea. Not sure how long its been that way as I never had the most common symptoms.My doctor started me on metformin 500mg 2x a day extended release. My blood sugar levels are now what she categorize as ""predibetic levels"".  First i did 1 dose for first week then double dose on 2nd week.I space dosages out by 8 to 10 hours because taking them too close caused stomach cramping. I had maybe 1 or 2 cases of diarrhea the 2nd week. Now im in my 4th week and its like multiple trips to bathroom for smelly diarrhea.Does it get better? Im really trying to give this medication a chance because its been around a long time and my numbers have dropped. I had vision problems when I first started but now my vision is back 20/20. My doctor offered the shots ozempric etc but I read about the common side effects and rapid weight loss and decided to try the metformin.I have changed my diet. Cut out sugary drinks, low carbs (under 50) and drink more water.",2026-05-20,https://old.reddit.com/r/diabetes_t2/comments/1tj0vq6/metformin_er/,diabetes_t2,"Hi i just was diagnosed with t2 diabetes less than a month ago. My a1C was 11.1. Blood sugars were in the 300s close to 400s. I had no idea. Not sure how long its been that way as I never had the most common symptoms.My doctor started me on metformin 500mg 2x a day extended release. My blood sugar levels are now what she categorize as ""predibetic levels"". First i did 1 dose for first week then double dose on 2nd week.I space dosages out by 8 to 10 hours because taking them too close caused stomach cramping. I had maybe 1 or 2 cases of diarrhea the 2nd week. Now im in my 4th week and its like multiple trips to bathroom for smelly diarrhea.Does it get better? Im really trying to give this medication a chance because its been around a long time and my numbers have dropped. I had vision problems when I first started but now my vision is back 20 20. My doctor offered the shots ozempric etc but I read about the common side effects and rapid weight loss and decided to try the metformin.I have changed my diet. Cut out sugary drinks, low carbs under 50 and drink more water."
Metformin Questions,"I've been on metformin for 6 months now, taking 1000mg. My glucose stays around 85 - 120. Great. I try to eat pretty strict keto and eat almost zero sugar. Great.But like, what is the end goal here. Can i eat fruit if it doesnt kick my glucose up too much? Should i not eat fruit? Am i trying to flat-line my glucose at 100 (or whatever) with no drugs? Are we all trying to get all the way off drugs like metformin and manage type 2 without?Thanks!",2026-05-20,https://old.reddit.com/r/diabetes_t2/comments/1tiz8uf/metformin_questions/,diabetes_t2,"I've been on metformin for 6 months now, taking 1000mg. My glucose stays around 85 - 120. Great. I try to eat pretty strict keto and eat almost zero sugar. Great.But like, what is the end goal here. Can i eat fruit if it doesnt kick my glucose up too much? Should i not eat fruit? Am i trying to flat-line my glucose at 100 or whatever with no drugs? Are we all trying to get all the way off drugs like metformin and manage type 2 without?Thanks!"
Sugar Free Fiber Chewies?,"I'm on Mojarro and it has given me chronic constipation. I started eating those Grunns fiber and ""greens"" gummies-- bad bad idea as they caused a serious spike. But I really liked what they did for my digestion so I tried the sugar-free formula and I think it still caused a spike although that may be because I didn't take the dose with any food.Do you have any fiber gummies or something else that isn't disgusting that you're taking for  GLP-1 constipation? Thanks, team.",2026-05-20,https://old.reddit.com/r/diabetes_t2/comments/1tixnfd/sugar_free_fiber_chewies/,diabetes_t2,"I'm on Mojarro and it has given me chronic constipation. I started eating those Grunns fiber and ""greens"" gummies-- bad bad idea as they caused a serious spike. But I really liked what they did for my digestion so I tried the sugar-free formula and I think it still caused a spike although that may be because I didn't take the dose with any food.Do you have any fiber gummies or something else that isn't disgusting that you're taking for GLP-1 constipation? Thanks, team."
Hero bagel BEFORE my weekly shot(i.redd.it),"Here’s my response to a plain (flavor) Hero brand bagel with cream cheese! I forget to take my mounjaro first thing, and didn’t take it until 11:30AM, so this is absolutely doable! (The blip before is coffee.)",2026-05-20,https://old.reddit.com/r/diabetes_t2/comments/1tix86k/hero_bagel_before_my_weekly_shot/,diabetes_t2,"Here s my response to a plain flavor Hero brand bagel with cream cheese! I forget to take my mounjaro first thing, and didn t take it until 11 30AM, so this is absolutely doable! The blip before is coffee."
"Anyway, here's what I wish someone had told me.","The first thing I figured out was never eat carbs alone. Sounds obvious in retrospect but nobody said it to me directly. A banana by itself sends me past 180. Same banana with two tablespoons of almond butter and I barely move. I remember standing in my kitchen genuinely shocked the first time I saw that. Fat or protein with every carb, every time, no exceptions.Walking after dinner was the other one. Not a workout — just around the block. I ran two weeks of alternating walking nights vs. couch nights because I'm the kind of person who doesn't believe something until I've tested it myself. Walking nights were 25-40 points lower at the one-hour mark, consistently.Eat in order was the weird one — vegetables first, protein second, carbs last. Same food, same amounts, just rearranged. I kept thinking it couldn't be real so I tested it more times than I want to admit. It's real.Stress and sleep messed with my numbers more than I expected. I blamed food for everything at first. Then I had a rough week at work — bad sleep, running hot — and my fasting numbers were wrecked every morning despite eating the same things. Cortisol apparently signals your liver to release glucose on its own. Once I understood that, a lot of confusing readings started making sense.Last thing: check the arrow first, number second. A 160 trending down is a completely different situation than a 160 trending up. Used to just see 160 and feel bad. Now I look at where it's going before I react.",2026-05-20,https://old.reddit.com/r/diabetes_t2/comments/1tix3ri/anyway_heres_what_i_wish_someone_had_told_me/,diabetes_t2,"The first thing I figured out was never eat carbs alone. Sounds obvious in retrospect but nobody said it to me directly. A banana by itself sends me past 180. Same banana with two tablespoons of almond butter and I barely move. I remember standing in my kitchen genuinely shocked the first time I saw that. Fat or protein with every carb, every time, no exceptions.Walking after dinner was the other one. Not a workout just around the block. I ran two weeks of alternating walking nights vs. couch nights because I'm the kind of person who doesn't believe something until I've tested it myself. Walking nights were 25-40 points lower at the one-hour mark, consistently.Eat in order was the weird one vegetables first, protein second, carbs last. Same food, same amounts, just rearranged. I kept thinking it couldn't be real so I tested it more times than I want to admit. It's real.Stress and sleep messed with my numbers more than I expected. I blamed food for everything at first. Then I had a rough week at work bad sleep, running hot and my fasting numbers were wrecked every morning despite eating the same things. Cortisol apparently signals your liver to release glucose on its own. Once I understood that, a lot of confusing readings started making sense.Last thing check the arrow first, number second. A 160 trending down is a completely different situation than a 160 trending up. Used to just see 160 and feel bad. Now I look at where it's going before I react."
Ozempic for type 2,"My diabetes specialist has suggested I try ozempic for lowering my blood sugars.I’m a little on the fence, as I’ve read some studies with some quite negative side effects from it, but also benefits too.For those that have been on it/are currently on it for blood sugar control, what’s your opinion?Any nasty side effects?Was it beneficial for you?",2026-05-20,https://old.reddit.com/r/diabetes_t2/comments/1tisp0u/ozempic_for_type_2/,diabetes_t2,"My diabetes specialist has suggested I try ozempic for lowering my blood sugars.I m a little on the fence, as I ve read some studies with some quite negative side effects from it, but also benefits too.For those that have been on it are currently on it for blood sugar control, what s your opinion?Any nasty side effects?Was it beneficial for you?"
Please help my mom (t2) /w insulin for our trip,"Hello everyone!I would like to ask you guys a few things in connection with insulin and traveling. My mom started insulin again last year, and since we couldn't travel together, I don't have any experience with this on how I could accommodate her.She uses insulin four times a day, fortunately I could get flight tickets that are comfortable with this schedule and that part is fine, but I am wondering how to travel with insulin.She needs a little cooling pad for the insulin bag, but I'm kinda lost here. I read somewhere airport securities usually fine with any of these, but if it's liquid and melts by the time we get to the airport they might throw it out. I also saw some cooling gels might be better, but idk if that counts as a liquid and if they would be strict with it.Could you please share what your experiences with traveling with insulin? And also if you any recommendations on what to buy as a cooling tool.Thanks a lot and I wish you guys good health. ❤️",2026-05-20,https://old.reddit.com/r/diabetes_t2/comments/1tipmrv/please_help_my_mom_t2_w_insulin_for_our_trip/,diabetes_t2,"Hello everyone!I would like to ask you guys a few things in connection with insulin and traveling. My mom started insulin again last year, and since we couldn't travel together, I don't have any experience with this on how I could accommodate her.She uses insulin four times a day, fortunately I could get flight tickets that are comfortable with this schedule and that part is fine, but I am wondering how to travel with insulin.She needs a little cooling pad for the insulin bag, but I'm kinda lost here. I read somewhere airport securities usually fine with any of these, but if it's liquid and melts by the time we get to the airport they might throw it out. I also saw some cooling gels might be better, but idk if that counts as a liquid and if they would be strict with it.Could you please share what your experiences with traveling with insulin? And also if you any recommendations on what to buy as a cooling tool.Thanks a lot and I wish you guys good health."
hba1c 11.6% to 6.9% after first 3 month blood test,"Managed to go from 103 to 52 in 3 months.  Cholesterol is still too high,  but diabetic nurse said if I carry on I might even be able to come off insulin by the next test. Haven't been perfect,  but I've been a lot better than what I was to get myself in such a bad way. Next goal is to double down on diet and exercise, continue to lower my A1C and get my Cholesterol below 5.Hopefully I can come off insulin long term.",2026-05-20,https://old.reddit.com/r/diabetes_t2/comments/1til9jn/hba1c_116_to_69_after_first_3_month_blood_test/,diabetes_t2,"Managed to go from 103 to 52 in 3 months. Cholesterol is still too high, but diabetic nurse said if I carry on I might even be able to come off insulin by the next test. Haven't been perfect, but I've been a lot better than what I was to get myself in such a bad way. Next goal is to double down on diet and exercise, continue to lower my A1C and get my Cholesterol below 5.Hopefully I can come off insulin long term."
Meal prep advice,I'll eat just about anything but depression is at an all time high and I want something that I can eat every day for lunch that takes very little prep and is low carbAny help would be appreciated,2026-05-20,https://old.reddit.com/r/diabetes_t2/comments/1ti9elx/meal_prep_advice/,diabetes_t2,I'll eat just about anything but depression is at an all time high and I want something that I can eat every day for lunch that takes very little prep and is low carbAny help would be appreciated
New Diagnosis Vent,"literally just found this sub and wowgot diagnosed about 3 weeks ago now. went into the clinic for what i thought was just a uti. talked more about how shitty i had been feeling and uncovered that the infection was more than likely caused by the vast amount of glucose in my urine :/ a1c was 11.5 and after hella labs, i was diagnosed with type 2.i’ve just been really depressed about it all tbh bc i feel like it’s all my fault. diabetes runs in my family from great grandparents down to my mom. my grandfather died from complications. my whole life, my mom told me to monitor what i eat and how much sugar i eat because of our history but i didn’t listen. got even worse when i went to college. the pressure of being a first gen and dealing with my mom’s cancer diagnosis and other family issues while i was away was a lot and i did what i‘ve always done - suppress my feelings with food.dude i’m 20 years old with a diabetes diagnosis. i’m 40 lbs overweight and the doctors say with diet modification and exercise, because i’m so young, i can reverse it. i‘m trying but it’s hard and it’s overwhelming. i want to get better and not get even worse. that’s my motivation rn.TW: EDi struggled with a restrictive ED a few years ago and this is all really triggering with that as well.my mom has been supporting me through this because she gets it, but it’s still hard and i don’t want to put all of this on her so ig thats what this vent is for. thanks for taking the time to read this. feel free to like or respond  :)",2026-05-20,https://old.reddit.com/r/diabetes_t2/comments/1ti5gov/new_diagnosis_vent/,diabetes_t2,"literally just found this sub and wowgot diagnosed about 3 weeks ago now. went into the clinic for what i thought was just a uti. talked more about how shitty i had been feeling and uncovered that the infection was more than likely caused by the vast amount of glucose in my urine a1c was 11.5 and after hella labs, i was diagnosed with type 2.i ve just been really depressed about it all tbh bc i feel like it s all my fault. diabetes runs in my family from great grandparents down to my mom. my grandfather died from complications. my whole life, my mom told me to monitor what i eat and how much sugar i eat because of our history but i didn t listen. got even worse when i went to college. the pressure of being a first gen and dealing with my mom s cancer diagnosis and other family issues while i was away was a lot and i did what i ve always done - suppress my feelings with food.dude i m 20 years old with a diabetes diagnosis. i m 40 lbs overweight and the doctors say with diet modification and exercise, because i m so young, i can reverse it. i m trying but it s hard and it s overwhelming. i want to get better and not get even worse. that s my motivation rn.TW EDi struggled with a restrictive ED a few years ago and this is all really triggering with that as well.my mom has been supporting me through this because she gets it, but it s still hard and i don t want to put all of this on her so ig thats what this vent is for. thanks for taking the time to read this. feel free to like or respond"
"Please Help, I am about to lose my mind.","I have type 2 and am 80 lbs overweight.   The last 2 years I have tried to control my diabetes with a very low carb diet.  I have been pretty successful BUT lately I am having such bad heart palps and also metabolic acidosis Dx.  I was told no more keto a while ago and now I dont know what to do.  I have a CGM and am testing foods like beans and apples and Ezekiel bread to see if I can eat low GI without going extremely low carb.  I am so frustrated and close to saying  ""F"" it.  I was on Metformin extended release but my body hates it, I had constant headaches and fatigue.   Does anyone control type 2 with a low GI diet?  Would counting calories so I can JUST lose weight help?  I feel like crying and just giving up.  I have supplemented with all types of and combos of electrolytes.",2026-05-19,https://old.reddit.com/r/diabetes_t2/comments/1ti414j/please_help_i_am_about_to_lose_my_mind/,diabetes_t2,"I have type 2 and am 80 lbs overweight. The last 2 years I have tried to control my diabetes with a very low carb diet. I have been pretty successful BUT lately I am having such bad heart palps and also metabolic acidosis Dx. I was told no more keto a while ago and now I dont know what to do. I have a CGM and am testing foods like beans and apples and Ezekiel bread to see if I can eat low GI without going extremely low carb. I am so frustrated and close to saying ""F"" it. I was on Metformin extended release but my body hates it, I had constant headaches and fatigue. Does anyone control type 2 with a low GI diet? Would counting calories so I can JUST lose weight help? I feel like crying and just giving up. I have supplemented with all types of and combos of electrolytes."
Fasting glucose level test,"Are fasting glucose level tests accurate?  I fasted about 13 hrs overnight.  Only 1 cup black coffee for breakfast.  My fasting glucose test was 138 testing at the doctor's office, result in 10 mins.  My understanding is up to 99 is normal.  Test considered abnormal.My a1c was 5.5.  I take metformin and glipizide.  Thoughts,  questions?  Thank you.",2026-05-19,https://old.reddit.com/r/diabetes_t2/comments/1ti1jj5/fasting_glucose_level_test/,diabetes_t2,"Are fasting glucose level tests accurate? I fasted about 13 hrs overnight. Only 1 cup black coffee for breakfast. My fasting glucose test was 138 testing at the doctor's office, result in 10 mins. My understanding is up to 99 is normal. Test considered abnormal.My a1c was 5.5. I take metformin and glipizide. Thoughts, questions? Thank you."
A1cs after 6 months(i.redd.it),"Tbh I’ve kind of fell off I’ve been eating terrible these last 6 months like bing eating cookies, cakes, sugary drinks, candies and any fast food you can think of. But somehow my a1cs have managed to fall good for me I guess😭.",2026-05-19,https://old.reddit.com/r/diabetes_t2/comments/1ti0tr5/a1cs_after_6_months/,diabetes_t2,"Tbh I ve kind of fell off I ve been eating terrible these last 6 months like bing eating cookies, cakes, sugary drinks, candies and any fast food you can think of. But somehow my a1cs have managed to fall good for me I guess ."
Walmart Keto Bread Spikes my BS,"Has anyone else experienced large spikes from Wal-Mart's so called ketone bread? My blood sugar was 88 mg/dL before eating 3 eggs and one butt slice of their white keto bread. An hour after finishing, my levels are at 136 mg/dL. I don't have a CGM so I'm going off finger pricks.",2026-05-19,https://old.reddit.com/r/diabetes_t2/comments/1thsddo/walmart_keto_bread_spikes_my_bs/,diabetes_t2,"Has anyone else experienced large spikes from Wal-Mart's so called ketone bread? My blood sugar was 88 mg dL before eating 3 eggs and one butt slice of their white keto bread. An hour after finishing, my levels are at 136 mg dL. I don't have a CGM so I'm going off finger pricks."
Is 200 bad?,Is 200 bad to get up to if it’s just once every couple of weeks? I ate a chilli cheeseburger a few weeks ago and mornings I’m at 75-95. Am I setting myself up for failure?,2026-05-19,https://old.reddit.com/r/diabetes_t2/comments/1threic/is_200_bad/,diabetes_t2,Is 200 bad to get up to if it s just once every couple of weeks? I ate a chilli cheeseburger a few weeks ago and mornings I m at 75-95. Am I setting myself up for failure?
Spike in fasting,"Hello folks, I am new to sudden diabetes diagnosis. I had no symptoms but learnt that had a1c of 11. 3 weeks ago I started taking metformin and it was nice on 1000mg with diet and life style changes I was able to drop to 126 fasting. But today I am worried because out of no where my fasting today is 160. Only thing extra I had was chai around 10 pm. Also I noticed it didn't move since last night of 158. Are these spikes normal or should I contact my pcp to increase the dose ?",2026-05-19,https://old.reddit.com/r/diabetes_t2/comments/1thq8q3/spike_in_fasting/,diabetes_t2,"Hello folks, I am new to sudden diabetes diagnosis. I had no symptoms but learnt that had a1c of 11. 3 weeks ago I started taking metformin and it was nice on 1000mg with diet and life style changes I was able to drop to 126 fasting. But today I am worried because out of no where my fasting today is 160. Only thing extra I had was chai around 10 pm. Also I noticed it didn't move since last night of 158. Are these spikes normal or should I contact my pcp to increase the dose ?"
Still stable after 6mo from my last test,https://preview.redd.it/uhs7c8na142h1.png?width=1326&format=png&auto=webp&s=417ecb4a5913b4e3f2dcd8fc0d281ab8a0d13817started at 9.4 had 2x 3 month followups 5.4 and 5.5. then went over 6 months.... still rocking a 5.5! so happy!,2026-05-19,https://old.reddit.com/r/diabetes_t2/comments/1thpwr7/still_stable_after_6mo_from_my_last_test/,diabetes_t2,at 9.4 had 2x 3 month followups 5.4 and 5.5. then went over 6 months.... still rocking a 5.5! so happy!
First follow up,Had my first follow up since diagnosis - 90 days - have dropped from 8.5 to 5.7.  I know these are great numbers but deep down- I think I wanted to be told that I have miraculously cured myself.,2026-05-19,https://old.reddit.com/r/diabetes_t2/comments/1thokbz/first_follow_up/,diabetes_t2,Had my first follow up since diagnosis - 90 days - have dropped from 8.5 to 5.7. I know these are great numbers but deep down- I think I wanted to be told that I have miraculously cured myself.
Stopping ozempic due to pregnancy,"Hello all! As the title states, I am pregnant and have to stop taking my medication. My current A1C is 5.8, and since being on , I’ve gone from 263 lbs to 230 lbs.I’m worried that once the medication is fully out of my system, my A1C will start to climb again. Has anyone experienced this?TIA !",2026-05-19,https://old.reddit.com/r/diabetes_t2/comments/1thnq77/stopping_ozempic_due_to_pregnancy/,diabetes_t2,"Hello all! As the title states, I am pregnant and have to stop taking my medication. My current A1C is 5.8, and since being on , I ve gone from 263 lbs to 230 lbs.I m worried that once the medication is fully out of my system, my A1C will start to climb again. Has anyone experienced this?TIA !"
Neurodivergent and struggling with bs management,"TLDR; For folks out there who are neurodivergent & diabetic, what do you do to make your life easier when it comes to food? How do you manage to still eat well or just eat at all when life feels like a distraction or just straight up overwhelming?——Hello! On mobile so apologies for any weird formatting. I am currently working on lowering my A1C as it has recently spiked after many months of mismanagement. Taking this as a wake up call to do some actual adjusting to exercise and diet.Personally, I’m decently active but need more dedicated time to move intentionally (usually in the 7-10k steps a day during the week). And I have decent stamina when I go to the gym. While some aches and pains can slow me down at times, getting activity and movement into my day has been manageable.What I struggle with however, is food. I get too overwhelmed at the prospect of cooking most nights and end up gravitating towards things that are premade/not really good for me or my body. That or I don’t eat at all. My fatigue has been really bad recently and that doesn’t help me when it’s time to get some food in my body. I go through phases too where I would rather not eat a single thing and just go sleep, which I don’t know that it is ideal to put my body through so much chaos. Uncertain how this has been impacting my bs on the daily as I only check my bs in the mornings as per my doctor’s orders.I guess I just feel like eating right has always eluded me because I’ve also dealt with binge eating disorder to help regulate my emotions. Now that I am not really using food to cope/I am far more aware if I am, food is just a chore that I have come to dread. Does anyone have any advice for what they do to make sure they are still eating well, but working with their brains to make it easier?There have been other things that my adhd/neurodivergence has gotten in the way of, but I have figured out little ways to be more successful like carrying a little container of my medication with me just in case I forget when running out the door in the morning. Carrying gum with me to provide stimulation in moments of boredom so I don’t just reach for foods I don’t need/aren’t good for me. It’s not fool proof, but it helps keep me on track. Always open to hearing more tips and tricks to making this process easier!",2026-05-19,https://old.reddit.com/r/diabetes_t2/comments/1thbs6v/neurodivergent_and_struggling_with_bs_management/,diabetes_t2,"TLDR For folks out there who are neurodivergent diabetic, what do you do to make your life easier when it comes to food? How do you manage to still eat well or just eat at all when life feels like a distraction or just straight up overwhelming? Hello! On mobile so apologies for any weird formatting. I am currently working on lowering my A1C as it has recently spiked after many months of mismanagement. Taking this as a wake up call to do some actual adjusting to exercise and diet.Personally, I m decently active but need more dedicated time to move intentionally usually in the 7-10k steps a day during the week . And I have decent stamina when I go to the gym. While some aches and pains can slow me down at times, getting activity and movement into my day has been manageable.What I struggle with however, is food. I get too overwhelmed at the prospect of cooking most nights and end up gravitating towards things that are premade not really good for me or my body. That or I don t eat at all. My fatigue has been really bad recently and that doesn t help me when it s time to get some food in my body. I go through phases too where I would rather not eat a single thing and just go sleep, which I don t know that it is ideal to put my body through so much chaos. Uncertain how this has been impacting my bs on the daily as I only check my bs in the mornings as per my doctor s orders.I guess I just feel like eating right has always eluded me because I ve also dealt with binge eating disorder to help regulate my emotions. Now that I am not really using food to cope I am far more aware if I am, food is just a chore that I have come to dread. Does anyone have any advice for what they do to make sure they are still eating well, but working with their brains to make it easier?There have been other things that my adhd neurodivergence has gotten in the way of, but I have figured out little ways to be more successful like carrying a little container of my medication with me just in case I forget when running out the door in the morning. Carrying gum with me to provide stimulation in moments of boredom so I don t just reach for foods I don t need aren t good for me. It s not fool proof, but it helps keep me on track. Always open to hearing more tips and tricks to making this process easier!"
Dexcom G7 Failures?,"Got a Dexcom G7 prescribed and been using for about two months now. When it works it’s been a great tool, but in that time I have had 3 units fail on me with potentially another one happening now.Usually happens within first 3 days, most during first 48 hours after alerting me to non-existent low sugar warnings. I typically alternate between back of each arm and use an alcohol swab to clean area before applying.Anybody had similar issues. Considering switching to another CSM. Appreciate any advice.",2026-05-19,https://old.reddit.com/r/diabetes_t2/comments/1th6a8o/dexcom_g7_failures/,diabetes_t2,"Got a Dexcom G7 prescribed and been using for about two months now. When it works it s been a great tool, but in that time I have had 3 units fail on me with potentially another one happening now.Usually happens within first 3 days, most during first 48 hours after alerting me to non-existent low sugar warnings. I typically alternate between back of each arm and use an alcohol swab to clean area before applying.Anybody had similar issues. Considering switching to another CSM. Appreciate any advice."
Somnolence,"Formerly ""pre-diabetic"" controlled well with diet and exercise.  That all changed this winter.  AM fasting was 200's.  I'm waiting for doctor appointment in a few weeks.  I've cut my carbs down to 5 grams for each of my two daily meals and my fasting glucose is hovering at 120.My question is this:  has anyone else experienced extreme sleepiness, fatigue, etc when glucose levels normalize?  Could it be a side affect of insulin production?",2026-05-18,https://old.reddit.com/r/diabetes_t2/comments/1th5ofz/somnolence/,diabetes_t2,"Formerly ""pre-diabetic"" controlled well with diet and exercise. That all changed this winter. AM fasting was 200's. I'm waiting for doctor appointment in a few weeks. I've cut my carbs down to 5 grams for each of my two daily meals and my fasting glucose is hovering at 120.My question is this has anyone else experienced extreme sleepiness, fatigue, etc when glucose levels normalize? Could it be a side affect of insulin production?"
Hero seeded bread,Does hero seeded bread spike your insulin? What has been your experience with it?,2026-05-18,https://old.reddit.com/r/diabetes_t2/comments/1th5bkf/hero_seeded_bread/,diabetes_t2,Does hero seeded bread spike your insulin? What has been your experience with it?
A1C t2 diabetes with endurance athletes,"Endurance athletes having a higher A1C has been getting a good deal of press lately. There are loads of articles with a quick search. So, I can read about the reasons why A1C is sometimes not as perfect as may be thought, and that athletes can have higher A1C numbers.But my question is, as an endurance athlete, if my A1C is higher due to the reasons caused by the athleticism, what's this mean in real terms. Is it simply a high A1C  or is it artificially elevated over what it may ""really"" be due to the athleticism? is the number the number no matter what and I should be treated for that number?  Hopefully the smarties here know what I mean with this question.  If the answer is it could be artificially elevated, what would be the corollary test to try to get a more accurate number?",2026-05-18,https://old.reddit.com/r/diabetes_t2/comments/1th57kd/a1c_t2_diabetes_with_endurance_athletes/,diabetes_t2,"Endurance athletes having a higher A1C has been getting a good deal of press lately. There are loads of articles with a quick search. So, I can read about the reasons why A1C is sometimes not as perfect as may be thought, and that athletes can have higher A1C numbers.But my question is, as an endurance athlete, if my A1C is higher due to the reasons caused by the athleticism, what's this mean in real terms. Is it simply a high A1C or is it artificially elevated over what it may ""really"" be due to the athleticism? is the number the number no matter what and I should be treated for that number? Hopefully the smarties here know what I mean with this question. If the answer is it could be artificially elevated, what would be the corollary test to try to get a more accurate number?"
From 6.8 to 5.8 in 3.5 months,"Just wanna share my story here. Got diagnosed with type 2 late January this year, here with an HBA1c of 6.8. It was discovered through a routine lab test, I thought i just had an UTI but I knew there’s something wrong with my body. Ive been peeing alot and there’s this chronic numbness on my hands, so I had a urinalysis which came back with a glucose4+ which terrified me and devastated me like most of you.For context, I am 35m slightly active lifestyle but have been overweight for almost a decade. I have been playing sports, walking and do go to the gym but I must say that I do have a fairly bad diet.Last year was a difficult year for me. I was extremely stressed, gets insomnia from time to time, extremely bad diet and gained 8kg. Not gonna bore you with deets but fast forward today I just got the result from my lab it came down to hba1c of 5.8, FBS from 124 to 105, sgpt is now normal, uric acid is just a hair above normal. I also made a risky decision to just do this by purely altering my lifestyle without the help of any drugs (my endo recommended metformin).The things I changed were increasing my strength training from 2-3x a week to 6x /week, play basketball 2-3x /week, up the volume of my steps to 8k-15k almost every day, takes magnesium glycinate to help with sleep and stress, i also tried to do fasting for 40hours but it just doesnt work for me since my activity is high and the risk of hypo.My diet is I think the keypart of my journey. I dont eat fast food anymore.introduced a lot of fiber and protein to my diet although I still eat carbs like 1/2-3/4 cup of rice but I always pair them with good portion of protein, healthy fats and fiber. Chia seeds, sourdough and kimchi were game changer for me.Muscles are now significantly visible, lost 9kg, waistline from 40” to now 35.8”, leaner face, better performance on the court, not sluggish, no more snoring, better after meal glucose (1hr spike is 120s - 160s but 2nd hour returns to baseline 90s - 100s).I know this is just a start and have long ways to go but I am just happy about this small progress of mine!",2026-05-18,https://old.reddit.com/r/diabetes_t2/comments/1tgv3mt/from_68_to_58_in_35_months/,diabetes_t2,"Just wanna share my story here. Got diagnosed with type 2 late January this year, here with an HBA1c of 6.8. It was discovered through a routine lab test, I thought i just had an UTI but I knew there s something wrong with my body. Ive been peeing alot and there s this chronic numbness on my hands, so I had a urinalysis which came back with a glucose4 which terrified me and devastated me like most of you.For context, I am 35m slightly active lifestyle but have been overweight for almost a decade. I have been playing sports, walking and do go to the gym but I must say that I do have a fairly bad diet.Last year was a difficult year for me. I was extremely stressed, gets insomnia from time to time, extremely bad diet and gained 8kg. Not gonna bore you with deets but fast forward today I just got the result from my lab it came down to hba1c of 5.8, FBS from 124 to 105, sgpt is now normal, uric acid is just a hair above normal. I also made a risky decision to just do this by purely altering my lifestyle without the help of any drugs my endo recommended metformin .The things I changed were increasing my strength training from 2-3x a week to 6x week, play basketball 2-3x week, up the volume of my steps to 8k-15k almost every day, takes magnesium glycinate to help with sleep and stress, i also tried to do fasting for 40hours but it just doesnt work for me since my activity is high and the risk of hypo.My diet is I think the keypart of my journey. I dont eat fast food anymore.introduced a lot of fiber and protein to my diet although I still eat carbs like 1 2-3 4 cup of rice but I always pair them with good portion of protein, healthy fats and fiber. Chia seeds, sourdough and kimchi were game changer for me.Muscles are now significantly visible, lost 9kg, waistline from 40 to now 35.8 , leaner face, better performance on the court, not sluggish, no more snoring, better after meal glucose 1hr spike is 120s - 160s but 2nd hour returns to baseline 90s - 100s .I know this is just a start and have long ways to go but I am just happy about this small progress of mine!"
Playing with Libre View data,"Brief history: diagnosed Type 2 in Feb 2024 with A1c 6.7, no medication prescribed, recommended ""lifestyle changes,"" got it down to 6.1 at one point, a little backsliding this year until about April 1 when I started some calorie restriction to lose some weight, 12 pounds so far, not low-carb per se, just scaling back. The chart shows a rolling 90-day average of the Libre View data, which should be a good proxy for A1c. Gotta love the rich data and reports that Libre View provides.https://preview.redd.it/x52c1c2hew1h1.png?width=1592&format=png&auto=webp&s=e5a76855ab74d2f595cff9ee8883e48475f4a13c",2026-05-18,https://old.reddit.com/r/diabetes_t2/comments/1tgmrz6/playing_with_libre_view_data/,diabetes_t2,"Brief history diagnosed Type 2 in Feb 2024 with A1c 6.7, no medication prescribed, recommended ""lifestyle changes,"" got it down to 6.1 at one point, a little backsliding this year until about April 1 when I started some calorie restriction to lose some weight, 12 pounds so far, not low-carb per se, just scaling back. The chart shows a rolling 90-day average of the Libre View data, which should be a good proxy for A1c. Gotta love the rich data and reports that Libre View provides."
Ever found a recipe that LOWERS your BG?,"I'm 5 months into managing my Type 2 and experimenting a lot as I watch my average finger-prick number go down.One of my habitual meals from before my diagnosis was always a simple breakfast of oat-milk porridge with a scoop of peanut butter. Since diagnosis, I've gotten into the habit of being precise in measurements (100ml oat milk, 125 ml water, 25g oats, tablespoon peanut butter).More recently I started adding pre-prepared ""mixed seeds"" at my wife's behest, having heard it's a good source of fibre and omega-3. It's usually a mix of flaxseed, poppy seed, sesame seed, pumpking seed sort of thing.Astonishingly, on some (but not all) days I check my before-and-after blood glucose levels using the finger-prick meter, I find it has a chance of lowering my numbers by at least one point - sometimes from 6.1 to 5.0, or even as low as 4.8!I'm sure I can't be the only one - what success have you had in finding glucose-reducing meals?",2026-05-18,https://old.reddit.com/r/diabetes_t2/comments/1tgfmmb/ever_found_a_recipe_that_lowers_your_bg/,diabetes_t2,"I'm 5 months into managing my Type 2 and experimenting a lot as I watch my average finger-prick number go down.One of my habitual meals from before my diagnosis was always a simple breakfast of oat-milk porridge with a scoop of peanut butter. Since diagnosis, I've gotten into the habit of being precise in measurements 100ml oat milk, 125 ml water, 25g oats, tablespoon peanut butter .More recently I started adding pre-prepared ""mixed seeds"" at my wife's behest, having heard it's a good source of fibre and omega-3. It's usually a mix of flaxseed, poppy seed, sesame seed, pumpking seed sort of thing.Astonishingly, on some but not all days I check my before-and-after blood glucose levels using the finger-prick meter, I find it has a chance of lowering my numbers by at least one point - sometimes from 6.1 to 5.0, or even as low as 4.8!I'm sure I can't be the only one - what success have you had in finding glucose-reducing meals?"
Caresense Air CGM,"Hi folks, there is this new CGM called Caresense Air launched in Australia and NZ that offers a “cheap” alternative to others cost me about $45 per sensor which is still a lot but way cheaper of course esp if you buy the 6 pack.Wanted to share my experience, the sensor seems fairly comparable in accuracy to Libre and Dexcom so that’s pretty good and applicator is user friendly. The app is basic but fairly decent you can event download the 365 version of the app that has more info.However there are problems mainly with its ability to stay on you, out of 10 I had 3 drop off so far by day 10 - 12, adhesive seems to struggle to stay on beyond that. The other problem is I had 2 sensors suddenly fail for no reason. And the biggest problem is poor and rude customer service, whenever I called for replacement some were really good but in two cases the lady on the support team was very condescending and accusing me as if the sensor failure is my fault somehow not their unreliable product. She was laughing and being inappropriate and rude very unprofessional, it also took 3-4 weeks for replacement to arrive. So this is a very big negative imo if they can fix their support and customer service they would be on the right track. Once the sensors I purchased are over I most likely will not go back to this company purely due to poor customer service here in australia / NZ, Just wanted to share my experience and review of the caresense air CGM incase ppl r considering caresense air cgm",2026-05-18,https://old.reddit.com/r/diabetes_t2/comments/1tgecmz/caresense_air_cgm/,diabetes_t2,"Hi folks, there is this new CGM called Caresense Air launched in Australia and NZ that offers a cheap alternative to others cost me about 45 per sensor which is still a lot but way cheaper of course esp if you buy the 6 pack.Wanted to share my experience, the sensor seems fairly comparable in accuracy to Libre and Dexcom so that s pretty good and applicator is user friendly. The app is basic but fairly decent you can event download the 365 version of the app that has more info.However there are problems mainly with its ability to stay on you, out of 10 I had 3 drop off so far by day 10 - 12, adhesive seems to struggle to stay on beyond that. The other problem is I had 2 sensors suddenly fail for no reason. And the biggest problem is poor and rude customer service, whenever I called for replacement some were really good but in two cases the lady on the support team was very condescending and accusing me as if the sensor failure is my fault somehow not their unreliable product. She was laughing and being inappropriate and rude very unprofessional, it also took 3-4 weeks for replacement to arrive. So this is a very big negative imo if they can fix their support and customer service they would be on the right track. Once the sensors I purchased are over I most likely will not go back to this company purely due to poor customer service here in australia NZ, Just wanted to share my experience and review of the caresense air CGM incase ppl r considering caresense air cgm"
Adjusting diet,"I was diagnosed 3 weeks ago with T2 blood sugar was 20 at first ,but to be honest I don't think it was accurate as I had a coffee that morning with sugar , energy drink 20 minutes before being tested !! A week later they where 14.6 still very high of course , so far I'm taking my meds and exercising ,cut out sugar 99% but I'm struggling with changing my eating habits , how do people do it ?? I'm a chef ,so I love my food , and honestly I managed almost two years living with it without knowing 😂",2026-05-18,https://old.reddit.com/r/diabetes_t2/comments/1tgatri/adjusting_diet/,diabetes_t2,"I was diagnosed 3 weeks ago with T2 blood sugar was 20 at first ,but to be honest I don't think it was accurate as I had a coffee that morning with sugar , energy drink 20 minutes before being tested !! A week later they where 14.6 still very high of course , so far I'm taking my meds and exercising ,cut out sugar 99 but I'm struggling with changing my eating habits , how do people do it ?? I'm a chef ,so I love my food , and honestly I managed almost two years living with it without knowing"
Waking up to low alarms,"I 56F need some help. I'm fairly new, diagnosed 4/15/26, and the last 3 nights I've been woken up in the middle of the night by my cgm's low alarm. Like people have said, I treat the low then check with my meter to see if it really is low and not the sensor being compressed. It has been low. Last night I was at 50. I take 500mg Metformin with breakfast and 10 units of insulin at bedtime. I don't know what to do. I've got glucose tablets next to the bed, but I'm not sure how much to take and I don't problem solve very well in the middle of the night 🫤 Any help would be appreciated.Edit: I went to my pcp today and she dropped my insulin to 6 units. She also agreed to refer me to an endocrinologist. She's happy with my progress, apparently a lot of people don't take it seriously like they should. Nicest visit I've ever had with her, lol.",2026-05-18,https://old.reddit.com/r/diabetes_t2/comments/1tgaorl/waking_up_to_low_alarms/,diabetes_t2,"I 56F need some help. I'm fairly new, diagnosed 4 15 26, and the last 3 nights I've been woken up in the middle of the night by my cgm's low alarm. Like people have said, I treat the low then check with my meter to see if it really is low and not the sensor being compressed. It has been low. Last night I was at 50. I take 500mg Metformin with breakfast and 10 units of insulin at bedtime. I don't know what to do. I've got glucose tablets next to the bed, but I'm not sure how much to take and I don't problem solve very well in the middle of the night Any help would be appreciated.Edit I went to my pcp today and she dropped my insulin to 6 units. She also agreed to refer me to an endocrinologist. She's happy with my progress, apparently a lot of people don't take it seriously like they should. Nicest visit I've ever had with her, lol."
Least painful blood check?,"I have a cgm...and generally I think it's reasonably accurate for me. But I've been thinking I should have a backup method.  I am afraid of needles, and I even have to psych myself up to apply my new sensor.What works for you?",2026-05-17,https://old.reddit.com/r/diabetes_t2/comments/1tg1kje/least_painful_blood_check/,diabetes_t2,"I have a cgm...and generally I think it's reasonably accurate for me. But I've been thinking I should have a backup method. I am afraid of needles, and I even have to psych myself up to apply my new sensor.What works for you?"
418 last night(),"Hey everyone,I’m new here and honestly typing this while trying to process a lot of fear and anger. Both of my parents have lived with diabetes for years, but nothing prepares you for the moment it becomes your own reality.Last night, I just randomly decided to test my blood sugar. When the monitor flashed418, my heart completely dropped. Seeing a number that high out of nowhere was terrifying. I didn't eat anything for the rest of the night. When I checked it again this morning, it was down to214.I am 28 years old, just starting to really build my life and my career, and it feels like life just threw a freaking lemon right at my face. I'm gonna go see a doctor.Anyone else who found out in their late 20s that they have diabetes, what did you do?What should I expect at my first doctor's appointment for this?How did you cope with the initial shock and anger of getting diagnosed so young?Any advice on how to safely manage my food over the next 24-48 hours while I wait to see the doctor?Thanks for listening. I really need some community support right now.",2026-05-17,https://old.reddit.com/r/diabetes_t2/comments/1tftqo7/418_last_night/,diabetes_t2,"Hey everyone,I m new here and honestly typing this while trying to process a lot of fear and anger. Both of my parents have lived with diabetes for years, but nothing prepares you for the moment it becomes your own reality.Last night, I just randomly decided to test my blood sugar. When the monitor flashed418, my heart completely dropped. Seeing a number that high out of nowhere was terrifying. I didn't eat anything for the rest of the night. When I checked it again this morning, it was down to214.I am 28 years old, just starting to really build my life and my career, and it feels like life just threw a freaking lemon right at my face. I'm gonna go see a doctor.Anyone else who found out in their late 20s that they have diabetes, what did you do?What should I expect at my first doctor's appointment for this?How did you cope with the initial shock and anger of getting diagnosed so young?Any advice on how to safely manage my food over the next 24-48 hours while I wait to see the doctor?Thanks for listening. I really need some community support right now."
Struggling with medication,"I’m currently on just metformin twice a day at meals by 500mg.I try for breakfast and dinner but prior to diagnosis only ate typically 1x large meal/day.Is a bun enough food, or what would constitute a meal to be taken with medication.",2026-05-17,https://old.reddit.com/r/diabetes_t2/comments/1tfhxbf/struggling_with_medication/,diabetes_t2,"I m currently on just metformin twice a day at meals by 500mg.I try for breakfast and dinner but prior to diagnosis only ate typically 1x large meal day.Is a bun enough food, or what would constitute a meal to be taken with medication."
“Diet detector” or Full-Sugar drink testing strips: do they actually work/are they reliable?,"Heyy everyone. I’m not sure if I’ve posted before but I am a long time use of this sub. I keep seeing people using drink testing strips, that change colour based on whether the drink is full sugar or not. I mainly see it on Instagram. Unfortunately (or fortunately?) I am very skeptical of basically everything I see online. Are these real? Do they actually work? Or is this just some gimmick? Not all the videos I see are marked as Ads but I know shady business practices are a thing and people don’t always disclose. I have searched this sub already in case the question was asked and didn’t really see them being talked about much in terms of their effectiveness. Is this a scam?",2026-05-17,https://old.reddit.com/r/diabetes_t2/comments/1tfgmcz/diet_detector_or_fullsugar_drink_testing_strips/,diabetes_t2,"Heyy everyone. I m not sure if I ve posted before but I am a long time use of this sub. I keep seeing people using drink testing strips, that change colour based on whether the drink is full sugar or not. I mainly see it on Instagram. Unfortunately or fortunately? I am very skeptical of basically everything I see online. Are these real? Do they actually work? Or is this just some gimmick? Not all the videos I see are marked as Ads but I know shady business practices are a thing and people don t always disclose. I have searched this sub already in case the question was asked and didn t really see them being talked about much in terms of their effectiveness. Is this a scam?"
"Someone make this make sense, please!","I've been taking Metformin about two months now. No matter what time of day I test, my BG remains between 120 - 170 most of the time. I've been 90% good about having 3 meals a day at 45-60 carbs, and 1 snack at no more than 30. I only drink water, LaCroix, black coffee and unsweetened ice tea. If I do have a coke or anything I list it in my journal and count the carbs. I've been quite frustrated with not being able to get my BG down, especially first thing in the morning. It's NEVER below 100. EVER.Fast forward to yesterday. Once in a while, after eating rabbit food and small portions, I need to have a meal I can sink my teeth into. So I had a full-on KFC last night, with mashed potatoes, corn, biscuit and fried chicken - Carb CRAZY. Then this morning I had a breakfast sandwich from Jack in the Box, and this afternoonI had a Caramel White Mocha from Dutch Bros coffee. Sugar, sugar, sugar.I got up to go to the bathroom this morning at 445am, and decided to check my BG on a whim. It was 145. I was not surprised because my morning readings are always high, a source of great frustration.But it's now 645pm, and I just now reluctantly checked my BG to see the damage from today's fast food and latte - and it was 99. I shit you not. So i tested on the other hand it was 110. How in the hell does that happen? I've had crazy bad for me food the last 24 hours, and my BG is lower than it's ever been since I started testing. Make it make sense. The ONLY thing different is that I started using a CPAP one week ago, 8 nights ago. I'm so frustrated that my blood glucose is so high daily and that I can't get it down to the goal of under 100 overnight.",2026-05-17,https://old.reddit.com/r/diabetes_t2/comments/1tfc40w/someone_make_this_make_sense_please/,diabetes_t2,"I've been taking Metformin about two months now. No matter what time of day I test, my BG remains between 120 - 170 most of the time. I've been 90 good about having 3 meals a day at 45-60 carbs, and 1 snack at no more than 30. I only drink water, LaCroix, black coffee and unsweetened ice tea. If I do have a coke or anything I list it in my journal and count the carbs. I've been quite frustrated with not being able to get my BG down, especially first thing in the morning. It's NEVER below 100. EVER.Fast forward to yesterday. Once in a while, after eating rabbit food and small portions, I need to have a meal I can sink my teeth into. So I had a full-on KFC last night, with mashed potatoes, corn, biscuit and fried chicken - Carb CRAZY. Then this morning I had a breakfast sandwich from Jack in the Box, and this afternoonI had a Caramel White Mocha from Dutch Bros coffee. Sugar, sugar, sugar.I got up to go to the bathroom this morning at 445am, and decided to check my BG on a whim. It was 145. I was not surprised because my morning readings are always high, a source of great frustration.But it's now 645pm, and I just now reluctantly checked my BG to see the damage from today's fast food and latte - and it was 99. I shit you not. So i tested on the other hand it was 110. How in the hell does that happen? I've had crazy bad for me food the last 24 hours, and my BG is lower than it's ever been since I started testing. Make it make sense. The ONLY thing different is that I started using a CPAP one week ago, 8 nights ago. I'm so frustrated that my blood glucose is so high daily and that I can't get it down to the goal of under 100 overnight."
When does the urination stop?!,Full disclosure: I am on Jardiance and I know the medication causes you to urinateBut I have unquenchable thirst. So it’s a vicious cycle.Does this all improve as my blood sugar numbers come down?,2026-05-17,https://old.reddit.com/r/diabetes_t2/comments/1tf9wc8/when_does_the_urination_stop/,diabetes_t2,Full disclosure I am on Jardiance and I know the medication causes you to urinateBut I have unquenchable thirst. So it s a vicious cycle.Does this all improve as my blood sugar numbers come down?
A1c dropped from 7.2 to 5.5(old.reddit.com),"I female 23 got diagnosed with type 2 diabetes in January and that scared the shit out of me. I already have eye problems because of a chronic eye condition so I didn’t want to lose any more of my vision. I had a 7.2 and debated on taking metformin and did. It gave me really bad side effects but I pushed through and now five months later my a1c went down!! YIPPPEEEEEEEEE!!!!! I was really worried about my a1c as my fasting blood sugar was always above 100 and I’ve had days where I consumed high carb meals. But something I’ve done more these 5 past months than ever was go on more walks and add strength training. I know this is all a process for everyone but coming from an anxious person, it’s possible !!",2026-05-16,https://old.reddit.com/r/diabetes_t2/comments/1tf5f7t/a1c_dropped_from_72_to_55/,diabetes_t2,"I female 23 got diagnosed with type 2 diabetes in January and that scared the shit out of me. I already have eye problems because of a chronic eye condition so I didn t want to lose any more of my vision. I had a 7.2 and debated on taking metformin and did. It gave me really bad side effects but I pushed through and now five months later my a1c went down!! YIPPPEEEEEEEEE!!!!! I was really worried about my a1c as my fasting blood sugar was always above 100 and I ve had days where I consumed high carb meals. But something I ve done more these 5 past months than ever was go on more walks and add strength training. I know this is all a process for everyone but coming from an anxious person, it s possible !!"
Today I got tested I started at A1C 14(i.redd.it),"Been 9 month since my last test. It was 6.7. 18 months ago my A1C was 14 and I was in intensive care for 2 weeks. They told my wife I was going to die as an infection was tearing its way through my body. I survived, clearly. I decided I need to make changes in my life. Today I can say I worked hard and I am going to live a bit longer. Thank you community. You helped with your posts making me feel like I wasn’t a piece of shit with no self control.  that I was a person who wasn’t alone in my struggles.",2026-05-16,https://old.reddit.com/r/diabetes_t2/comments/1tezecl/today_i_got_tested_i_started_at_a1c_14/,diabetes_t2,"Been 9 month since my last test. It was 6.7. 18 months ago my A1C was 14 and I was in intensive care for 2 weeks. They told my wife I was going to die as an infection was tearing its way through my body. I survived, clearly. I decided I need to make changes in my life. Today I can say I worked hard and I am going to live a bit longer. Thank you community. You helped with your posts making me feel like I wasn t a piece of shit with no self control. that I was a person who wasn t alone in my struggles."
Counting Clicks(),"My PCP just increased Ozempic from 1 mg to 2 mg to better control glucose. There was no consideration for a gradual increase to adjust to side effects, like going from 0-1 mg. I just learned many physicians suggest counting clicks: 18 for four weeks, 36 for four weeks(?), etc. I’ve been on 1 mg for 3 years, but the side effects were not easy, even with incremental increases. Who has had a physician suggest counting clicks, and at what increments for how long, each?",2026-05-16,https://old.reddit.com/r/diabetes_t2/comments/1tefmnj/counting_clicks/,diabetes_t2,"My PCP just increased Ozempic from 1 mg to 2 mg to better control glucose. There was no consideration for a gradual increase to adjust to side effects, like going from 0-1 mg. I just learned many physicians suggest counting clicks 18 for four weeks, 36 for four weeks ? , etc. I ve been on 1 mg for 3 years, but the side effects were not easy, even with incremental increases. Who has had a physician suggest counting clicks, and at what increments for how long, each?"
Mounjaro or stomach bug(),"Hi All, I’ve been on mounjaro for about four months now and I’ve stuck to the 2.5 dose as it’s been working for me but this past Tuesday, which was my shot day. I took my shot in the morning. I was actually traveling from California back home so I took it in the morning and I did eat junk the night before I had a slice of pizza and wings and we did have like to go sandwiches at the airport as I had a connection flight but yesterday I felt sick to my stomach meaning like I was very nauseous and I threw up once and it was just sludgy food that was saying my stomach and had stomach cramps now I’m not sure whether it’s a Mojarro or whether this was a bug because my wife also felt something similar and she’s not on Mojarro. While we were in California, though my daughter had a stomach bug which lasted the entire trip I’m not sure maybe it could be that or it was just food poisoning. I’m not really sure as it’s never happened to me ever since I’ve been on Mojarro.",2026-05-16,https://old.reddit.com/r/diabetes_t2/comments/1teehac/mounjaro_or_stomach_bug/,diabetes_t2,"Hi All, I ve been on mounjaro for about four months now and I ve stuck to the 2.5 dose as it s been working for me but this past Tuesday, which was my shot day. I took my shot in the morning. I was actually traveling from California back home so I took it in the morning and I did eat junk the night before I had a slice of pizza and wings and we did have like to go sandwiches at the airport as I had a connection flight but yesterday I felt sick to my stomach meaning like I was very nauseous and I threw up once and it was just sludgy food that was saying my stomach and had stomach cramps now I m not sure whether it s a Mojarro or whether this was a bug because my wife also felt something similar and she s not on Mojarro. While we were in California, though my daughter had a stomach bug which lasted the entire trip I m not sure maybe it could be that or it was just food poisoning. I m not really sure as it s never happened to me ever since I ve been on Mojarro."
"Diabetes, PMOS (prev. PCOS), and GLP1'S what wmis your experiance?",I am wondering if people with both diabetes and pmos can share their experiences with GLP1s. I am reading that it not only helps manage blood sugar but can help with other pmos symptoms as well. Curious about your experiences.,2026-05-15,https://old.reddit.com/r/diabetes_t2/comments/1te58uo/diabetes_pmos_prev_pcos_and_glp1s_what_wmis_your/,diabetes_t2,I am wondering if people with both diabetes and pmos can share their experiences with GLP1s. I am reading that it not only helps manage blood sugar but can help with other pmos symptoms as well. Curious about your experiences.
Tell me about insulin,My A1C is 7.2 with max dose of Metformin and also Glylaziide.Haven’t been successful with bringing it further down with diet and exercise. Edit: or Ozempic.My doc is talking about insulin. Is it so hard to deal with?I wear a CGM.,2026-05-15,https://old.reddit.com/r/diabetes_t2/comments/1te2muw/tell_me_about_insulin/,diabetes_t2,My A1C is 7.2 with max dose of Metformin and also Glylaziide.Haven t been successful with bringing it further down with diet and exercise. Edit or Ozempic.My doc is talking about insulin. Is it so hard to deal with?I wear a CGM.
New to this : Breakfast question,"Edit to add; Just remembered I also had a (mostly green) banana. But still? that seems a big jump.Using a glucose monitor purchased in 2022, and beginning to wonder if it's accurate. One touch Verio flex.On 4-18, I had for breakfast nonfat Greek yogurt, frozen berries, and a dab of honey. My BS went from 128 to 145 after 2 hours.Today I had the same thing, added Chia seeds (first time, so not much) and my BS went from 104 to 171 after 2 hours.  (Oop, forgot the small banana)Yesterday I had two eggs over easy and wheat toast with no sugar jam, BS 125 to 140 after 2 hours.The day before I  had 2 dill pickles and some cheddar cheese, 121 to 124 after 2 hours.I'm new to all this , but what am I not understanding? I was a full Pepsi drinker with a sweet tooth and rice was almost daily for meals. Now I have no sweets in my house, no caffeine or sodas, and so many vegetables I hardly recognize my refrigerator anymore. But my BS just seem to jump all over the place.",2026-05-15,https://old.reddit.com/r/diabetes_t2/comments/1tdy6fy/new_to_this_breakfast_question/,diabetes_t2,"Edit to add Just remembered I also had a mostly green banana. But still? that seems a big jump.Using a glucose monitor purchased in 2022, and beginning to wonder if it's accurate. One touch Verio flex.On 4-18, I had for breakfast nonfat Greek yogurt, frozen berries, and a dab of honey. My BS went from 128 to 145 after 2 hours.Today I had the same thing, added Chia seeds first time, so not much and my BS went from 104 to 171 after 2 hours. Oop, forgot the small banana Yesterday I had two eggs over easy and wheat toast with no sugar jam, BS 125 to 140 after 2 hours.The day before I had 2 dill pickles and some cheddar cheese, 121 to 124 after 2 hours.I'm new to all this , but what am I not understanding? I was a full Pepsi drinker with a sweet tooth and rice was almost daily for meals. Now I have no sweets in my house, no caffeine or sodas, and so many vegetables I hardly recognize my refrigerator anymore. But my BS just seem to jump all over the place."
Feeling guilty - sick and can’t workout,Last week we were on a trip to California and had full plans of keeping up with my routine but my daughter got sick and was just clingy so I couldn’t but ate fairly decent till the last two days of the trip. I came back next day went to the gym.Yesterday I started feeling sick and now I feel weak to go to the gym today.How do I get over the guilt.I’m on mounjaro and on a fat weight loss journey.,2026-05-15,https://old.reddit.com/r/diabetes_t2/comments/1tdw52c/feeling_guilty_sick_and_cant_workout/,diabetes_t2,Last week we were on a trip to California and had full plans of keeping up with my routine but my daughter got sick and was just clingy so I couldn t but ate fairly decent till the last two days of the trip. I came back next day went to the gym.Yesterday I started feeling sick and now I feel weak to go to the gym today.How do I get over the guilt.I m on mounjaro and on a fat weight loss journey.
"Managed to bring post-meal glucose under 115 mg/dL after a 6.3% A1c diagnosis 2 months ago, but fasting numbers are still 116 mg/dL. Normal?","Hi everyone,Two months ago, I was diagnosed with prediabetes with anA1c of 6.3%. Since then, I’ve been on a strict diet (low carb/no starch) and have seen significant improvements.However, I’m seeing a confusing gap between my post-meal and fasting numbers:•Current post-meal status:My blood sugarnever exceeds 120 mg/dL2 hours after eating, which I'm very happy about.•Case in point:Last night at 9:00 PM, I had a zero-carb meal (chicken wings). At 11:00 PM, my reading was102 mg/dL.•The Issue:This morning at 9:00 AM, my fasting glucose was116 mg/dL.I’m puzzled why my fasting number is higher than my 2-hour post-meal number from the night before, especially since I'm avoiding carbs.1.  Could this be a lingering effect of being prediabetic, where the liver is still ""programmed"" to release too much glucose in the morning (Dawn Phenomenon)?2.  Does it take longer than 2 months for fasting numbers to ""catch up"" with the improvement in post-meal numbers?3.  Should I be worried about this 116 mg/dL if my overall management seems to be working so well?I’m 30 years old and very committed to reversing this. Any advice or similar experiences would be greatly appreciated!",2026-05-15,https://old.reddit.com/r/diabetes_t2/comments/1tdlnk9/managed_to_bring_postmeal_glucose_under_115_mgdl/,diabetes_t2,"Hi everyone,Two months ago, I was diagnosed with prediabetes with anA1c of 6.3 . Since then, I ve been on a strict diet low carb no starch and have seen significant improvements.However, I m seeing a confusing gap between my post-meal and fasting numbers Current post-meal status My blood sugarnever exceeds 120 mg dL2 hours after eating, which I'm very happy about. Case in point Last night at 9 00 PM, I had a zero-carb meal chicken wings . At 11 00 PM, my reading was102 mg dL. The Issue This morning at 9 00 AM, my fasting glucose was116 mg dL.I m puzzled why my fasting number is higher than my 2-hour post-meal number from the night before, especially since I'm avoiding carbs.1. Could this be a lingering effect of being prediabetic, where the liver is still ""programmed"" to release too much glucose in the morning Dawn Phenomenon ?2. Does it take longer than 2 months for fasting numbers to ""catch up"" with the improvement in post-meal numbers?3. Should I be worried about this 116 mg dL if my overall management seems to be working so well?I m 30 years old and very committed to reversing this. Any advice or similar experiences would be greatly appreciated!"
taking Dexcom sensors on airplane?,"In a few weeks, I will be going to visit my best friend, something I've done every year for the past twenty years. Last year, my In a few weeks, I'll be going to visit my best friend. I'll have one g7 sensor on my arm, plus three in my luggage. What's the best way to transport my sensors on the plane? I get them delivered to my house threw a mail order service, so my doctor's name is not on them. Will this cause a problem at the TSA checkpoint? With the sensor on my arm, can I go threw the body scanner without the sensor getting damaged? Also, I'm blind, so rely on the g& to get my blood sugar readings. For this reason, am I allowed to keep my bluetooth turned on at least on my apple watch during the flight, as long as I put my iPhone in airplane mode? I have direct to watch turned on, something that comes in very handy at times.",2026-05-15,https://old.reddit.com/r/diabetes_t2/comments/1tdkoq6/taking_dexcom_sensors_on_airplane/,diabetes_t2,"In a few weeks, I will be going to visit my best friend, something I've done every year for the past twenty years. Last year, my In a few weeks, I'll be going to visit my best friend. I'll have one g7 sensor on my arm, plus three in my luggage. What's the best way to transport my sensors on the plane? I get them delivered to my house threw a mail order service, so my doctor's name is not on them. Will this cause a problem at the TSA checkpoint? With the sensor on my arm, can I go threw the body scanner without the sensor getting damaged? Also, I'm blind, so rely on the g to get my blood sugar readings. For this reason, am I allowed to keep my bluetooth turned on at least on my apple watch during the flight, as long as I put my iPhone in airplane mode? I have direct to watch turned on, something that comes in very handy at times."
Soft foods ideas post-dental work,"I had a molar extracted after severe tooth pain.So of course I need to eat soft foods for the next few days.Nearly everything on the lists is high carb/high sugar.I know I can have Greek yogurt, cottage cheese, and protein shakes.What else?I know there's sugar free jello...but I am HUNGRY and need nutrients!!I have been eating bananas, applesauce, yogurt, cottage cheese, canned vegetables (blech!) and mashed potatoes.  (the reason for canned vegetables vs. frozen is that they are mushy.  Which is also why they're disgusting!)EDIT: Thank you for all the advice!  It seems to be healing well, and I really don't want to mess it up.After this, and my colonoscopy in January...I never want to even LOOK at Jell-o gel or pudding EVER AGAIN!!  LOL!",2026-05-15,https://old.reddit.com/r/diabetes_t2/comments/1tdj41q/soft_foods_ideas_postdental_work/,diabetes_t2,"I had a molar extracted after severe tooth pain.So of course I need to eat soft foods for the next few days.Nearly everything on the lists is high carb high sugar.I know I can have Greek yogurt, cottage cheese, and protein shakes.What else?I know there's sugar free jello...but I am HUNGRY and need nutrients!!I have been eating bananas, applesauce, yogurt, cottage cheese, canned vegetables blech! and mashed potatoes. the reason for canned vegetables vs. frozen is that they are mushy. Which is also why they're disgusting! EDIT Thank you for all the advice! It seems to be healing well, and I really don't want to mess it up.After this, and my colonoscopy in January...I never want to even LOOK at Jell-o gel or pudding EVER AGAIN!! LOL!"
What do you think about the feature set of the G8?(diabetech.info),The replies sum it up well.,2026-05-15,https://old.reddit.com/r/diabetes_t2/comments/1tdiivf/what_do_you_think_about_the_feature_set_of_the_g8/,diabetes_t2,The replies sum it up well.
Where can I order a glucose monitor set online in Canada?,"I'm having such a hard time finding one of these with the entire set (lancelets, strips, glucometer etc.). I don't have diabetes but I want to start monitoring my glucose for PCOS. I found some cheap looking sets on Amazon but they seem sketchy. Anywhere I can buy a whole set online?",2026-05-15,https://old.reddit.com/r/diabetes_t2/comments/1tdgsla/where_can_i_order_a_glucose_monitor_set_online_in/,diabetes_t2,"I'm having such a hard time finding one of these with the entire set lancelets, strips, glucometer etc. . I don't have diabetes but I want to start monitoring my glucose for PCOS. I found some cheap looking sets on Amazon but they seem sketchy. Anywhere I can buy a whole set online?"
How often do you take short acting insulin?,"So my primary doctor put me on short acting insulin (humalog) about 6 or 7 months ago. The doctor has me using a sliding scale with the insulin at breakfast and supper with a max of 20 units per meal.A few weeks ago I had my first appointment with an endo who recommended that I try using the Cequr insulin patch since I mentioned that I forget to take my insulin pen with me due to my ADHD.Well today I met with the Cequr rep so she could give me the run down on how to use it and while we were talking she asked about my insulin regimen and I told her that I was only doing it at breakfast and supper and she seemed surprised and told me I might want to double check with my endo on those instructions.I sent a message to my endo through the portal to ask, but just thought I'd ask here to see if the twice a day insulin is ""normal"" or is it more normal to do it at every meal?",2026-05-15,https://old.reddit.com/r/diabetes_t2/comments/1tdfuaf/how_often_do_you_take_short_acting_insulin/,diabetes_t2,"So my primary doctor put me on short acting insulin humalog about 6 or 7 months ago. The doctor has me using a sliding scale with the insulin at breakfast and supper with a max of 20 units per meal.A few weeks ago I had my first appointment with an endo who recommended that I try using the Cequr insulin patch since I mentioned that I forget to take my insulin pen with me due to my ADHD.Well today I met with the Cequr rep so she could give me the run down on how to use it and while we were talking she asked about my insulin regimen and I told her that I was only doing it at breakfast and supper and she seemed surprised and told me I might want to double check with my endo on those instructions.I sent a message to my endo through the portal to ask, but just thought I'd ask here to see if the twice a day insulin is ""normal"" or is it more normal to do it at every meal?"
. Newly ish diagnosed.(),was diagnosed with sudden onset type 2 (a year prior all stats were normal) in December after being so fatigued and run down. AC1 was 12.7 I’m half Asian and weight is 91kg but I’m 5’11 and 40 yrs old.  My nurse keeps pushing the soups and shakes diet but my diet is pretty good and I think at a 28 BMI (at most my weight fluctuates between 88-91kg) is dangerous. I eat better than the information in the uk diabetes eating guide. I have been on metformin but average blood sugar is between 8-11 daily.What will be my next steps. I think perhaps GPL1s but I don’t think I’ll be prescribed this on the nhs.Is there anyone that is a similar weight/height or BMI with type 2 and how it is being managed that can provide advice???I don’t know anyone else with diabetes that isn’t very overweight so I’m a bit stuck apart from diabetes nurse adviceGiven I’ve been told it will not reverse through diet I’m at a loss as metformin is lowering it but still 7-12 through the day when testing.Thanks in advance!!!!,2026-05-14,https://old.reddit.com/r/diabetes_t2/comments/1tdf0x3/type_2_newly_ish_diagnosed/,diabetes_t2,was diagnosed with sudden onset type 2 a year prior all stats were normal in December after being so fatigued and run down. AC1 was 12.7 I m half Asian and weight is 91kg but I m 5 11 and 40 yrs old. My nurse keeps pushing the soups and shakes diet but my diet is pretty good and I think at a 28 BMI at most my weight fluctuates between 88-91kg is dangerous. I eat better than the information in the uk diabetes eating guide. I have been on metformin but average blood sugar is between 8-11 daily.What will be my next steps. I think perhaps GPL1s but I don t think I ll be prescribed this on the nhs.Is there anyone that is a similar weight height or BMI with type 2 and how it is being managed that can provide advice???I don t know anyone else with diabetes that isn t very overweight so I m a bit stuck apart from diabetes nurse adviceGiven I ve been told it will not reverse through diet I m at a loss as metformin is lowering it but still 7-12 through the day when testing.Thanks in advance!!!!
"Newly diagnosed. Dr. said my levels were low enough that I could treat with lifestyle changes, but prescribed me metformin. Should I take it?","I just got diagnosed like 20 minutes ago. My A1C was 6.5 (right at the cut off) and my fasting glucose, at the time, was 103. My PCP said that because I was right at the line, I could treat with either lifestyle changes alone (increased activity and better diet) or alongside medication, and it was up to me.I did request medication because I’ve obviously failed with lifestyle changes up to this point. and it’s being filled now. But now Im unsure. When it’s ready, should I take it? I keep reading about people’s poor experiences with it so I am nervous.I also requested a referral for a dietitian and I’ll be hearing from them soon, so in either case that will help.ETA: Thanks for all of you who left helpful feedback! I am considering starting it on Sunday (I have something on Saturday) and seeing how I feel. I also got a glucose monitor and have been checking throughout the day. Diet will be a work in progress but I look forward to hearing from the dietitian soon.",2026-05-14,https://old.reddit.com/r/diabetes_t2/comments/1tda2g1/newly_diagnosed_dr_said_my_levels_were_low_enough/,diabetes_t2,"I just got diagnosed like 20 minutes ago. My A1C was 6.5 right at the cut off and my fasting glucose, at the time, was 103. My PCP said that because I was right at the line, I could treat with either lifestyle changes alone increased activity and better diet or alongside medication, and it was up to me.I did request medication because I ve obviously failed with lifestyle changes up to this point. and it s being filled now. But now Im unsure. When it s ready, should I take it? I keep reading about people s poor experiences with it so I am nervous.I also requested a referral for a dietitian and I ll be hearing from them soon, so in either case that will help.ETA Thanks for all of you who left helpful feedback! I am considering starting it on Sunday I have something on Saturday and seeing how I feel. I also got a glucose monitor and have been checking throughout the day. Diet will be a work in progress but I look forward to hearing from the dietitian soon."
"This sounds crazy, but I may let my prediabetes run it's natural course into T2","Rant incoming! I've been (a known) prediabetic for 6 years. I've changed my diet, exercised, used a CGM, seen dieticians, etc. My A1c will not budge (6.3% in september, 6.0% in 2020 when first diagnosed), and losing weight is just not happening. I gave birth a year ago, had gestational diabetes requiring bedtime insulin to control fasting. I did breastfeed/pump for a year and now that I've stopped have finally gotten back to pre-pregnancy weight but I'm not convinced I will get much lower if history is any indicator. T2d is also rampant in my family, especially the girls 🫠My doctor has mentioned GLP-1s or other diabetic care would be his next suggestion, but because I am not full blown diabetic, insurance will not cover any of that.It just feels like I'm in this nebulous blur of chaos and my a1c will not budge (which is better than it rising but is still frustrating).I guess I just need some encouragement to keep at it until my checkup in July because the YEARS of trying and not changing my a1c is so frustrating. Seems better to let nature run it's course so I can get more help. Don't get me started in our healthcare system in America - where I need to consider a chronic health diagnosis in order to get better. 🥲Rant over.",2026-05-14,https://old.reddit.com/r/diabetes_t2/comments/1td2rio/this_sounds_crazy_but_i_may_let_my_prediabetes/,diabetes_t2,"Rant incoming! I've been a known prediabetic for 6 years. I've changed my diet, exercised, used a CGM, seen dieticians, etc. My A1c will not budge 6.3 in september, 6.0 in 2020 when first diagnosed , and losing weight is just not happening. I gave birth a year ago, had gestational diabetes requiring bedtime insulin to control fasting. I did breastfeed pump for a year and now that I've stopped have finally gotten back to pre-pregnancy weight but I'm not convinced I will get much lower if history is any indicator. T2d is also rampant in my family, especially the girls My doctor has mentioned GLP-1s or other diabetic care would be his next suggestion, but because I am not full blown diabetic, insurance will not cover any of that.It just feels like I'm in this nebulous blur of chaos and my a1c will not budge which is better than it rising but is still frustrating .I guess I just need some encouragement to keep at it until my checkup in July because the YEARS of trying and not changing my a1c is so frustrating. Seems better to let nature run it's course so I can get more help. Don't get me started in our healthcare system in America - where I need to consider a chronic health diagnosis in order to get better. Rant over."
I managed to turn my 12.5 hba1c back to normal range in just 3 months!,"I’m super stoked. When I first found out my HbA1c result, it scared the living shit out of me, but I finally managed to get it down to 4.5 in such a short period of time, and I just needed someone to share the excitement with.",2026-05-14,https://old.reddit.com/r/diabetes_t2/comments/1tcyo68/i_managed_to_turn_my_125_hba1c_back_to_normal/,diabetes_t2,"I m super stoked. When I first found out my HbA1c result, it scared the living shit out of me, but I finally managed to get it down to 4.5 in such a short period of time, and I just needed someone to share the excitement with."
Jan 29th... Diagnosis at 7.7 A1C to May 13th... 5.9!,"I needed to hear this boost today, and I am sharing with folks who may appreciate the small feeling of a win this is. This week has been a health roller coaster.I was also diagnosed with hypertension in January, and it was quite high - so I went on Lisinopril, had that increased in March. It has not been working 100%, but I was out of the 160/100 range and more in the 135/90 range.A few weeks back I had a scare when traveling with palpitations, and my apple watch said Afib. I booked a cardiologist, BP spiked due to the stress of it, and we did a zio monitor. I show signs of an incomplete right branch block, which may be providing a wide QRS reading on my Kardia 6L...We thought it was doing well, then on Tuesday I just felt off. My BP was back at 160/100 at home, and I felt not bad, but not good. I ended up choosing to go to the ER after calling telemed, cause my primary care said if you suspect hyperkalemia - ER. Now.I have a bad head cold. My BP in the ER hit 190/110, and they brought me down. Added a new beta blocker to go with my ACE, and my BP is normalized, and I feel good except for the head cold.I have this nagging feeling that if I didn't get diagnosed diabetic and start paying attention / doing all the right things, there is a strong chance something unseen would have taken me - cause all of those events would have happened anyways...So to get the news of 5.9 A1C after just over 4 months... WOOOOO! Still a long journey, still 273lbs (but not 347 anymore!)",2026-05-14,https://old.reddit.com/r/diabetes_t2/comments/1tcw6um/jan_29th_diagnosis_at_77_a1c_to_may_13th_59/,diabetes_t2,"I needed to hear this boost today, and I am sharing with folks who may appreciate the small feeling of a win this is. This week has been a health roller coaster.I was also diagnosed with hypertension in January, and it was quite high - so I went on Lisinopril, had that increased in March. It has not been working 100 , but I was out of the 160 100 range and more in the 135 90 range.A few weeks back I had a scare when traveling with palpitations, and my apple watch said Afib. I booked a cardiologist, BP spiked due to the stress of it, and we did a zio monitor. I show signs of an incomplete right branch block, which may be providing a wide QRS reading on my Kardia 6L...We thought it was doing well, then on Tuesday I just felt off. My BP was back at 160 100 at home, and I felt not bad, but not good. I ended up choosing to go to the ER after calling telemed, cause my primary care said if you suspect hyperkalemia - ER. Now.I have a bad head cold. My BP in the ER hit 190 110, and they brought me down. Added a new beta blocker to go with my ACE, and my BP is normalized, and I feel good except for the head cold.I have this nagging feeling that if I didn't get diagnosed diabetic and start paying attention doing all the right things, there is a strong chance something unseen would have taken me - cause all of those events would have happened anyways...So to get the news of 5.9 A1C after just over 4 months... WOOOOO! Still a long journey, still 273lbs but not 347 anymore!"
I'm completely off the wagon. Can't stop eating crappy food. Help!,"Hello.I’ve been a Type 2 diabetic for about seven years now.I believe it’s been a year since I’ve made “exceptions” after ""exceptions"" regarding the foods I eat.My estimated HbA1c is currently at 8.6% in the LibreLink app. Before, it was around 6.5-6.7%, so it was manageable.I avoid getting my blood work done because I’m afraid of having this value recorded on an official document.Each night, I feel bad for myself and criticize myself for eating sweets and foods high in carbohydrates. I constantly tell myself, “Starting tomorrow, I’ll eat as I should.” But the next day comes, and I always find a reason to eat poorly. And then the cycle repeats.I want to stop this behavior. I need help. I don’t have anyone to talk to about it. I’m ashamed of myself.I tried searching for an app that could motivate me, but I haven’t been successful.I need to manage my diabetes better for myself, my children, and my wife. But apparently, I’m too weak to do it.Thank you for reading this.",2026-05-14,https://old.reddit.com/r/diabetes_t2/comments/1tcvjsr/im_completely_off_the_wagon_cant_stop_eating/,diabetes_t2,"Hello.I ve been a Type 2 diabetic for about seven years now.I believe it s been a year since I ve made exceptions after ""exceptions"" regarding the foods I eat.My estimated HbA1c is currently at 8.6 in the LibreLink app. Before, it was around 6.5-6.7 , so it was manageable.I avoid getting my blood work done because I m afraid of having this value recorded on an official document.Each night, I feel bad for myself and criticize myself for eating sweets and foods high in carbohydrates. I constantly tell myself, Starting tomorrow, I ll eat as I should. But the next day comes, and I always find a reason to eat poorly. And then the cycle repeats.I want to stop this behavior. I need help. I don t have anyone to talk to about it. I m ashamed of myself.I tried searching for an app that could motivate me, but I haven t been successful.I need to manage my diabetes better for myself, my children, and my wife. But apparently, I m too weak to do it.Thank you for reading this."
The best CGMs,"My insurance wont cover glucose monitors, so my brother was giving me his since he wasnt using them. Now, he has to use them and can no longer give me his.What would be the best CGMs I can buy out of pocket? Price point and quality, what would you guys recommend?",2026-05-14,https://old.reddit.com/r/diabetes_t2/comments/1tclh9n/the_best_cgms/,diabetes_t2,"My insurance wont cover glucose monitors, so my brother was giving me his since he wasnt using them. Now, he has to use them and can no longer give me his.What would be the best CGMs I can buy out of pocket? Price point and quality, what would you guys recommend?"
Merilog for Tandem pumps,Anyone know if Merilog is approved by Tandem for the t:slim? The VA is switching me from Novolog.,2026-05-14,https://old.reddit.com/r/diabetes_t2/comments/1tchwdi/merilog_for_tandem_pumps/,diabetes_t2,Anyone know if Merilog is approved by Tandem for the t slim? The VA is switching me from Novolog.
Muestra de sangre,"Aparte de los dedos, de qué otra parte me puedo punzar para tomar la muestra de mi flaucometri? Ya me duelen los dedos y cada vez es más difícil encontrar un lugar para punzar… Gracias",2026-05-13,https://old.reddit.com/r/diabetes_t2/comments/1tcfryj/muestra_de_sangre/,diabetes_t2,"Aparte de los dedos, de qué otra parte me puedo punzar para tomar la muestra de mi flaucometri? Ya me duelen los dedos y cada vez es más difícil encontrar un lugar para punzar Gracias"
Alternatives for diet food(),"I was a given a meal-by-meal guide to follow for a month, in a really concerted attempt to lose some weight (I walk dogs for a living, I've cut way down on junk, and I've been put on a GLP-1, and somehow gained weight- so we are going hardcore). But it lists liquid Stevia as a sweetener and I cannot handle that stuff. Very specifically, it said to use liquid. As far as artificial sweeteners go, I seem to be ok with Sucralose and Allulose, so long as ace-k isn't in the mix. Are there any sweeteners/brands that you'd recommend? Or would a literal pinch of sugar in the raw be ok as a sub (this mainly for yogurt, oats, that sort of thing)?And just while I'm here, do y'all have unflavored protein powder suggestions? This plan lists 3 types of unflavored protein powders- pea, hemp, and isolated whey- and your girl ain't made of money. I really only want to buy one. I think there are two or three recipes that include adding heat to them, so that's something to keep in mind.",2026-05-13,https://old.reddit.com/r/diabetes_t2/comments/1tcfhvm/alternatives_for_diet_food/,diabetes_t2,"I was a given a meal-by-meal guide to follow for a month, in a really concerted attempt to lose some weight I walk dogs for a living, I've cut way down on junk, and I've been put on a GLP-1, and somehow gained weight- so we are going hardcore . But it lists liquid Stevia as a sweetener and I cannot handle that stuff. Very specifically, it said to use liquid. As far as artificial sweeteners go, I seem to be ok with Sucralose and Allulose, so long as ace-k isn't in the mix. Are there any sweeteners brands that you'd recommend? Or would a literal pinch of sugar in the raw be ok as a sub this mainly for yogurt, oats, that sort of thing ?And just while I'm here, do y'all have unflavored protein powder suggestions? This plan lists 3 types of unflavored protein powders- pea, hemp, and isolated whey- and your girl ain't made of money. I really only want to buy one. I think there are two or three recipes that include adding heat to them, so that's something to keep in mind."
OneTouch Verio Reflect ranges,"Hi everyone, newly diagnosed T2 diabetic here.I took the initiative on purchasing a blood sugar monitor without being prompted. I mucked about with the settings in the After Meal range but upon reflection, I have no clue what I should be setting it for. My A1c was 10.2 which is high, but I'm more or less taking measurements and throwing things at the wall and seeing what sticks. Arbitrarily i set the after meal top end to my A1c, but not sure that's right.I've been taking measurements at random and seeing the numbers and they are all over the place. After meals is typically higher and after exercising it's lower by and large. Are there recommended times of the day that I should be testing?Any and all advice is welcome.",2026-05-13,https://old.reddit.com/r/diabetes_t2/comments/1tce1q5/onetouch_verio_reflect_ranges/,diabetes_t2,"Hi everyone, newly diagnosed T2 diabetic here.I took the initiative on purchasing a blood sugar monitor without being prompted. I mucked about with the settings in the After Meal range but upon reflection, I have no clue what I should be setting it for. My A1c was 10.2 which is high, but I'm more or less taking measurements and throwing things at the wall and seeing what sticks. Arbitrarily i set the after meal top end to my A1c, but not sure that's right.I've been taking measurements at random and seeing the numbers and they are all over the place. After meals is typically higher and after exercising it's lower by and large. Are there recommended times of the day that I should be testing?Any and all advice is welcome."
Not sure whats happening(i.redd.it),"My hba1c improved from 10.2 to 5.8, weight went from 117 to 101 kg currently but my insulin resistance and the HOMAIR seems to be getting worseThis is in the span of about 96 daysAnyone noticed this trend and whats the probable reason?Need to know how to remedy this while I am still trying to lose weight",2026-05-13,https://old.reddit.com/r/diabetes_t2/comments/1tc8l71/not_sure_whats_happening/,diabetes_t2,"My hba1c improved from 10.2 to 5.8, weight went from 117 to 101 kg currently but my insulin resistance and the HOMAIR seems to be getting worseThis is in the span of about 96 daysAnyone noticed this trend and whats the probable reason?Need to know how to remedy this while I am still trying to lose weight"
Losing too much weight??,"For context, I have been T2 for about eight years, maintaining A1c with Metformin, diet and exercise. After my husband died, I started eating whatever made me feel better, like cake and pudding and pasta, etc. I was still not overweight but my A1c went up. So we started Bydureon and now Mounjaro.The Mounjaro (started at 2.5, now at 5) has had the desired affect of keeping my blood sugar down and steadier, but I am losing too much weight, I think. I was about 157 and now am 144 and all my pants are too big. And I am never hungry. Most food gives me the ick and I definitely don't feel like cooking or going out. If I do eat, I only eat about half of a serving. When I do want to eat, it is still carbs. Not necessarily sweet things, but say an English muffin.I realize these outcomes are desirable for a lot of people, but I don't know how to balance things out. Should I just force myself to eat even though it makes me feel sick?I should add that I am also depressed and anxious. I am seeing my doctor on Friday. I just needed to talk to people who might understand before then. Thank you in advance.",2026-05-13,https://old.reddit.com/r/diabetes_t2/comments/1tc7dxk/losing_too_much_weight/,diabetes_t2,"For context, I have been T2 for about eight years, maintaining A1c with Metformin, diet and exercise. After my husband died, I started eating whatever made me feel better, like cake and pudding and pasta, etc. I was still not overweight but my A1c went up. So we started Bydureon and now Mounjaro.The Mounjaro started at 2.5, now at 5 has had the desired affect of keeping my blood sugar down and steadier, but I am losing too much weight, I think. I was about 157 and now am 144 and all my pants are too big. And I am never hungry. Most food gives me the ick and I definitely don't feel like cooking or going out. If I do eat, I only eat about half of a serving. When I do want to eat, it is still carbs. Not necessarily sweet things, but say an English muffin.I realize these outcomes are desirable for a lot of people, but I don't know how to balance things out. Should I just force myself to eat even though it makes me feel sick?I should add that I am also depressed and anxious. I am seeing my doctor on Friday. I just needed to talk to people who might understand before then. Thank you in advance."
Huge spike during heavy exercise?,"I play tennis. In the past I've used the finger-prick manual blood check and noticed that playing tennis raises my glucose levels, or at least doesn't make it go down like you would expect. I got a CGM recently and so now that the outdoor tennis season has started I've been able to monitor my glucose level during a match. When I played doubles, it went down, but when I played singles, where I run a lot harder, it has shot up.This past Saturday I played a really tough 3-set battle. We played for over two hours and my whole body hurt afterwards. (This is normal, I'm in my 50's.) But I was looking at my glucose during the match, and about an hour in, it shot up to over 200 and stayed there for the rest of the match. (Before that, I hadn't been over 200 the whole time I've been wearing the CGM.) I kinda wish I didn't see it because I was freaking out and it made me want to just finish the match quicker so I could bring my glucose level down. It was my first really hard workout of the year, and I wonder if this was just because I'm not in shape yet?As soon as I finished playing, it started to come down, and dropped all the way down the 64 an hour later (which is SUPER LOW for me, maybe even a record low.) Then it bounced back up to a more ""normal"" level for me.Anyway, any other T2 diabetics have this issue? Does your glucose shoot way up when you work out? I've read that having it shoot up and then come down is worse for you than just having it more level throughout the day. Any insights or advice? I'm not going to stop playing tennis, because I know it's good for me in a lot of other ways.",2026-05-13,https://old.reddit.com/r/diabetes_t2/comments/1tc5hnl/huge_spike_during_heavy_exercise/,diabetes_t2,"I play tennis. In the past I've used the finger-prick manual blood check and noticed that playing tennis raises my glucose levels, or at least doesn't make it go down like you would expect. I got a CGM recently and so now that the outdoor tennis season has started I've been able to monitor my glucose level during a match. When I played doubles, it went down, but when I played singles, where I run a lot harder, it has shot up.This past Saturday I played a really tough 3-set battle. We played for over two hours and my whole body hurt afterwards. This is normal, I'm in my 50's. But I was looking at my glucose during the match, and about an hour in, it shot up to over 200 and stayed there for the rest of the match. Before that, I hadn't been over 200 the whole time I've been wearing the CGM. I kinda wish I didn't see it because I was freaking out and it made me want to just finish the match quicker so I could bring my glucose level down. It was my first really hard workout of the year, and I wonder if this was just because I'm not in shape yet?As soon as I finished playing, it started to come down, and dropped all the way down the 64 an hour later which is SUPER LOW for me, maybe even a record low. Then it bounced back up to a more ""normal"" level for me.Anyway, any other T2 diabetics have this issue? Does your glucose shoot way up when you work out? I've read that having it shoot up and then come down is worse for you than just having it more level throughout the day. Any insights or advice? I'm not going to stop playing tennis, because I know it's good for me in a lot of other ways."
Problems digesting food properly and metformin,"Hi everyone I’m type 2 as of March 17th this year and still slowly figuring things out but I’m slightly concerned as sometimes when i eat i feel that the food isn’t digested properly and just sits in my throat causing constant burping and attempting to “swallow” now where the metformin (500mg extended release i believe )comes into play is I’m supposed to have it with evening meals (sometimes i forget because i don’t always eat dinner so i try to take  it the next morning after a meal) I already have a phobia of pills getting stuck in my throat , what can i do to make it easier? I see my pcp next month",2026-05-13,https://old.reddit.com/r/diabetes_t2/comments/1tc2d4m/problems_digesting_food_properly_and_metformin/,diabetes_t2,"Hi everyone I m type 2 as of March 17th this year and still slowly figuring things out but I m slightly concerned as sometimes when i eat i feel that the food isn t digested properly and just sits in my throat causing constant burping and attempting to swallow now where the metformin 500mg extended release i believe comes into play is I m supposed to have it with evening meals sometimes i forget because i don t always eat dinner so i try to take it the next morning after a meal I already have a phobia of pills getting stuck in my throat , what can i do to make it easier? I see my pcp next month"
